date,score
2018-02-01 00:00:00,30.0
2018-02-02 00:00:00,15.0
2018-02-03 00:00:00,40.0
2018-02-04 00:00:00,24.0
2018-02-05 00:00:00,11.0
2018-02-06 00:00:00,8.0
2018-02-07 00:00:00,36.0
2018-02-08 00:00:00,30.0
2018-02-09 00:00:00,44.0
2018-02-10 00:00:00,54.0
2018-02-11 00:00:00,31.0
2018-02-12 00:00:00,42.0
2018-02-13 00:00:00,35.0
2018-02-14 00:00:00,55.0
2018-02-15 00:00:00,71.0
2018-02-16 00:00:00,67.0
2018-02-17 00:00:00,74.0
2018-02-18 00:00:00,63.0
2018-02-19 00:00:00,67.0
2018-02-20 00:00:00,74.0
2018-02-21 00:00:00,54.0
2018-02-22 00:00:00,44.0
2018-02-23 00:00:00,39.0
2018-02-24 00:00:00,31.0
2018-02-25 00:00:00,33.0
2018-02-26 00:00:00,37.0
2018-02-27 00:00:00,44.0
2018-02-28 00:00:00,41.0
2018-03-01 00:00:00,38.0
2018-03-02 00:00:00,47.0
2018-03-03 00:00:00,56.0
2018-03-04 00:00:00,44.0
2018-03-05 00:00:00,55.0
2018-03-06 00:00:00,59.0
2018-03-07 00:00:00,37.0
2018-03-08 00:00:00,39.0
2018-03-09 00:00:00,37.0
2018-03-10 00:00:00,39.0
2018-03-11 00:00:00,40.0
2018-03-12 00:00:00,41.0
2018-03-13 00:00:00,41.0
2018-03-14 00:00:00,40.0
2018-03-15 00:00:00,32.0
2018-03-16 00:00:00,33.0
2018-03-17 00:00:00,31.0
2018-03-18 00:00:00,29.0
2018-03-19 00:00:00,29.0
2018-03-20 00:00:00,37.0
2018-03-21 00:00:00,36.0
2018-03-22 00:00:00,36.0
2018-03-23 00:00:00,28.0
2018-03-24 00:00:00,32.0
2018-03-25 00:00:00,30.0
2018-03-26 00:00:00,31.0
2018-03-27 00:00:00,24.0
2018-03-28 00:00:00,24.0
2018-03-29 00:00:00,18.0
2018-03-30 00:00:00,12.0
2018-03-31 00:00:00,16.0
2018-04-01 00:00:00,16.0
2018-04-02 00:00:00,11.0
2018-04-03 00:00:00,22.0
2018-04-04 00:00:00,22.0
2018-04-05 00:00:00,17.0
2018-04-06 00:00:00,19.0
2018-04-07 00:00:00,20.0
2018-04-08 00:00:00,17.0
2018-04-09 00:00:00,21.0
2018-04-10 00:00:00,18.0
2018-04-11 00:00:00,20.0
2018-04-12 00:00:00,18.0
2018-04-13 00:00:00,23.0
2018-04-17 00:00:00,26.0
2018-04-18 00:00:00,24.0
2018-04-19 00:00:00,25.0
2018-04-20 00:00:00,26.0
2018-04-21 00:00:00,32.0
2018-04-22 00:00:00,31.0
2018-04-23 00:00:00,28.0
2018-04-24 00:00:00,29.0
2018-04-25 00:00:00,64.0
2018-04-26 00:00:00,47.0
2018-04-27 00:00:00,55.0
2018-04-28 00:00:00,54.0
2018-04-29 00:00:00,61.0
2018-04-30 00:00:00,59.0
2018-05-01 00:00:00,56.0
2018-05-02 00:00:00,52.0
2018-05-03 00:00:00,55.0
2018-05-04 00:00:00,56.0
2018-05-05 00:00:00,63.0
2018-05-06 00:00:00,67.0
2018-05-07 00:00:00,56.0
2018-05-08 00:00:00,62.0
2018-05-09 00:00:00,53.0
2018-05-10 00:00:00,63.0
2018-05-11 00:00:00,41.0
2018-05-12 00:00:00,44.0
2018-05-13 00:00:00,40.0
2018-05-14 00:00:00,40.0
2018-05-15 00:00:00,40.0
2018-05-16 00:00:00,32.0
2018-05-17 00:00:00,31.0
2018-05-18 00:00:00,37.0
2018-05-19 00:00:00,31.0
2018-05-20 00:00:00,32.0
2018-05-21 00:00:00,41.0
2018-05-22 00:00:00,30.0
2018-05-23 00:00:00,26.0
2018-05-24 00:00:00,27.0
2018-05-25 00:00:00,25.0
2018-05-26 00:00:00,23.0
2018-05-27 00:00:00,19.0
2018-05-28 00:00:00,22.0
2018-05-29 00:00:00,16.0
2018-05-30 00:00:00,38.0
2018-05-31 00:00:00,25.0
2018-06-01 00:00:00,24.0
2018-06-02 00:00:00,27.0
2018-06-03 00:00:00,40.0
2018-06-04 00:00:00,41.0
2018-06-05 00:00:00,26.0
2018-06-06 00:00:00,42.0
2018-06-07 00:00:00,38.0
2018-06-08 00:00:00,40.0
2018-06-09 00:00:00,39.0
2018-06-10 00:00:00,24.0
2018-06-11 00:00:00,15.0
2018-06-12 00:00:00,19.0
2018-06-13 00:00:00,19.0
2018-06-14 00:00:00,17.0
2018-06-15 00:00:00,26.0
2018-06-16 00:00:00,22.0
2018-06-17 00:00:00,23.0
2018-06-18 00:00:00,27.0
2018-06-19 00:00:00,32.0
2018-06-20 00:00:00,34.0
2018-06-21 00:00:00,37.0
2018-06-22 00:00:00,28.0
2018-06-23 00:00:00,17.0
2018-06-24 00:00:00,15.0
2018-06-25 00:00:00,16.0
2018-06-26 00:00:00,21.0
2018-06-27 00:00:00,18.0
2018-06-28 00:00:00,20.0
2018-06-29 00:00:00,16.0
2018-06-30 00:00:00,22.0
2018-07-01 00:00:00,27.0
2018-07-02 00:00:00,27.0
2018-07-03 00:00:00,31.0
2018-07-04 00:00:00,33.0
2018-07-05 00:00:00,37.0
2018-07-06 00:00:00,34.0
2018-07-07 00:00:00,34.0
2018-07-08 00:00:00,38.0
2018-07-09 00:00:00,39.0
2018-07-10 00:00:00,37.0
2018-07-11 00:00:00,29.0
2018-07-12 00:00:00,33.0
2018-07-13 00:00:00,29.0
2018-07-14 00:00:00,29.0
2018-07-15 00:00:00,32.0
2018-07-16 00:00:00,36.0
2018-07-17 00:00:00,39.0
2018-07-18 00:00:00,42.0
2018-07-19 00:00:00,44.0
2018-07-20 00:00:00,47.0
2018-07-21 00:00:00,43.0
2018-07-22 00:00:00,46.0
2018-07-23 00:00:00,44.0
2018-07-24 00:00:00,49.0
2018-07-25 00:00:00,54.0
2018-07-26 00:00:00,53.0
2018-07-27 00:00:00,47.0
2018-07-28 00:00:00,54.0
2018-07-29 00:00:00,54.0
2018-07-30 00:00:00,53.0
2018-07-31 00:00:00,48.0
2018-08-01 00:00:00,39.0
2018-08-02 00:00:00,39.0
2018-08-03 00:00:00,36.0
2018-08-04 00:00:00,31.0
2018-08-05 00:00:00,23.0
2018-08-06 00:00:00,25.0
2018-08-07 00:00:00,25.0
2018-08-08 00:00:00,23.0
2018-08-09 00:00:00,19.0
2018-08-10 00:00:00,21.0
2018-08-11 00:00:00,18.0
2018-08-12 00:00:00,18.0
2018-08-13 00:00:00,21.0
2018-08-14 00:00:00,16.0
2018-08-15 00:00:00,18.0
2018-08-16 00:00:00,21.0
2018-08-17 00:00:00,19.0
2018-08-18 00:00:00,24.0
2018-08-19 00:00:00,27.0
2018-08-20 00:00:00,26.0
2018-08-21 00:00:00,19.0
2018-08-22 00:00:00,21.0
2018-08-23 00:00:00,18.0
2018-08-24 00:00:00,19.0
2018-08-25 00:00:00,22.0
2018-08-26 00:00:00,19.0
2018-08-27 00:00:00,18.0
2018-08-28 00:00:00,19.0
2018-08-29 00:00:00,19.0
2018-08-30 00:00:00,22.0
2018-08-31 00:00:00,17.0
2018-09-01 00:00:00,21.0
2018-09-02 00:00:00,18.0
2018-09-03 00:00:00,19.0
2018-09-04 00:00:00,26.0
2018-09-05 00:00:00,17.0
2018-09-06 00:00:00,14.0
2018-09-07 00:00:00,17.0
2018-09-08 00:00:00,18.0
2018-09-09 00:00:00,13.0
2018-09-10 00:00:00,15.0
2018-09-11 00:00:00,18.0
2018-09-12 00:00:00,14.0
2018-09-13 00:00:00,20.0
2018-09-14 00:00:00,23.0
2018-09-15 00:00:00,24.0
2018-09-16 00:00:00,28.0
2018-09-17 00:00:00,25.0
2018-09-18 00:00:00,21.0
2018-09-19 00:00:00,24.0
2018-09-20 00:00:00,24.0
2018-09-21 00:00:00,31.0
2018-09-22 00:00:00,35.0
2018-09-23 00:00:00,38.0
2018-09-24 00:00:00,43.0
2018-09-25 00:00:00,37.0
2018-09-26 00:00:00,37.0
2018-09-27 00:00:00,42.0
2018-09-28 00:00:00,42.0
2018-09-29 00:00:00,37.0
2018-09-30 00:00:00,34.0
2018-10-01 00:00:00,35.0
2018-10-02 00:00:00,33.0
2018-10-03 00:00:00,36.0
2018-10-04 00:00:00,29.0
2018-10-05 00:00:00,37.0
2018-10-06 00:00:00,34.0
2018-10-07 00:00:00,29.0
2018-10-08 00:00:00,26.0
2018-10-09 00:00:00,31.0
2018-10-10 00:00:00,28.0
2018-10-11 00:00:00,19.0
2018-10-12 00:00:00,13.0
2018-10-13 00:00:00,15.0
2018-10-14 00:00:00,18.0
2018-10-15 00:00:00,20.0
2018-10-16 00:00:00,24.0
2018-10-17 00:00:00,23.0
2018-10-18 00:00:00,26.0
2018-10-19 00:00:00,24.0
2018-10-20 00:00:00,21.0
2018-10-21 00:00:00,21.0
2018-10-22 00:00:00,27.0
2018-10-23 00:00:00,24.0
2018-10-24 00:00:00,23.0
2018-10-25 00:00:00,25.0
2018-10-26 00:00:00,29.0
2018-10-27 00:00:00,33.0
2018-10-28 00:00:00,35.0
2018-10-29 00:00:00,34.0
2018-10-30 00:00:00,31.0
2018-10-31 00:00:00,32.0
2018-11-01 00:00:00,29.0
2018-11-02 00:00:00,36.0
2018-11-03 00:00:00,36.0
2018-11-04 00:00:00,41.0
2018-11-05 00:00:00,42.0
2018-11-06 00:00:00,42.0
2018-11-07 00:00:00,48.0
2018-11-08 00:00:00,51.0
2018-11-09 00:00:00,47.0
2018-11-10 00:00:00,52.0
2018-11-11 00:00:00,54.0
2018-11-12 00:00:00,52.0
2018-11-13 00:00:00,56.0
2018-11-14 00:00:00,49.0
2018-11-15 00:00:00,28.0
2018-11-16 00:00:00,23.0
2018-11-17 00:00:00,24.0
2018-11-18 00:00:00,26.0
2018-11-19 00:00:00,28.0
2018-11-20 00:00:00,21.0
2018-11-21 00:00:00,15.0
2018-11-22 00:00:00,14.0
2018-11-23 00:00:00,12.0
2018-11-24 00:00:00,15.0
2018-11-25 00:00:00,9.0
2018-11-26 00:00:00,17.0
2018-11-27 00:00:00,11.0
2018-11-28 00:00:00,14.0
2018-11-29 00:00:00,18.0
2018-11-30 00:00:00,19.0
2018-12-01 00:00:00,13.0
2018-12-02 00:00:00,15.0
2018-12-03 00:00:00,17.0
2018-12-04 00:00:00,12.0
2018-12-05 00:00:00,19.0
2018-12-06 00:00:00,13.0
2018-12-07 00:00:00,11.0
2018-12-08 00:00:00,11.0
2018-12-09 00:00:00,14.0
2018-12-10 00:00:00,19.0
2018-12-11 00:00:00,15.0
2018-12-12 00:00:00,14.0
2018-12-13 00:00:00,14.0
2018-12-14 00:00:00,10.0
2018-12-15 00:00:00,11.0
2018-12-16 00:00:00,13.0
2018-12-17 00:00:00,17.0
2018-12-18 00:00:00,23.0
2018-12-19 00:00:00,21.0
2018-12-20 00:00:00,27.0
2018-12-21 00:00:00,35.0
2018-12-22 00:00:00,28.0
2018-12-23 00:00:00,31.0
2018-12-24 00:00:00,25.0
2018-12-25 00:00:00,33.0
2018-12-26 00:00:00,26.0
2018-12-27 00:00:00,29.0
2018-12-28 00:00:00,21.0
2018-12-29 00:00:00,24.0
2018-12-30 00:00:00,23.0
2018-12-31 00:00:00,26.0
2019-01-01 00:00:00,24.0
2019-01-02 00:00:00,30.0
2019-01-03 00:00:00,33.0
2019-01-04 00:00:00,48.0
2019-01-05 00:00:00,36.0
2019-01-06 00:00:00,31.0
2019-01-07 00:00:00,39.0
2019-01-08 00:00:00,39.0
2019-01-09 00:00:00,42.0
2019-01-10 00:00:00,37.0
2019-01-11 00:00:00,19.0
2019-01-12 00:00:00,22.0
2019-01-13 00:00:00,21.0
2019-01-14 00:00:00,16.0
2019-01-15 00:00:00,27.0
2019-01-16 00:00:00,24.0
2019-01-17 00:00:00,28.0
2019-01-18 00:00:00,29.0
2019-01-19 00:00:00,31.0
2019-01-20 00:00:00,35.0
2019-01-21 00:00:00,30.0
2019-01-22 00:00:00,27.0
2019-01-23 00:00:00,33.0
2019-01-24 00:00:00,37.0
2019-01-25 00:00:00,35.0
2019-01-26 00:00:00,41.0
2019-01-27 00:00:00,39.0
2019-01-28 00:00:00,35.0
2019-01-29 00:00:00,21.0
2019-01-30 00:00:00,22.0
2019-01-31 00:00:00,17.0
2019-02-01 00:00:00,23.0
2019-02-02 00:00:00,22.0
2019-02-03 00:00:00,19.0
2019-02-04 00:00:00,27.0
2019-02-05 00:00:00,21.0
2019-02-06 00:00:00,14.0
2019-02-07 00:00:00,18.0
2019-02-08 00:00:00,37.0
2019-02-09 00:00:00,42.0
2019-02-10 00:00:00,40.0
2019-02-11 00:00:00,46.0
2019-02-12 00:00:00,38.0
2019-02-13 00:00:00,48.0
2019-02-14 00:00:00,48.0
2019-02-15 00:00:00,43.0
2019-02-16 00:00:00,43.0
2019-02-17 00:00:00,38.0
2019-02-18 00:00:00,63.0
2019-02-19 00:00:00,65.0
2019-02-20 00:00:00,59.0
2019-02-21 00:00:00,59.0
2019-02-22 00:00:00,61.0
2019-02-23 00:00:00,63.0
2019-02-24 00:00:00,69.0
2019-02-25 00:00:00,47.0
2019-02-26 00:00:00,40.0
2019-02-27 00:00:00,39.0
2019-02-28 00:00:00,39.0
2019-03-01 00:00:00,42.0
2019-03-02 00:00:00,41.0
2019-03-03 00:00:00,44.0
2019-03-04 00:00:00,36.0
2019-03-05 00:00:00,35.0
2019-03-06 00:00:00,42.0
2019-03-07 00:00:00,56.0
2019-03-08 00:00:00,54.0
2019-03-09 00:00:00,55.0
2019-03-10 00:00:00,55.0
2019-03-11 00:00:00,56.0
2019-03-12 00:00:00,56.0
2019-03-13 00:00:00,54.0
2019-03-14 00:00:00,55.0
2019-03-15 00:00:00,55.0
2019-03-16 00:00:00,54.0
2019-03-17 00:00:00,58.0
2019-03-18 00:00:00,56.0
2019-03-19 00:00:00,56.0
2019-03-20 00:00:00,55.0
2019-03-21 00:00:00,62.0
2019-03-22 00:00:00,56.0
2019-03-23 00:00:00,50.0
2019-03-24 00:00:00,44.0
2019-03-25 00:00:00,46.0
2019-03-26 00:00:00,43.0
2019-03-27 00:00:00,44.0
2019-03-28 00:00:00,49.0
2019-03-29 00:00:00,50.0
2019-03-30 00:00:00,57.0
2019-03-31 00:00:00,56.0
2019-04-01 00:00:00,62.0
2019-04-02 00:00:00,60.0
2019-04-03 00:00:00,71.0
2019-04-04 00:00:00,61.0
2019-04-05 00:00:00,59.0
2019-04-06 00:00:00,65.0
2019-04-07 00:00:00,69.0
2019-04-08 00:00:00,65.0
2019-04-09 00:00:00,64.0
2019-04-10 00:00:00,62.0
2019-04-11 00:00:00,65.0
2019-04-12 00:00:00,42.0
2019-04-13 00:00:00,62.0
2019-04-14 00:00:00,51.0
2019-04-15 00:00:00,60.0
2019-04-16 00:00:00,50.0
2019-04-17 00:00:00,61.0
2019-04-18 00:00:00,64.0
2019-04-19 00:00:00,61.0
2019-04-20 00:00:00,62.0
2019-04-21 00:00:00,62.0
2019-04-22 00:00:00,61.0
2019-04-23 00:00:00,68.0
2019-04-24 00:00:00,65.0
2019-04-25 00:00:00,58.0
2019-04-26 00:00:00,41.0
2019-04-27 00:00:00,42.0
2019-04-28 00:00:00,40.0
2019-04-29 00:00:00,42.0
2019-04-30 00:00:00,42.0
2019-05-01 00:00:00,51.0
2019-05-02 00:00:00,50.0
2019-05-03 00:00:00,63.0
2019-05-04 00:00:00,66.0
2019-05-05 00:00:00,67.0
2019-05-06 00:00:00,57.0
2019-05-07 00:00:00,69.0
2019-05-08 00:00:00,63.0
2019-05-09 00:00:00,69.0
2019-05-10 00:00:00,71.0
2019-05-11 00:00:00,76.0
2019-05-12 00:00:00,75.0
2019-05-13 00:00:00,78.0
2019-05-14 00:00:00,78.0
2019-05-15 00:00:00,77.0
2019-05-16 00:00:00,75.0
2019-05-17 00:00:00,65.0
2019-05-18 00:00:00,67.0
2019-05-19 00:00:00,70.0
2019-05-20 00:00:00,73.0
2019-05-21 00:00:00,68.0
2019-05-22 00:00:00,69.0
2019-05-23 00:00:00,65.0
2019-05-24 00:00:00,64.0
2019-05-25 00:00:00,69.0
2019-05-26 00:00:00,67.0
2019-05-27 00:00:00,70.0
2019-05-28 00:00:00,71.0
2019-05-29 00:00:00,71.0
2019-05-30 00:00:00,73.0
2019-05-31 00:00:00,61.0
2019-06-01 00:00:00,62.0
2019-06-02 00:00:00,63.0
2019-06-03 00:00:00,66.0
2019-06-04 00:00:00,42.0
2019-06-05 00:00:00,27.0
2019-06-06 00:00:00,34.0
2019-06-07 00:00:00,27.0
2019-06-08 00:00:00,62.0
2019-06-09 00:00:00,62.0
2019-06-10 00:00:00,46.0
2019-06-11 00:00:00,61.0
2019-06-12 00:00:00,60.0
2019-06-13 00:00:00,63.0
2019-06-14 00:00:00,67.0
2019-06-15 00:00:00,75.0
2019-06-16 00:00:00,80.0
2019-06-17 00:00:00,84.0
2019-06-18 00:00:00,83.0
2019-06-19 00:00:00,82.0
2019-06-20 00:00:00,81.0
2019-06-21 00:00:00,84.0
2019-06-22 00:00:00,83.0
2019-06-23 00:00:00,84.0
2019-06-24 00:00:00,80.0
2019-06-25 00:00:00,87.0
2019-06-26 00:00:00,95.0
2019-06-27 00:00:00,92.0
2019-06-28 00:00:00,62.0
2019-06-29 00:00:00,74.0
2019-06-30 00:00:00,78.0
2019-07-01 00:00:00,65.0
2019-07-02 00:00:00,63.0
2019-07-03 00:00:00,79.0
2019-07-04 00:00:00,76.0
2019-07-05 00:00:00,67.0
2019-07-06 00:00:00,72.0
2019-07-07 00:00:00,67.0
2019-07-08 00:00:00,74.0
2019-07-09 00:00:00,84.0
2019-07-10 00:00:00,83.0
2019-07-11 00:00:00,62.0
2019-07-12 00:00:00,33.0
2019-07-13 00:00:00,65.0
2019-07-14 00:00:00,61.0
2019-07-15 00:00:00,16.0
2019-07-16 00:00:00,34.0
2019-07-17 00:00:00,19.0
2019-07-18 00:00:00,40.0
2019-07-19 00:00:00,42.0
2019-07-20 00:00:00,34.0
2019-07-21 00:00:00,42.0
2019-07-22 00:00:00,42.0
2019-07-23 00:00:00,40.0
2019-07-24 00:00:00,20.0
2019-07-25 00:00:00,42.0
2019-07-26 00:00:00,24.0
2019-07-27 00:00:00,47.0
2019-07-28 00:00:00,16.0
2019-07-29 00:00:00,19.0
2019-07-30 00:00:00,22.0
2019-07-31 00:00:00,31.0
2019-08-01 00:00:00,57.0
2019-08-02 00:00:00,61.0
2019-08-03 00:00:00,61.0
2019-08-04 00:00:00,62.0
2019-08-05 00:00:00,64.0
2019-08-06 00:00:00,66.0
2019-08-07 00:00:00,45.0
2019-08-08 00:00:00,61.0
2019-08-09 00:00:00,60.0
2019-08-10 00:00:00,59.0
2019-08-11 00:00:00,45.0
2019-08-12 00:00:00,48.0
2019-08-13 00:00:00,45.0
2019-08-14 00:00:00,11.0
2019-08-15 00:00:00,13.0
2019-08-16 00:00:00,31.0
2019-08-17 00:00:00,20.0
2019-08-18 00:00:00,14.0
2019-08-19 00:00:00,30.0
2019-08-20 00:00:00,39.0
2019-08-21 00:00:00,11.0
2019-08-22 00:00:00,5.0
2019-08-23 00:00:00,33.0
2019-08-24 00:00:00,39.0
2019-08-25 00:00:00,33.0
2019-08-26 00:00:00,41.0
2019-08-27 00:00:00,30.0
2019-08-28 00:00:00,32.0
2019-08-29 00:00:00,20.0
2019-08-30 00:00:00,24.0
2019-08-31 00:00:00,20.0
2019-09-01 00:00:00,24.0
2019-09-02 00:00:00,28.0
2019-09-03 00:00:00,41.0
2019-09-04 00:00:00,43.0
2019-09-05 00:00:00,41.0
2019-09-06 00:00:00,43.0
2019-09-07 00:00:00,39.0
2019-09-08 00:00:00,43.0
2019-09-09 00:00:00,41.0
2019-09-10 00:00:00,41.0
2019-09-11 00:00:00,38.0
2019-09-12 00:00:00,39.0
2019-09-13 00:00:00,38.0
2019-09-14 00:00:00,39.0
2019-09-15 00:00:00,38.0
2019-09-16 00:00:00,38.0
2019-09-17 00:00:00,41.0
2019-09-18 00:00:00,38.0
2019-09-19 00:00:00,31.0
2019-09-20 00:00:00,41.0
2019-09-21 00:00:00,37.0
2019-09-22 00:00:00,37.0
2019-09-23 00:00:00,41.0
2019-09-24 00:00:00,39.0
2019-09-25 00:00:00,15.0
2019-09-26 00:00:00,12.0
2019-09-27 00:00:00,24.0
2019-09-28 00:00:00,32.0
2019-09-29 00:00:00,33.0
2019-09-30 00:00:00,27.0
2019-10-01 00:00:00,38.0
2019-10-02 00:00:00,39.0
2019-10-03 00:00:00,37.0
2019-10-04 00:00:00,30.0
2019-10-05 00:00:00,31.0
2019-10-06 00:00:00,32.0
2019-10-07 00:00:00,27.0
2019-10-08 00:00:00,39.0
2019-10-09 00:00:00,37.0
2019-10-10 00:00:00,41.0
2019-10-11 00:00:00,39.0
2019-10-12 00:00:00,38.0
2019-10-13 00:00:00,38.0
2019-10-14 00:00:00,37.0
2019-10-15 00:00:00,39.0
2019-10-16 00:00:00,40.0
2019-10-17 00:00:00,40.0
2019-10-18 00:00:00,40.0
2019-10-19 00:00:00,41.0
2019-10-20 00:00:00,37.0
2019-10-21 00:00:00,37.0
2019-10-22 00:00:00,39.0
2019-10-23 00:00:00,33.0
2019-10-24 00:00:00,20.0
2019-10-25 00:00:00,24.0
2019-10-26 00:00:00,53.0
2019-10-27 00:00:00,50.0
2019-10-28 00:00:00,52.0
2019-10-29 00:00:00,54.0
2019-10-30 00:00:00,53.0
2019-10-31 00:00:00,50.0
2019-11-01 00:00:00,49.0
2019-11-02 00:00:00,51.0
2019-11-03 00:00:00,56.0
2019-11-04 00:00:00,49.0
2019-11-05 00:00:00,54.0
2019-11-06 00:00:00,53.0
2019-11-07 00:00:00,54.0
2019-11-08 00:00:00,42.0
2019-11-09 00:00:00,38.0
2019-11-10 00:00:00,39.0
2019-11-11 00:00:00,40.0
2019-11-12 00:00:00,39.0
2019-11-13 00:00:00,38.0
2019-11-14 00:00:00,41.0
2019-11-15 00:00:00,38.0
2019-11-16 00:00:00,41.0
2019-11-17 00:00:00,38.0
2019-11-18 00:00:00,38.0
2019-11-19 00:00:00,32.0
2019-11-20 00:00:00,32.0
2019-11-21 00:00:00,30.0
2019-11-22 00:00:00,20.0
2019-11-23 00:00:00,23.0
2019-11-24 00:00:00,21.0
2019-11-25 00:00:00,17.0
2019-11-26 00:00:00,21.0
2019-11-27 00:00:00,20.0
2019-11-28 00:00:00,32.0
2019-11-29 00:00:00,31.0
2019-11-30 00:00:00,38.0
2019-12-01 00:00:00,25.0
2019-12-02 00:00:00,28.0
2019-12-03 00:00:00,28.0
2019-12-04 00:00:00,24.0
2019-12-05 00:00:00,21.0
2019-12-06 00:00:00,29.0
2019-12-07 00:00:00,32.0
2019-12-08 00:00:00,28.0
2019-12-09 00:00:00,32.0
2019-12-10 00:00:00,26.0
2019-12-11 00:00:00,20.0
2019-12-12 00:00:00,23.0
2019-12-13 00:00:00,22.0
2019-12-14 00:00:00,27.0
2019-12-15 00:00:00,21.0
2019-12-16 00:00:00,24.0
2019-12-17 00:00:00,23.0
2019-12-18 00:00:00,15.0
2019-12-19 00:00:00,21.0
2019-12-20 00:00:00,23.0
2019-12-21 00:00:00,23.0
2019-12-22 00:00:00,20.0
2019-12-23 00:00:00,33.0
2019-12-24 00:00:00,25.0
2019-12-25 00:00:00,22.0
2019-12-26 00:00:00,39.0
2019-12-27 00:00:00,38.0
2019-12-28 00:00:00,37.0
2019-12-29 00:00:00,37.0
2019-12-30 00:00:00,40.0
2019-12-31 00:00:00,38.0
2020-01-01 00:00:00,37.0
2020-01-02 00:00:00,39.0
2020-01-03 00:00:00,38.0
2020-01-04 00:00:00,38.0
2020-01-05 00:00:00,39.0
2020-01-06 00:00:00,41.0
2020-01-07 00:00:00,40.0
2020-01-08 00:00:00,51.0
2020-01-09 00:00:00,44.0
2020-01-10 00:00:00,41.0
2020-01-11 00:00:00,50.0
2020-01-12 00:00:00,45.0
2020-01-13 00:00:00,49.0
2020-01-14 00:00:00,56.0
2020-01-15 00:00:00,54.0
2020-01-16 00:00:00,55.0
2020-01-17 00:00:00,54.0
2020-01-18 00:00:00,51.0
2020-01-19 00:00:00,53.0
2020-01-20 00:00:00,48.0
2020-01-21 00:00:00,49.0
2020-01-22 00:00:00,52.0
2020-01-23 00:00:00,49.0
2020-01-24 00:00:00,40.0
2020-01-25 00:00:00,41.0
2020-01-26 00:00:00,42.0
2020-01-27 00:00:00,50.0
2020-01-28 00:00:00,54.0
2020-01-29 00:00:00,57.0
2020-01-30 00:00:00,57.0
2020-01-31 00:00:00,55.0
2020-02-01 00:00:00,57.0
2020-02-02 00:00:00,57.0
2020-02-03 00:00:00,59.0
2020-02-04 00:00:00,56.0
2020-02-05 00:00:00,53.0
2020-02-06 00:00:00,61.0
2020-02-07 00:00:00,56.0
2020-02-08 00:00:00,56.0
2020-02-09 00:00:00,56.0
2020-02-10 00:00:00,57.0
2020-02-11 00:00:00,52.0
2020-02-12 00:00:00,61.0
2020-02-13 00:00:00,65.0
2020-02-14 00:00:00,63.0
2020-02-15 00:00:00,64.0
2020-02-16 00:00:00,59.0
2020-02-17 00:00:00,49.0
2020-02-18 00:00:00,53.0
2020-02-19 00:00:00,50.0
2020-02-20 00:00:00,44.0
2020-02-21 00:00:00,44.0
2020-02-22 00:00:00,43.0
2020-02-23 00:00:00,46.0
2020-02-24 00:00:00,46.0
2020-02-25 00:00:00,44.0
2020-02-26 00:00:00,41.0
2020-02-27 00:00:00,39.0
2020-02-28 00:00:00,40.0
2020-02-29 00:00:00,38.0
2020-03-01 00:00:00,39.0
2020-03-02 00:00:00,38.0
2020-03-03 00:00:00,38.0
2020-03-04 00:00:00,40.0
2020-03-05 00:00:00,41.0
2020-03-06 00:00:00,39.0
2020-03-07 00:00:00,38.0
2020-03-08 00:00:00,33.0
2020-03-09 00:00:00,17.0
2020-03-10 00:00:00,16.0
2020-03-11 00:00:00,17.0
2020-03-12 00:00:00,14.0
2020-03-13 00:00:00,10.0
2020-03-14 00:00:00,8.0
2020-03-15 00:00:00,12.0
2020-03-16 00:00:00,9.0
2020-03-17 00:00:00,8.0
2020-03-18 00:00:00,11.0
2020-03-19 00:00:00,12.0
2020-03-20 00:00:00,9.0
2020-03-21 00:00:00,9.0
2020-03-22 00:00:00,11.0
2020-03-23 00:00:00,10.0
2020-03-24 00:00:00,12.0
2020-03-25 00:00:00,13.0
2020-03-26 00:00:00,14.0
2020-03-27 00:00:00,12.0
2020-03-28 00:00:00,8.0
2020-03-29 00:00:00,12.0
2020-03-30 00:00:00,10.0
2020-03-31 00:00:00,12.0
2020-04-01 00:00:00,12.0
2020-04-02 00:00:00,14.0
2020-04-03 00:00:00,14.0
2020-04-04 00:00:00,12.0
2020-04-05 00:00:00,12.0
2020-04-06 00:00:00,12.0
2020-04-07 00:00:00,20.0
2020-04-08 00:00:00,21.0
2020-04-09 00:00:00,22.0
2020-04-10 00:00:00,15.0
2020-04-11 00:00:00,15.0
2020-04-12 00:00:00,10.0
2020-04-13 00:00:00,11.0
2020-04-14 00:00:00,15.0
2020-04-15 00:00:00,18.0
2020-04-16 00:00:00,13.0
2020-04-17 00:00:00,15.0
2020-04-18 00:00:00,18.0
2020-04-19 00:00:00,16.0
2020-04-20 00:00:00,15.0
2020-04-21 00:00:00,17.0
2020-04-22 00:00:00,19.0
2020-04-23 00:00:00,19.0
2020-04-24 00:00:00,20.0
2020-04-25 00:00:00,24.0
2020-04-26 00:00:00,21.0
2020-04-27 00:00:00,28.0
2020-04-28 00:00:00,26.0
2020-04-29 00:00:00,26.0
2020-04-30 00:00:00,44.0
2020-05-01 00:00:00,40.0
2020-05-02 00:00:00,40.0
2020-05-03 00:00:00,45.0
2020-05-04 00:00:00,44.0
2020-05-05 00:00:00,40.0
2020-05-06 00:00:00,42.0
2020-05-07 00:00:00,49.0
2020-05-08 00:00:00,55.0
2020-05-09 00:00:00,56.0
2020-05-10 00:00:00,48.0
2020-05-11 00:00:00,40.0
2020-05-12 00:00:00,39.0
2020-05-13 00:00:00,41.0
2020-05-14 00:00:00,40.0
2020-05-15 00:00:00,44.0
2020-05-16 00:00:00,41.0
2020-05-17 00:00:00,40.0
2020-05-18 00:00:00,50.0
2020-05-19 00:00:00,50.0
2020-05-20 00:00:00,52.0
2020-05-21 00:00:00,49.0
2020-05-22 00:00:00,42.0
2020-05-23 00:00:00,40.0
2020-05-24 00:00:00,43.0
2020-05-25 00:00:00,41.0
2020-05-26 00:00:00,39.0
2020-05-27 00:00:00,39.0
2020-05-28 00:00:00,41.0
2020-05-29 00:00:00,48.0
2020-05-30 00:00:00,48.0
2020-05-31 00:00:00,51.0
2020-06-01 00:00:00,50.0
2020-06-02 00:00:00,56.0
2020-06-03 00:00:00,48.0
2020-06-04 00:00:00,54.0
2020-06-05 00:00:00,53.0
2020-06-06 00:00:00,54.0
2020-06-07 00:00:00,54.0
2020-06-08 00:00:00,53.0
2020-06-09 00:00:00,52.0
2020-06-10 00:00:00,54.0
2020-06-11 00:00:00,52.0
2020-06-12 00:00:00,38.0
2020-06-13 00:00:00,38.0
2020-06-14 00:00:00,40.0
2020-06-15 00:00:00,37.0
2020-06-16 00:00:00,39.0
2020-06-17 00:00:00,38.0
2020-06-18 00:00:00,40.0
2020-06-19 00:00:00,39.0
2020-06-20 00:00:00,38.0
2020-06-21 00:00:00,37.0
2020-06-22 00:00:00,38.0
2020-06-23 00:00:00,41.0
2020-06-24 00:00:00,50.0
2020-06-25 00:00:00,43.0
2020-06-26 00:00:00,40.0
2020-06-27 00:00:00,43.0
2020-06-28 00:00:00,40.0
2020-06-29 00:00:00,41.0
2020-06-30 00:00:00,44.0
2020-07-01 00:00:00,42.0
2020-07-02 00:00:00,42.0
2020-07-03 00:00:00,41.0
2020-07-04 00:00:00,40.0
2020-07-05 00:00:00,38.0
2020-07-06 00:00:00,40.0
2020-07-07 00:00:00,43.0
2020-07-08 00:00:00,44.0
2020-07-09 00:00:00,44.0
2020-07-10 00:00:00,41.0
2020-07-11 00:00:00,44.0
2020-07-12 00:00:00,41.0
2020-07-13 00:00:00,43.0
2020-07-14 00:00:00,43.0
2020-07-15 00:00:00,44.0
2020-07-16 00:00:00,43.0
2020-07-17 00:00:00,41.0
2020-07-18 00:00:00,44.0
2020-07-19 00:00:00,41.0
2020-07-20 00:00:00,44.0
2020-07-21 00:00:00,44.0
2020-07-22 00:00:00,50.0
2020-07-23 00:00:00,55.0
2020-07-24 00:00:00,53.0
2020-07-25 00:00:00,55.0
2020-07-26 00:00:00,55.0
2020-07-27 00:00:00,58.0
2020-07-28 00:00:00,76.0
2020-07-29 00:00:00,71.0
2020-07-30 00:00:00,76.0
2020-07-31 00:00:00,75.0
2020-08-01 00:00:00,75.0
2020-08-02 00:00:00,80.0
2020-08-03 00:00:00,75.0
2020-08-04 00:00:00,72.0
2020-08-05 00:00:00,75.0
2020-08-06 00:00:00,79.0
2020-08-07 00:00:00,77.0
2020-08-08 00:00:00,77.0
2020-08-09 00:00:00,79.0
2020-08-10 00:00:00,78.0
2020-08-11 00:00:00,84.0
2020-08-12 00:00:00,75.0
2020-08-13 00:00:00,75.0
2020-08-14 00:00:00,78.0
2020-08-15 00:00:00,79.0
2020-08-16 00:00:00,82.0
2020-08-17 00:00:00,83.0
2020-08-18 00:00:00,82.0
2020-08-19 00:00:00,80.0
2020-08-20 00:00:00,75.0
2020-08-21 00:00:00,81.0
2020-08-22 00:00:00,78.0
2020-08-23 00:00:00,76.0
2020-08-24 00:00:00,78.0
2020-08-25 00:00:00,75.0
2020-08-26 00:00:00,76.0
2020-08-27 00:00:00,75.0
2020-08-28 00:00:00,74.0
2020-08-29 00:00:00,79.0
2020-08-30 00:00:00,75.0
2020-08-31 00:00:00,75.0
2020-09-01 00:00:00,75.0
2020-09-02 00:00:00,83.0
2020-09-03 00:00:00,79.0
2020-09-04 00:00:00,40.0
2020-09-05 00:00:00,41.0
2020-09-06 00:00:00,41.0
2020-09-07 00:00:00,41.0
2020-09-08 00:00:00,41.0
2020-09-09 00:00:00,38.0
2020-09-10 00:00:00,38.0
2020-09-11 00:00:00,41.0
2020-09-12 00:00:00,41.0
2020-09-13 00:00:00,38.0
2020-09-14 00:00:00,39.0
2020-09-15 00:00:00,47.0
2020-09-16 00:00:00,43.0
2020-09-17 00:00:00,48.0
2020-09-18 00:00:00,49.0
2020-09-19 00:00:00,48.0
2020-09-20 00:00:00,52.0
2020-09-21 00:00:00,48.0
2020-09-22 00:00:00,39.0
2020-09-23 00:00:00,43.0
2020-09-24 00:00:00,39.0
2020-09-25 00:00:00,46.0
2020-09-26 00:00:00,45.0
2020-09-27 00:00:00,47.0
2020-09-28 00:00:00,43.0
2020-09-29 00:00:00,45.0
2020-09-30 00:00:00,49.0
2020-10-01 00:00:00,45.0
2020-10-02 00:00:00,41.0
2020-10-03 00:00:00,40.0
2020-10-04 00:00:00,42.0
2020-10-05 00:00:00,42.0
2020-10-06 00:00:00,47.0
2020-10-07 00:00:00,43.0
2020-10-08 00:00:00,46.0
2020-10-09 00:00:00,48.0
2020-10-10 00:00:00,53.0
2020-10-11 00:00:00,55.0
2020-10-12 00:00:00,52.0
2020-10-13 00:00:00,56.0
2020-10-14 00:00:00,53.0
2020-10-15 00:00:00,56.0
2020-10-16 00:00:00,52.0
2020-10-17 00:00:00,56.0
2020-10-18 00:00:00,55.0
2020-10-19 00:00:00,55.0
2020-10-20 00:00:00,56.0
2020-10-21 00:00:00,61.0
2020-10-22 00:00:00,73.0
2020-10-23 00:00:00,74.0
2020-10-24 00:00:00,73.0
2020-10-25 00:00:00,76.0
2020-10-26 00:00:00,75.0
2020-10-27 00:00:00,61.0
2020-10-28 00:00:00,70.0
2020-10-29 00:00:00,67.0
2020-10-30 00:00:00,74.0
2020-10-31 00:00:00,73.0
2020-11-01 00:00:00,72.0
2020-11-02 00:00:00,71.0
2020-11-03 00:00:00,71.0
2020-11-04 00:00:00,74.0
2020-11-05 00:00:00,72.0
2020-11-06 00:00:00,90.0
2020-11-07 00:00:00,88.0
2020-11-08 00:00:00,82.0
2020-11-09 00:00:00,90.0
2020-11-10 00:00:00,90.0
2020-11-11 00:00:00,86.0
2020-11-12 00:00:00,87.0
2020-11-13 00:00:00,89.0
2020-11-14 00:00:00,90.0
2020-11-15 00:00:00,86.0
2020-11-16 00:00:00,90.0
2020-11-17 00:00:00,86.0
2020-11-18 00:00:00,91.0
2020-11-19 00:00:00,94.0
2020-11-20 00:00:00,86.0
2020-11-21 00:00:00,91.0
2020-11-22 00:00:00,94.0
2020-11-23 00:00:00,90.0
2020-11-24 00:00:00,88.0
2020-11-25 00:00:00,94.0
2020-11-26 00:00:00,93.0
2020-11-27 00:00:00,86.0
2020-11-28 00:00:00,87.0
2020-11-29 00:00:00,89.0
2020-11-30 00:00:00,88.0
2020-12-01 00:00:00,95.0
2020-12-02 00:00:00,92.0
2020-12-03 00:00:00,92.0
2020-12-04 00:00:00,92.0
2020-12-05 00:00:00,93.0
2020-12-06 00:00:00,95.0
2020-12-07 00:00:00,94.0
2020-12-08 00:00:00,95.0
2020-12-09 00:00:00,86.0
2020-12-10 00:00:00,94.0
2020-12-11 00:00:00,89.0
2020-12-12 00:00:00,90.0
2020-12-13 00:00:00,91.0
2020-12-14 00:00:00,95.0
2020-12-15 00:00:00,91.0
2020-12-16 00:00:00,92.0
2020-12-17 00:00:00,92.0
2020-12-18 00:00:00,95.0
2020-12-19 00:00:00,93.0
2020-12-20 00:00:00,92.0
2020-12-21 00:00:00,92.0
2020-12-22 00:00:00,88.0
2020-12-23 00:00:00,93.0
2020-12-24 00:00:00,86.0
2020-12-25 00:00:00,94.0
2020-12-26 00:00:00,93.0
2020-12-27 00:00:00,91.0
2020-12-28 00:00:00,92.0
2020-12-29 00:00:00,91.0
2020-12-30 00:00:00,91.0
2020-12-31 00:00:00,95.0
2021-01-01 00:00:00,94.0
2021-01-02 00:00:00,94.0
2021-01-03 00:00:00,93.0
2021-01-04 00:00:00,94.0
2021-01-05 00:00:00,93.0
2021-01-06 00:00:00,95.0
2021-01-07 00:00:00,91.0
2021-01-08 00:00:00,93.0
2021-01-09 00:00:00,93.0
2021-01-10 00:00:00,94.0
2021-01-11 00:00:00,90.0
2021-01-12 00:00:00,84.0
2021-01-13 00:00:00,78.0
2021-01-14 00:00:00,83.0
2021-01-15 00:00:00,88.0
2021-01-16 00:00:00,84.0
2021-01-17 00:00:00,79.0
2021-01-18 00:00:00,79.0
2021-01-19 00:00:00,80.0
2021-01-20 00:00:00,78.0
2021-01-21 00:00:00,75.0
2021-01-22 00:00:00,40.0
2021-01-23 00:00:00,74.0
2021-01-24 00:00:00,70.0
2021-01-25 00:00:00,74.0
2021-01-26 00:00:00,71.0
2021-01-27 00:00:00,78.0
2021-01-28 00:00:00,55.0
2021-01-29 00:00:00,77.0
2021-01-30 00:00:00,76.0
2021-01-31 00:00:00,78.0
2021-02-01 00:00:00,77.0
2021-02-02 00:00:00,76.0
2021-02-03 00:00:00,78.0
2021-02-04 00:00:00,80.0
2021-02-05 00:00:00,81.0
2021-02-06 00:00:00,84.0
2021-02-07 00:00:00,86.0
2021-02-08 00:00:00,83.0
2021-02-09 00:00:00,95.0
2021-02-10 00:00:00,92.0
2021-02-11 00:00:00,93.0
2021-02-12 00:00:00,92.0
2021-02-13 00:00:00,92.0
2021-02-14 00:00:00,95.0
2021-02-15 00:00:00,93.0
2021-02-16 00:00:00,95.0
2021-02-17 00:00:00,95.0
2021-02-18 00:00:00,91.0
2021-02-19 00:00:00,93.0
2021-02-20 00:00:00,91.0
2021-02-21 00:00:00,91.0
2021-02-22 00:00:00,94.0
2021-02-23 00:00:00,94.0
2021-02-24 00:00:00,76.0
2021-02-25 00:00:00,79.0
2021-02-26 00:00:00,55.0
2021-02-27 00:00:00,56.0
2021-02-28 00:00:00,55.0
2021-03-01 00:00:00,38.0
2021-03-02 00:00:00,78.0
2021-03-03 00:00:00,78.0
2021-03-04 00:00:00,84.0
2021-03-05 00:00:00,77.0
2021-03-06 00:00:00,77.0
2021-03-07 00:00:00,76.0
2021-03-08 00:00:00,81.0
2021-03-09 00:00:00,81.0
2021-03-10 00:00:00,68.0
2021-03-11 00:00:00,73.0
2021-03-12 00:00:00,70.0
2021-03-13 00:00:00,74.0
2021-03-14 00:00:00,78.0
2021-03-15 00:00:00,76.0
2021-03-16 00:00:00,71.0
2021-03-17 00:00:00,71.0
2021-03-18 00:00:00,72.0
2021-03-19 00:00:00,71.0
2021-03-20 00:00:00,75.0
2021-03-21 00:00:00,73.0
2021-03-22 00:00:00,70.0
2021-03-23 00:00:00,66.0
2021-03-24 00:00:00,65.0
2021-03-25 00:00:00,60.0
2021-03-26 00:00:00,54.0
2021-03-27 00:00:00,65.0
2021-03-28 00:00:00,74.0
2021-03-29 00:00:00,72.0
2021-03-30 00:00:00,72.0
2021-03-31 00:00:00,76.0
2021-04-01 00:00:00,74.0
2021-04-02 00:00:00,74.0
2021-04-03 00:00:00,73.0
2021-04-04 00:00:00,74.0
2021-04-05 00:00:00,71.0
2021-04-06 00:00:00,75.0
2021-04-07 00:00:00,72.0
2021-04-08 00:00:00,73.0
2021-04-09 00:00:00,70.0
2021-04-10 00:00:00,70.0
2021-04-11 00:00:00,76.0
2021-04-12 00:00:00,74.0
2021-04-13 00:00:00,74.0
2021-04-14 00:00:00,75.0
2021-04-15 00:00:00,79.0
2021-04-16 00:00:00,78.0
2021-04-17 00:00:00,76.0
2021-04-18 00:00:00,79.0
2021-04-19 00:00:00,74.0
2021-04-20 00:00:00,73.0
2021-04-21 00:00:00,73.0
2021-04-22 00:00:00,65.0
2021-04-23 00:00:00,55.0
2021-04-24 00:00:00,37.0
2021-04-25 00:00:00,31.0
2021-04-26 00:00:00,27.0
2021-04-27 00:00:00,50.0
2021-04-28 00:00:00,59.0
2021-04-29 00:00:00,52.0
2021-04-30 00:00:00,51.0
2021-05-01 00:00:00,68.0
2021-05-02 00:00:00,66.0
2021-05-03 00:00:00,61.0
2021-05-04 00:00:00,68.0
2021-05-05 00:00:00,48.0
2021-05-06 00:00:00,65.0
2021-05-07 00:00:00,64.0
2021-05-08 00:00:00,67.0
2021-05-09 00:00:00,73.0
2021-05-10 00:00:00,72.0
2021-05-11 00:00:00,61.0
2021-05-12 00:00:00,68.0
2021-05-13 00:00:00,31.0
2021-05-14 00:00:00,26.0
2021-05-15 00:00:00,27.0
2021-05-16 00:00:00,20.0
2021-05-17 00:00:00,27.0
2021-05-18 00:00:00,21.0
2021-05-19 00:00:00,23.0
2021-05-20 00:00:00,11.0
2021-05-21 00:00:00,19.0
2021-05-22 00:00:00,12.0
2021-05-23 00:00:00,14.0
2021-05-24 00:00:00,10.0
2021-05-25 00:00:00,22.0
2021-05-26 00:00:00,22.0
2021-05-27 00:00:00,27.0
2021-05-28 00:00:00,21.0
2021-05-29 00:00:00,18.0
2021-05-30 00:00:00,10.0
2021-05-31 00:00:00,18.0
2021-06-01 00:00:00,20.0
2021-06-02 00:00:00,23.0
2021-06-03 00:00:00,24.0
2021-06-04 00:00:00,27.0
2021-06-05 00:00:00,24.0
2021-06-06 00:00:00,17.0
2021-06-07 00:00:00,15.0
2021-06-08 00:00:00,13.0
2021-06-09 00:00:00,14.0
2021-06-10 00:00:00,21.0
2021-06-11 00:00:00,21.0
2021-06-12 00:00:00,28.0
2021-06-13 00:00:00,23.0
2021-06-14 00:00:00,28.0
2021-06-15 00:00:00,38.0
2021-06-16 00:00:00,33.0
2021-06-17 00:00:00,26.0
2021-06-18 00:00:00,25.0
2021-06-19 00:00:00,23.0
2021-06-20 00:00:00,21.0
2021-06-21 00:00:00,23.0
2021-06-22 00:00:00,10.0
2021-06-23 00:00:00,14.0
2021-06-24 00:00:00,22.0
2021-06-25 00:00:00,27.0
2021-06-26 00:00:00,20.0
2021-06-27 00:00:00,22.0
2021-06-28 00:00:00,25.0
2021-06-29 00:00:00,25.0
2021-06-30 00:00:00,28.0
2021-07-01 00:00:00,28.0
2021-07-02 00:00:00,21.0
2021-07-03 00:00:00,24.0
2021-07-04 00:00:00,27.0
2021-07-05 00:00:00,29.0
2021-07-06 00:00:00,20.0
2021-07-07 00:00:00,28.0
2021-07-08 00:00:00,20.0
2021-07-09 00:00:00,20.0
2021-07-10 00:00:00,20.0
2021-07-11 00:00:00,20.0
2021-07-12 00:00:00,25.0
2021-07-13 00:00:00,20.0
2021-07-14 00:00:00,21.0
2021-07-15 00:00:00,20.0
2021-07-16 00:00:00,22.0
2021-07-17 00:00:00,15.0
2021-07-18 00:00:00,19.0
2021-07-19 00:00:00,24.0
2021-07-20 00:00:00,19.0
2021-07-21 00:00:00,10.0
2021-07-22 00:00:00,21.0
2021-07-23 00:00:00,23.0
2021-07-24 00:00:00,22.0
2021-07-25 00:00:00,27.0
2021-07-26 00:00:00,26.0
2021-07-27 00:00:00,32.0
2021-07-28 00:00:00,50.0
2021-07-29 00:00:00,50.0
2021-07-30 00:00:00,53.0
2021-07-31 00:00:00,60.0
2021-08-01 00:00:00,60.0
2021-08-02 00:00:00,48.0
2021-08-03 00:00:00,48.0
2021-08-04 00:00:00,42.0
2021-08-05 00:00:00,50.0
2021-08-06 00:00:00,52.0
2021-08-07 00:00:00,69.0
2021-08-08 00:00:00,74.0
2021-08-09 00:00:00,65.0
2021-08-10 00:00:00,71.0
2021-08-11 00:00:00,70.0
2021-08-12 00:00:00,70.0
2021-08-13 00:00:00,70.0
2021-08-14 00:00:00,76.0
2021-08-15 00:00:00,71.0
2021-08-16 00:00:00,72.0
2021-08-17 00:00:00,72.0
2021-08-18 00:00:00,73.0
2021-08-19 00:00:00,70.0
2021-08-20 00:00:00,70.0
2021-08-21 00:00:00,78.0
2021-08-22 00:00:00,76.0
2021-08-23 00:00:00,79.0
2021-08-24 00:00:00,79.0
2021-08-25 00:00:00,73.0
2021-08-26 00:00:00,75.0
2021-08-27 00:00:00,71.0
2021-08-28 00:00:00,78.0
2021-08-29 00:00:00,72.0
2021-08-30 00:00:00,73.0
2021-08-31 00:00:00,73.0
2021-09-01 00:00:00,71.0
2021-09-02 00:00:00,74.0
2021-09-03 00:00:00,74.0
2021-09-04 00:00:00,72.0
2021-09-05 00:00:00,73.0
2021-09-06 00:00:00,79.0
2021-09-07 00:00:00,79.0
2021-09-08 00:00:00,47.0
2021-09-09 00:00:00,45.0
2021-09-10 00:00:00,46.0
2021-09-11 00:00:00,31.0
2021-09-12 00:00:00,32.0
2021-09-13 00:00:00,44.0
2021-09-14 00:00:00,30.0
2021-09-15 00:00:00,49.0
2021-09-16 00:00:00,53.0
2021-09-17 00:00:00,48.0
2021-09-18 00:00:00,50.0
2021-09-19 00:00:00,53.0
2021-09-20 00:00:00,50.0
2021-09-21 00:00:00,27.0
2021-09-22 00:00:00,21.0
2021-09-23 00:00:00,27.0
2021-09-24 00:00:00,33.0
2021-09-25 00:00:00,28.0
2021-09-26 00:00:00,27.0
2021-09-27 00:00:00,26.0
2021-09-28 00:00:00,25.0
2021-09-29 00:00:00,24.0
2021-09-30 00:00:00,20.0
2021-10-01 00:00:00,27.0
2021-10-02 00:00:00,54.0
2021-10-03 00:00:00,49.0
2021-10-04 00:00:00,54.0
2021-10-05 00:00:00,59.0
2021-10-06 00:00:00,68.0
2021-10-07 00:00:00,76.0
2021-10-08 00:00:00,74.0
2021-10-09 00:00:00,72.0
2021-10-10 00:00:00,71.0
2021-10-11 00:00:00,71.0
2021-10-12 00:00:00,78.0
2021-10-13 00:00:00,70.0
2021-10-14 00:00:00,70.0
2021-10-15 00:00:00,71.0
2021-10-16 00:00:00,78.0
2021-10-17 00:00:00,79.0
2021-10-18 00:00:00,78.0
2021-10-19 00:00:00,75.0
2021-10-20 00:00:00,82.0
2021-10-21 00:00:00,84.0
2021-10-22 00:00:00,75.0
2021-10-23 00:00:00,74.0
2021-10-24 00:00:00,73.0
2021-10-25 00:00:00,72.0
2021-10-26 00:00:00,76.0
2021-10-27 00:00:00,73.0
2021-10-28 00:00:00,66.0
2021-10-29 00:00:00,70.0
2021-10-30 00:00:00,73.0
2021-10-31 00:00:00,74.0
2021-11-01 00:00:00,74.0
2021-11-02 00:00:00,73.0
2021-11-03 00:00:00,76.0
2021-11-04 00:00:00,73.0
2021-11-05 00:00:00,73.0
2021-11-06 00:00:00,71.0
2021-11-07 00:00:00,73.0
2021-11-08 00:00:00,75.0
2021-11-09 00:00:00,84.0
2021-11-10 00:00:00,75.0
2021-11-11 00:00:00,77.0
2021-11-12 00:00:00,74.0
2021-11-13 00:00:00,72.0
2021-11-14 00:00:00,74.0
2021-11-15 00:00:00,72.0
2021-11-16 00:00:00,71.0
2021-11-17 00:00:00,52.0
2021-11-18 00:00:00,54.0
2021-11-19 00:00:00,34.0
2021-11-20 00:00:00,43.0
2021-11-21 00:00:00,49.0
2021-11-22 00:00:00,50.0
2021-11-23 00:00:00,33.0
2021-11-24 00:00:00,42.0
2021-11-25 00:00:00,32.0
2021-11-26 00:00:00,47.0
2021-11-27 00:00:00,21.0
2021-11-28 00:00:00,27.0
2021-11-29 00:00:00,33.0
2021-11-30 00:00:00,40.0
2021-12-01 00:00:00,34.0
2021-12-02 00:00:00,32.0
2021-12-03 00:00:00,31.0
2021-12-04 00:00:00,25.0
2021-12-05 00:00:00,18.0
2021-12-06 00:00:00,16.0
2021-12-07 00:00:00,25.0
2021-12-08 00:00:00,28.0
2021-12-09 00:00:00,29.0
2021-12-10 00:00:00,24.0
2021-12-11 00:00:00,16.0
2021-12-12 00:00:00,27.0
2021-12-13 00:00:00,28.0
2021-12-14 00:00:00,21.0
2021-12-15 00:00:00,28.0
2021-12-16 00:00:00,29.0
2021-12-17 00:00:00,23.0
2021-12-18 00:00:00,24.0
2021-12-19 00:00:00,29.0
2021-12-20 00:00:00,25.0
2021-12-21 00:00:00,27.0
2021-12-22 00:00:00,45.0
2021-12-23 00:00:00,34.0
2021-12-24 00:00:00,41.0
2021-12-25 00:00:00,39.0
2021-12-26 00:00:00,37.0
2021-12-27 00:00:00,40.0
2021-12-28 00:00:00,41.0
2021-12-29 00:00:00,27.0
2021-12-30 00:00:00,22.0
2021-12-31 00:00:00,28.0
2022-01-01 00:00:00,21.0
2022-01-02 00:00:00,29.0
2022-01-03 00:00:00,29.0
2022-01-04 00:00:00,23.0
2022-01-05 00:00:00,24.0
2022-01-06 00:00:00,15.0
2022-01-07 00:00:00,18.0
2022-01-08 00:00:00,10.0
2022-01-09 00:00:00,23.0
2022-01-10 00:00:00,23.0
2022-01-11 00:00:00,21.0
2022-01-12 00:00:00,22.0
2022-01-13 00:00:00,21.0
2022-01-14 00:00:00,21.0
2022-01-15 00:00:00,23.0
2022-01-16 00:00:00,21.0
2022-01-17 00:00:00,22.0
2022-01-18 00:00:00,24.0
2022-01-19 00:00:00,24.0
2022-01-20 00:00:00,24.0
2022-01-21 00:00:00,19.0
2022-01-22 00:00:00,13.0
2022-01-23 00:00:00,11.0
2022-01-24 00:00:00,13.0
2022-01-25 00:00:00,12.0
2022-01-26 00:00:00,23.0
2022-01-27 00:00:00,20.0
2022-01-28 00:00:00,24.0
2022-01-29 00:00:00,24.0
2022-01-30 00:00:00,29.0
2022-01-31 00:00:00,20.0
2022-02-01 00:00:00,26.0
2022-02-02 00:00:00,28.0
2022-02-03 00:00:00,20.0
2022-02-04 00:00:00,20.0
2022-02-05 00:00:00,33.0
2022-02-06 00:00:00,37.0
2022-02-07 00:00:00,45.0
2022-02-08 00:00:00,48.0
2022-02-09 00:00:00,54.0
2022-02-10 00:00:00,50.0
2022-02-11 00:00:00,50.0
2022-02-12 00:00:00,44.0
2022-02-13 00:00:00,44.0
2022-02-14 00:00:00,46.0
2022-02-15 00:00:00,46.0
2022-02-16 00:00:00,51.0
2022-02-17 00:00:00,52.0
2022-02-18 00:00:00,30.0
2022-02-19 00:00:00,25.0
2022-02-20 00:00:00,27.0
2022-02-21 00:00:00,25.0
2022-02-22 00:00:00,20.0
2022-02-23 00:00:00,25.0
2022-02-24 00:00:00,23.0
2022-02-25 00:00:00,27.0
2022-02-26 00:00:00,26.0
2022-02-27 00:00:00,26.0
2022-02-28 00:00:00,20.0
2022-03-01 00:00:00,51.0
2022-03-02 00:00:00,52.0
2022-03-03 00:00:00,39.0
2022-03-04 00:00:00,33.0
2022-03-05 00:00:00,22.0
2022-03-06 00:00:00,22.0
2022-03-07 00:00:00,23.0
2022-03-08 00:00:00,21.0
2022-03-09 00:00:00,22.0
2022-03-10 00:00:00,28.0
2022-03-11 00:00:00,22.0
2022-03-12 00:00:00,22.0
2022-03-13 00:00:00,21.0
2022-03-14 00:00:00,23.0
2022-03-15 00:00:00,21.0
2022-03-16 00:00:00,24.0
2022-03-17 00:00:00,27.0
2022-03-18 00:00:00,25.0
2022-03-19 00:00:00,28.0
2022-03-20 00:00:00,31.0
2022-03-21 00:00:00,30.0
2022-03-22 00:00:00,26.0
2022-03-23 00:00:00,31.0
2022-03-24 00:00:00,40.0
2022-03-25 00:00:00,47.0
2022-03-26 00:00:00,51.0
2022-03-27 00:00:00,49.0
2022-03-28 00:00:00,60.0
2022-03-29 00:00:00,56.0
2022-03-30 00:00:00,55.0
2022-03-31 00:00:00,52.0
2022-04-01 00:00:00,50.0
2022-04-02 00:00:00,52.0
2022-04-03 00:00:00,48.0
2022-04-04 00:00:00,52.0
2022-04-05 00:00:00,53.0
2022-04-06 00:00:00,48.0
2022-04-07 00:00:00,34.0
2022-04-08 00:00:00,37.0
2022-04-09 00:00:00,30.0
2022-04-10 00:00:00,34.0
2022-04-11 00:00:00,32.0
2022-04-12 00:00:00,20.0
2022-04-13 00:00:00,25.0
2022-04-14 00:00:00,28.0
2022-04-15 00:00:00,22.0
2022-04-16 00:00:00,28.0
2022-04-17 00:00:00,28.0
2022-04-18 00:00:00,24.0
2022-04-19 00:00:00,27.0
2022-04-20 00:00:00,27.0
2022-04-21 00:00:00,27.0
2022-04-22 00:00:00,26.0
2022-04-23 00:00:00,24.0
2022-04-24 00:00:00,24.0
2022-04-25 00:00:00,23.0
2022-04-26 00:00:00,27.0
2022-04-27 00:00:00,21.0
2022-04-28 00:00:00,24.0
2022-04-29 00:00:00,23.0
2022-04-30 00:00:00,20.0
2022-05-01 00:00:00,22.0
2022-05-02 00:00:00,28.0
2022-05-03 00:00:00,27.0
2022-05-04 00:00:00,21.0
2022-05-05 00:00:00,27.0
2022-05-06 00:00:00,22.0
2022-05-07 00:00:00,23.0
2022-05-08 00:00:00,18.0
2022-05-09 00:00:00,11.0
2022-05-10 00:00:00,10.0
2022-05-11 00:00:00,12.0
2022-05-12 00:00:00,12.0
2022-05-13 00:00:00,10.0
2022-05-14 00:00:00,9.0
2022-05-15 00:00:00,10.0
2022-05-16 00:00:00,14.0
2022-05-17 00:00:00,8.0
2022-05-18 00:00:00,12.0
2022-05-19 00:00:00,13.0
2022-05-20 00:00:00,13.0
2022-05-21 00:00:00,13.0
2022-05-22 00:00:00,14.0
2022-05-23 00:00:00,10.0
2022-05-24 00:00:00,12.0
2022-05-25 00:00:00,11.0
2022-05-26 00:00:00,12.0
2022-05-27 00:00:00,12.0
2022-05-28 00:00:00,13.0
2022-05-29 00:00:00,14.0
2022-05-30 00:00:00,10.0
2022-05-31 00:00:00,16.0
2022-06-01 00:00:00,17.0
2022-06-02 00:00:00,13.0
2022-06-03 00:00:00,10.0
2022-06-04 00:00:00,14.0
2022-06-05 00:00:00,10.0
2022-06-06 00:00:00,13.0
2022-06-07 00:00:00,15.0
2022-06-08 00:00:00,17.0
2022-06-09 00:00:00,11.0
2022-06-10 00:00:00,13.0
2022-06-11 00:00:00,12.0
2022-06-12 00:00:00,14.0
2022-06-13 00:00:00,11.0
2022-06-14 00:00:00,8.0
2022-06-15 00:00:00,7.0
2022-06-16 00:00:00,7.0
2022-06-17 00:00:00,9.0
2022-06-18 00:00:00,6.0
2022-06-19 00:00:00,6.0
2022-06-20 00:00:00,9.0
2022-06-21 00:00:00,9.0
2022-06-22 00:00:00,11.0
2022-06-23 00:00:00,11.0
2022-06-24 00:00:00,11.0
2022-06-25 00:00:00,14.0
2022-06-26 00:00:00,14.0
2022-06-27 00:00:00,12.0
2022-06-28 00:00:00,10.0
2022-06-29 00:00:00,13.0
2022-06-30 00:00:00,11.0
2022-07-01 00:00:00,11.0
2022-07-02 00:00:00,14.0
2022-07-03 00:00:00,11.0
2022-07-04 00:00:00,14.0
2022-07-05 00:00:00,19.0
2022-07-06 00:00:00,18.0
2022-07-07 00:00:00,18.0
2022-07-08 00:00:00,20.0
2022-07-09 00:00:00,24.0
2022-07-10 00:00:00,24.0
2022-07-11 00:00:00,22.0
2022-07-12 00:00:00,16.0
2022-07-13 00:00:00,15.0
2022-07-14 00:00:00,18.0
2022-07-15 00:00:00,15.0
2022-07-16 00:00:00,21.0
2022-07-17 00:00:00,24.0
2022-07-18 00:00:00,20.0
2022-07-19 00:00:00,30.0
2022-07-20 00:00:00,31.0
2022-07-21 00:00:00,34.0
2022-07-22 00:00:00,33.0
2022-07-23 00:00:00,31.0
2022-07-24 00:00:00,30.0
2022-07-25 00:00:00,30.0
2022-07-26 00:00:00,26.0
2022-07-27 00:00:00,28.0
2022-07-28 00:00:00,32.0
2022-07-29 00:00:00,39.0
2022-07-30 00:00:00,42.0
2022-07-31 00:00:00,39.0
2022-08-01 00:00:00,33.0
2022-08-02 00:00:00,31.0
2022-08-03 00:00:00,34.0
2022-08-04 00:00:00,30.0
2022-08-05 00:00:00,31.0
2022-08-06 00:00:00,31.0
2022-08-07 00:00:00,30.0
2022-08-08 00:00:00,30.0
2022-08-09 00:00:00,42.0
2022-08-10 00:00:00,31.0
2022-08-11 00:00:00,41.0
2022-08-12 00:00:00,42.0
2022-08-13 00:00:00,46.0
2022-08-14 00:00:00,47.0
2022-08-15 00:00:00,45.0
2022-08-16 00:00:00,44.0
2022-08-17 00:00:00,41.0
2022-08-18 00:00:00,30.0
2022-08-19 00:00:00,33.0
2022-08-20 00:00:00,29.0
2022-08-21 00:00:00,27.0
2022-08-22 00:00:00,29.0
2022-08-23 00:00:00,28.0
2022-08-24 00:00:00,25.0
2022-08-25 00:00:00,25.0
2022-08-26 00:00:00,27.0
2022-08-27 00:00:00,28.0
2022-08-28 00:00:00,28.0
2022-08-29 00:00:00,24.0
2022-08-30 00:00:00,27.0
2022-08-31 00:00:00,23.0
2022-09-01 00:00:00,20.0
2022-09-02 00:00:00,25.0
2022-09-03 00:00:00,21.0
2022-09-04 00:00:00,20.0
2022-09-05 00:00:00,23.0
2022-09-06 00:00:00,22.0
2022-09-07 00:00:00,24.0
2022-09-08 00:00:00,20.0
2022-09-09 00:00:00,22.0
2022-09-10 00:00:00,28.0
2022-09-11 00:00:00,26.0
2022-09-12 00:00:00,25.0
2022-09-13 00:00:00,34.0
2022-09-14 00:00:00,27.0
2022-09-15 00:00:00,28.0
2022-09-16 00:00:00,20.0
2022-09-17 00:00:00,22.0
2022-09-18 00:00:00,27.0
2022-09-19 00:00:00,21.0
2022-09-20 00:00:00,23.0
2022-09-21 00:00:00,23.0
2022-09-22 00:00:00,22.0
2022-09-23 00:00:00,20.0
2022-09-24 00:00:00,24.0
2022-09-25 00:00:00,24.0
2022-09-26 00:00:00,21.0
2022-09-27 00:00:00,20.0
2022-09-28 00:00:00,20.0
2022-09-29 00:00:00,22.0
2022-09-30 00:00:00,21.0
2022-10-01 00:00:00,20.0
2022-10-02 00:00:00,24.0
2022-10-03 00:00:00,24.0
2022-10-04 00:00:00,20.0
2022-10-05 00:00:00,25.0
2022-10-06 00:00:00,26.0
2022-10-07 00:00:00,23.0
2022-10-08 00:00:00,24.0
2022-10-09 00:00:00,22.0
2022-10-10 00:00:00,22.0
2022-10-11 00:00:00,24.0
2022-10-12 00:00:00,20.0
2022-10-13 00:00:00,20.0
2022-10-14 00:00:00,24.0
2022-10-15 00:00:00,24.0
2022-10-16 00:00:00,24.0
2022-10-17 00:00:00,20.0
2022-10-18 00:00:00,22.0
2022-10-19 00:00:00,23.0
2022-10-20 00:00:00,23.0
2022-10-21 00:00:00,23.0
2022-10-22 00:00:00,20.0
2022-10-23 00:00:00,23.0
2022-10-24 00:00:00,22.0
2022-10-25 00:00:00,20.0
2022-10-26 00:00:00,33.0
2022-10-27 00:00:00,32.0
2022-10-28 00:00:00,30.0
2022-10-29 00:00:00,34.0
2022-10-30 00:00:00,34.0
2022-10-31 00:00:00,31.0
2022-11-01 00:00:00,30.0
2022-11-02 00:00:00,30.0
2022-11-03 00:00:00,30.0
2022-11-04 00:00:00,30.0
2022-11-05 00:00:00,38.0
2022-11-06 00:00:00,40.0
2022-11-07 00:00:00,33.0
2022-11-08 00:00:00,31.0
2022-11-09 00:00:00,29.0
2022-11-10 00:00:00,22.0
2022-11-11 00:00:00,25.0
2022-11-12 00:00:00,21.0
2022-11-13 00:00:00,22.0
2022-11-14 00:00:00,24.0
2022-11-15 00:00:00,22.0
2022-11-16 00:00:00,23.0
2022-11-17 00:00:00,20.0
2022-11-18 00:00:00,23.0
2022-11-19 00:00:00,23.0
2022-11-20 00:00:00,24.0
2022-11-21 00:00:00,21.0
2022-11-22 00:00:00,22.0
2022-11-23 00:00:00,22.0
2022-11-24 00:00:00,20.0
2022-11-25 00:00:00,20.0
2022-11-26 00:00:00,22.0
2022-11-27 00:00:00,26.0
2022-11-28 00:00:00,28.0
2022-11-29 00:00:00,26.0
2022-11-30 00:00:00,29.0
2022-12-01 00:00:00,27.0
2022-12-02 00:00:00,27.0
2022-12-03 00:00:00,27.0
2022-12-04 00:00:00,26.0
2022-12-05 00:00:00,26.0
2022-12-06 00:00:00,25.0
2022-12-07 00:00:00,29.0
2022-12-08 00:00:00,25.0
2022-12-09 00:00:00,26.0
2022-12-10 00:00:00,27.0
2022-12-11 00:00:00,26.0
2022-12-12 00:00:00,27.0
2022-12-13 00:00:00,27.0
2022-12-14 00:00:00,30.0
2022-12-15 00:00:00,31.0
2022-12-16 00:00:00,29.0
2022-12-17 00:00:00,28.0
2022-12-18 00:00:00,26.0
2022-12-19 00:00:00,29.0
2022-12-20 00:00:00,29.0
2022-12-21 00:00:00,26.0
2022-12-22 00:00:00,28.0
2022-12-23 00:00:00,27.0
2022-12-24 00:00:00,29.0
2022-12-25 00:00:00,29.0
2022-12-26 00:00:00,28.0
2022-12-27 00:00:00,27.0
2022-12-28 00:00:00,28.0
2022-12-29 00:00:00,28.0
2022-12-30 00:00:00,28.0
2022-12-31 00:00:00,25.0
2023-01-01 00:00:00,26.0
2023-01-02 00:00:00,27.0
2023-01-03 00:00:00,26.0
2023-01-04 00:00:00,29.0
2023-01-05 00:00:00,29.0
2023-01-06 00:00:00,26.0
2023-01-07 00:00:00,25.0
2023-01-08 00:00:00,25.0
2023-01-09 00:00:00,25.0
2023-01-10 00:00:00,26.0
2023-01-11 00:00:00,26.0
2023-01-12 00:00:00,30.0
2023-01-13 00:00:00,31.0
2023-01-14 00:00:00,46.0
2023-01-15 00:00:00,52.0
2023-01-16 00:00:00,45.0
2023-01-17 00:00:00,51.0
2023-01-18 00:00:00,52.0
2023-01-19 00:00:00,45.0
2023-01-20 00:00:00,51.0
2023-01-21 00:00:00,53.0
2023-01-22 00:00:00,53.0
2023-01-23 00:00:00,50.0
2023-01-24 00:00:00,52.0
2023-01-25 00:00:00,51.0
2023-01-26 00:00:00,54.0
2023-01-27 00:00:00,55.0
2023-01-28 00:00:00,52.0
2023-01-29 00:00:00,55.0
2023-01-30 00:00:00,61.0
2023-01-31 00:00:00,51.0
2023-02-01 00:00:00,56.0
2023-02-02 00:00:00,60.0
2023-02-03 00:00:00,60.0
2023-02-04 00:00:00,58.0
2023-02-05 00:00:00,58.0
2023-02-06 00:00:00,56.0
2023-02-07 00:00:00,54.0
2023-02-08 00:00:00,58.0
2023-02-09 00:00:00,55.0
2023-02-10 00:00:00,48.0
2023-02-11 00:00:00,49.0
2023-02-12 00:00:00,50.0
2023-02-13 00:00:00,48.0
2023-02-14 00:00:00,50.0
2023-02-15 00:00:00,53.0
2023-02-16 00:00:00,62.0
2023-02-17 00:00:00,61.0
2023-02-18 00:00:00,60.0
2023-02-19 00:00:00,60.0
2023-02-20 00:00:00,58.0
2023-02-21 00:00:00,60.0
2023-02-22 00:00:00,59.0
2023-02-23 00:00:00,56.0
2023-02-24 00:00:00,53.0
2023-02-25 00:00:00,52.0
2023-02-26 00:00:00,51.0
2023-02-27 00:00:00,50.0
2023-02-28 00:00:00,53.0
2023-03-01 00:00:00,50.0
2023-03-02 00:00:00,51.0
2023-03-03 00:00:00,50.0
2023-03-04 00:00:00,50.0
2023-03-05 00:00:00,47.0
2023-03-06 00:00:00,48.0
2023-03-07 00:00:00,49.0
2023-03-08 00:00:00,50.0
2023-03-09 00:00:00,44.0
2023-03-10 00:00:00,34.0
2023-03-11 00:00:00,33.0
2023-03-12 00:00:00,33.0
2023-03-13 00:00:00,49.0
2023-03-14 00:00:00,56.0
2023-03-15 00:00:00,50.0
2023-03-16 00:00:00,52.0
2023-03-17 00:00:00,51.0
2023-03-18 00:00:00,64.0
2023-03-19 00:00:00,63.0
2023-03-20 00:00:00,66.0
2023-03-21 00:00:00,68.0
2023-03-22 00:00:00,62.0
2023-03-23 00:00:00,57.0
2023-03-24 00:00:00,61.0
2023-03-25 00:00:00,64.0
2023-03-26 00:00:00,64.0
2023-03-27 00:00:00,64.0
2023-03-28 00:00:00,59.0
2023-03-29 00:00:00,57.0
2023-03-30 00:00:00,60.0
2023-03-31 00:00:00,63.0
2023-04-01 00:00:00,61.0
2023-04-02 00:00:00,63.0
2023-04-03 00:00:00,63.0
2023-04-04 00:00:00,62.0
2023-04-05 00:00:00,62.0
2023-04-06 00:00:00,63.0
2023-04-07 00:00:00,64.0
2023-04-08 00:00:00,61.0
2023-04-09 00:00:00,61.0
2023-04-10 00:00:00,62.0
2023-04-11 00:00:00,68.0
2023-04-12 00:00:00,65.0
2023-04-13 00:00:00,61.0
2023-04-14 00:00:00,68.0
2023-04-15 00:00:00,68.0
2023-04-16 00:00:00,68.0
2023-04-17 00:00:00,69.0
2023-04-18 00:00:00,58.0
2023-04-19 00:00:00,63.0
2023-04-20 00:00:00,52.0
2023-04-21 00:00:00,50.0
2023-04-22 00:00:00,53.0
2023-04-23 00:00:00,56.0
2023-04-24 00:00:00,53.0
2023-04-25 00:00:00,53.0
2023-04-26 00:00:00,56.0
2023-04-27 00:00:00,59.0
2023-04-28 00:00:00,64.0
2023-04-29 00:00:00,64.0
2023-04-30 00:00:00,60.0
2023-05-01 00:00:00,63.0
2023-05-02 00:00:00,55.0
2023-05-03 00:00:00,64.0
2023-05-04 00:00:00,64.0
2023-05-05 00:00:00,61.0
2023-05-06 00:00:00,60.0
2023-05-07 00:00:00,64.0
2023-05-08 00:00:00,60.0
2023-05-09 00:00:00,51.0
2023-05-10 00:00:00,52.0
2023-05-11 00:00:00,52.0
2023-05-12 00:00:00,49.0
2023-05-13 00:00:00,48.0
2023-05-14 00:00:00,48.0
2023-05-15 00:00:00,50.0
2023-05-16 00:00:00,54.0
2023-05-17 00:00:00,50.0
2023-05-18 00:00:00,51.0
2023-05-19 00:00:00,48.0
2023-05-20 00:00:00,48.0
2023-05-21 00:00:00,52.0
2023-05-22 00:00:00,49.0
2023-05-23 00:00:00,50.0
2023-05-24 00:00:00,50.0
2023-05-25 00:00:00,51.0
2023-05-26 00:00:00,49.0
2023-05-27 00:00:00,48.0
2023-05-28 00:00:00,50.0
2023-05-29 00:00:00,52.0
2023-05-30 00:00:00,51.0
2023-05-31 00:00:00,51.0
2023-06-01 00:00:00,52.0
2023-06-02 00:00:00,50.0
2023-06-03 00:00:00,53.0
2023-06-04 00:00:00,52.0
2023-06-05 00:00:00,53.0
2023-06-06 00:00:00,44.0
2023-06-07 00:00:00,53.0
2023-06-08 00:00:00,50.0
2023-06-09 00:00:00,50.0
2023-06-10 00:00:00,49.0
2023-06-11 00:00:00,47.0
2023-06-12 00:00:00,47.0
2023-06-13 00:00:00,45.0
2023-06-14 00:00:00,46.0
2023-06-15 00:00:00,41.0
2023-06-16 00:00:00,47.0
2023-06-17 00:00:00,47.0
2023-06-18 00:00:00,49.0
2023-06-19 00:00:00,47.0
2023-06-20 00:00:00,49.0
2023-06-21 00:00:00,59.0
2023-06-22 00:00:00,65.0
2023-06-23 00:00:00,65.0
2023-06-24 00:00:00,62.0
2023-06-25 00:00:00,64.0
2023-06-26 00:00:00,55.0
2023-06-27 00:00:00,59.0
2023-06-28 00:00:00,62.0
2023-06-29 00:00:00,54.0
2023-06-30 00:00:00,56.0
2023-07-01 00:00:00,59.0
2023-07-02 00:00:00,63.0
2023-07-03 00:00:00,62.0
2023-07-04 00:00:00,64.0
2023-07-05 00:00:00,61.0
2023-07-06 00:00:00,56.0
2023-07-07 00:00:00,55.0
2023-07-08 00:00:00,58.0
2023-07-09 00:00:00,55.0
2023-07-10 00:00:00,56.0
2023-07-11 00:00:00,57.0
2023-07-12 00:00:00,64.0
2023-07-13 00:00:00,57.0
2023-07-14 00:00:00,60.0
2023-07-15 00:00:00,56.0
2023-07-16 00:00:00,57.0
2023-07-17 00:00:00,54.0
2023-07-18 00:00:00,56.0
2023-07-19 00:00:00,50.0
2023-07-20 00:00:00,56.0
2023-07-21 00:00:00,50.0
2023-07-22 00:00:00,52.0
2023-07-23 00:00:00,54.0
2023-07-24 00:00:00,55.0
2023-07-25 00:00:00,50.0
2023-07-26 00:00:00,51.0
2023-07-27 00:00:00,51.0
2023-07-28 00:00:00,52.0
2023-07-29 00:00:00,52.0
2023-07-30 00:00:00,52.0
2023-07-31 00:00:00,50.0
2023-08-01 00:00:00,53.0
2023-08-02 00:00:00,53.0
2023-08-03 00:00:00,52.0
2023-08-04 00:00:00,54.0
2023-08-05 00:00:00,50.0
2023-08-06 00:00:00,49.0
2023-08-07 00:00:00,49.0
2023-08-08 00:00:00,54.0
2023-08-09 00:00:00,50.0
2023-08-10 00:00:00,53.0
2023-08-11 00:00:00,51.0
2023-08-12 00:00:00,54.0
2023-08-13 00:00:00,54.0
2023-08-14 00:00:00,50.0
2023-08-15 00:00:00,53.0
2023-08-16 00:00:00,52.0
2023-08-17 00:00:00,50.0
2023-08-18 00:00:00,37.0
2023-08-19 00:00:00,39.0
2023-08-20 00:00:00,37.0
2023-08-21 00:00:00,38.0
2023-08-22 00:00:00,37.0
2023-08-23 00:00:00,37.0
2023-08-24 00:00:00,41.0
2023-08-25 00:00:00,39.0
2023-08-26 00:00:00,38.0
2023-08-27 00:00:00,38.0
2023-08-28 00:00:00,39.0
2023-08-29 00:00:00,39.0
2023-08-30 00:00:00,49.0
2023-08-31 00:00:00,52.0
2023-09-01 00:00:00,40.0
2023-09-02 00:00:00,39.0
2023-09-03 00:00:00,40.0
2023-09-04 00:00:00,40.0
2023-09-05 00:00:00,40.0
2023-09-06 00:00:00,42.0
2023-09-07 00:00:00,41.0
2023-09-08 00:00:00,46.0
2023-09-09 00:00:00,41.0
2023-09-10 00:00:00,40.0
2023-09-11 00:00:00,40.0
2023-09-12 00:00:00,30.0
2023-09-13 00:00:00,41.0
2023-09-14 00:00:00,45.0
2023-09-15 00:00:00,45.0
2023-09-16 00:00:00,43.0
2023-09-17 00:00:00,46.0
2023-09-18 00:00:00,46.0
2023-09-19 00:00:00,46.0
2023-09-20 00:00:00,47.0
2023-09-21 00:00:00,47.0
2023-09-22 00:00:00,43.0
2023-09-23 00:00:00,47.0
2023-09-24 00:00:00,44.0
2023-09-25 00:00:00,47.0
2023-09-26 00:00:00,46.0
2023-09-27 00:00:00,44.0
2023-09-28 00:00:00,46.0
2023-09-29 00:00:00,48.0
2023-09-30 00:00:00,47.0
2023-10-01 00:00:00,48.0
2023-10-02 00:00:00,50.0
2023-10-03 00:00:00,50.0
2023-10-04 00:00:00,49.0
2023-10-05 00:00:00,48.0
2023-10-06 00:00:00,50.0
2023-10-07 00:00:00,49.0
2023-10-08 00:00:00,50.0
2023-10-09 00:00:00,50.0
2023-10-10 00:00:00,50.0
2023-10-11 00:00:00,47.0
2023-10-12 00:00:00,45.0
2023-10-13 00:00:00,44.0
2023-10-14 00:00:00,47.0
2023-10-15 00:00:00,45.0
2023-10-16 00:00:00,47.0
2023-10-17 00:00:00,52.0
2023-10-18 00:00:00,50.0
2023-10-19 00:00:00,52.0
2023-10-20 00:00:00,53.0
2023-10-21 00:00:00,63.0
2023-10-22 00:00:00,53.0
2023-10-23 00:00:00,53.0
2023-10-24 00:00:00,66.0
2023-10-25 00:00:00,72.0
2023-10-26 00:00:00,71.0
2023-10-27 00:00:00,70.0
2023-10-28 00:00:00,65.0
2023-10-29 00:00:00,72.0
2023-10-30 00:00:00,68.0
2023-10-31 00:00:00,66.0
2023-11-01 00:00:00,66.0
2023-11-02 00:00:00,72.0
2023-11-03 00:00:00,65.0
2023-11-04 00:00:00,68.0
2023-11-05 00:00:00,70.0
2023-11-06 00:00:00,74.0
2023-11-07 00:00:00,68.0
2023-11-08 00:00:00,66.0
2023-11-09 00:00:00,69.0
2023-11-10 00:00:00,70.0
2023-11-11 00:00:00,70.0
2023-11-12 00:00:00,73.0
2023-11-13 00:00:00,72.0
2023-11-14 00:00:00,69.0
2023-11-15 00:00:00,60.0
2023-11-16 00:00:00,70.0
2023-11-17 00:00:00,63.0
2023-11-18 00:00:00,69.0
2023-11-19 00:00:00,66.0
2023-11-20 00:00:00,69.0
2023-11-21 00:00:00,71.0
2023-11-22 00:00:00,62.0
2023-11-23 00:00:00,66.0
2023-11-24 00:00:00,66.0
2023-11-25 00:00:00,73.0
2023-11-26 00:00:00,73.0
2023-11-27 00:00:00,66.0
2023-11-28 00:00:00,68.0
2023-11-29 00:00:00,72.0
2023-11-30 00:00:00,74.0
2023-12-01 00:00:00,71.0
2023-12-02 00:00:00,74.0
2023-12-03 00:00:00,73.0
2023-12-04 00:00:00,74.0
2023-12-05 00:00:00,75.0
2023-12-06 00:00:00,72.0
2023-12-07 00:00:00,72.0
2023-12-08 00:00:00,72.0
2023-12-09 00:00:00,73.0
2023-12-10 00:00:00,74.0
2023-12-11 00:00:00,74.0
2023-12-12 00:00:00,67.0
2023-12-13 00:00:00,65.0
2023-12-14 00:00:00,72.0
2023-12-15 00:00:00,70.0
2023-12-16 00:00:00,67.0
2023-12-17 00:00:00,73.0
2023-12-18 00:00:00,65.0
2023-12-19 00:00:00,73.0
2023-12-20 00:00:00,74.0
2023-12-21 00:00:00,70.0
2023-12-22 00:00:00,74.0
2023-12-23 00:00:00,70.0
2023-12-24 00:00:00,71.0
2023-12-25 00:00:00,73.0
2023-12-26 00:00:00,71.0
2023-12-27 00:00:00,73.0
2023-12-28 00:00:00,73.0
2023-12-29 00:00:00,65.0
2023-12-30 00:00:00,68.0
2023-12-31 00:00:00,67.0
2024-01-01 00:00:00,65.0
2024-01-02 00:00:00,71.0
2024-01-03 00:00:00,70.0
2024-01-04 00:00:00,68.0
2024-01-05 00:00:00,72.0
2024-01-06 00:00:00,70.0
2024-01-07 00:00:00,71.0
2024-01-08 00:00:00,71.0
2024-01-09 00:00:00,76.0
2024-01-10 00:00:00,73.0
2024-01-11 00:00:00,76.0
2024-01-12 00:00:00,71.0
2024-01-13 00:00:00,64.0
2024-01-14 00:00:00,60.0
2024-01-15 00:00:00,52.0
2024-01-16 00:00:00,64.0
2024-01-17 00:00:00,60.0
2024-01-18 00:00:00,63.0
2024-01-19 00:00:00,51.0
2024-01-20 00:00:00,52.0
2024-01-21 00:00:00,56.0
2024-01-22 00:00:00,55.0
2024-01-23 00:00:00,50.0
2024-01-24 00:00:00,48.0
2024-01-25 00:00:00,52.0
2024-01-26 00:00:00,49.0
2024-01-27 00:00:00,55.0
2024-01-28 00:00:00,54.0
2024-01-29 00:00:00,55.0
2024-01-30 00:00:00,61.0
2024-01-31 00:00:00,60.0
2024-02-01 00:00:00,63.0
2024-02-02 00:00:00,63.0
2024-02-03 00:00:00,60.0
2024-02-04 00:00:00,60.0
2024-02-05 00:00:00,60.0
2024-02-06 00:00:00,64.0
2024-02-07 00:00:00,62.0
2024-02-08 00:00:00,66.0
2024-02-09 00:00:00,72.0
2024-02-10 00:00:00,74.0
2024-02-11 00:00:00,71.0
2024-02-12 00:00:00,70.0
2024-02-13 00:00:00,79.0
2024-02-14 00:00:00,74.0
2024-02-15 00:00:00,72.0
2024-02-16 00:00:00,72.0
2024-02-17 00:00:00,76.0
2024-02-18 00:00:00,72.0
2024-02-19 00:00:00,75.0
2024-02-20 00:00:00,72.0
2024-02-21 00:00:00,78.0
2024-02-22 00:00:00,74.0
2024-02-23 00:00:00,76.0
2024-02-24 00:00:00,72.0
2024-02-25 00:00:00,74.0
2024-02-26 00:00:00,72.0
2024-02-27 00:00:00,79.0
2024-02-28 00:00:00,82.0
2024-02-29 00:00:00,80.0
2024-03-01 00:00:00,80.0
2024-03-02 00:00:00,80.0
2024-03-03 00:00:00,83.0
2024-03-04 00:00:00,82.0
2024-03-05 00:00:00,90.0
2024-03-06 00:00:00,75.0
2024-03-07 00:00:00,82.0
2024-03-08 00:00:00,81.0
2024-03-09 00:00:00,84.0
2024-03-10 00:00:00,79.0
2024-03-11 00:00:00,82.0
2024-03-12 00:00:00,81.0
2024-03-13 00:00:00,81.0
2024-03-14 00:00:00,88.0
2024-03-15 00:00:00,83.0
2024-03-16 00:00:00,81.0
2024-03-17 00:00:00,79.0
2024-03-18 00:00:00,77.0
2024-03-19 00:00:00,79.0
2024-03-20 00:00:00,74.0
2024-03-21 00:00:00,78.0
2024-03-22 00:00:00,75.0
2024-03-23 00:00:00,73.0
2024-03-24 00:00:00,74.0
2024-03-25 00:00:00,75.0
2024-03-26 00:00:00,81.0
2024-03-27 00:00:00,83.0
2024-03-28 00:00:00,80.0
2024-03-29 00:00:00,79.0
2024-03-30 00:00:00,75.0
2024-03-31 00:00:00,75.0
2024-04-01 00:00:00,79.0
2024-04-02 00:00:00,79.0
2024-04-03 00:00:00,71.0
2024-04-04 00:00:00,70.0
2024-04-05 00:00:00,79.0
2024-04-06 00:00:00,75.0
2024-04-07 00:00:00,78.0
2024-04-08 00:00:00,76.0
2024-04-09 00:00:00,80.0
2024-04-10 00:00:00,78.0
2024-04-11 00:00:00,76.0
2024-04-12 00:00:00,79.0
2024-04-13 00:00:00,72.0
2024-04-14 00:00:00,72.0
2024-04-15 00:00:00,74.0
2024-04-16 00:00:00,65.0
2024-04-17 00:00:00,67.0
2024-04-18 00:00:00,57.0
2024-04-19 00:00:00,66.0
2024-04-20 00:00:00,66.0
2024-04-21 00:00:00,72.0
2024-04-22 00:00:00,73.0
2024-04-23 00:00:00,71.0
2024-04-24 00:00:00,72.0
2024-04-25 00:00:00,72.0
2024-04-26 00:00:00,70.0
2024-04-27 00:00:00,67.0
2024-04-28 00:00:00,65.0
2024-04-29 00:00:00,67.0
2024-04-30 00:00:00,67.0
2024-05-01 00:00:00,54.0
2024-05-02 00:00:00,43.0
2024-05-03 00:00:00,48.0
2024-05-04 00:00:00,67.0
2024-05-05 00:00:00,69.0
2024-05-06 00:00:00,71.0
2024-05-07 00:00:00,68.0
2024-05-08 00:00:00,64.0
2024-05-09 00:00:00,55.0
2024-05-10 00:00:00,66.0
2024-05-11 00:00:00,53.0
2024-05-12 00:00:00,56.0
2024-05-13 00:00:00,57.0
2024-05-14 00:00:00,66.0
2024-05-15 00:00:00,64.0
2024-05-16 00:00:00,70.0
2024-05-17 00:00:00,74.0
2024-05-18 00:00:00,73.0
2024-05-19 00:00:00,72.0
2024-05-20 00:00:00,70.0
2024-05-21 00:00:00,76.0
2024-05-22 00:00:00,76.0
2024-05-23 00:00:00,76.0
2024-05-24 00:00:00,74.0
2024-05-25 00:00:00,76.0
2024-05-26 00:00:00,75.0
2024-05-27 00:00:00,74.0
2024-05-28 00:00:00,72.0
2024-05-29 00:00:00,72.0
2024-05-30 00:00:00,73.0
2024-05-31 00:00:00,73.0
2024-06-01 00:00:00,72.0
2024-06-02 00:00:00,73.0
2024-06-03 00:00:00,73.0
2024-06-04 00:00:00,73.0
2024-06-05 00:00:00,75.0
2024-06-06 00:00:00,78.0
2024-06-07 00:00:00,77.0
2024-06-08 00:00:00,72.0
2024-06-09 00:00:00,75.0
2024-06-10 00:00:00,72.0
2024-06-11 00:00:00,74.0
2024-06-12 00:00:00,72.0
2024-06-13 00:00:00,70.0
2024-06-14 00:00:00,74.0
2024-06-15 00:00:00,74.0
2024-06-16 00:00:00,71.0
2024-06-17 00:00:00,71.0
2024-06-18 00:00:00,74.0
2024-06-19 00:00:00,64.0
2024-06-20 00:00:00,60.0
2024-06-21 00:00:00,63.0
2024-06-22 00:00:00,53.0
2024-06-23 00:00:00,55.0
2024-06-24 00:00:00,51.0
2024-06-25 00:00:00,30.0
2024-06-26 00:00:00,46.0
2024-06-27 00:00:00,40.0
2024-06-28 00:00:00,47.0
2024-06-29 00:00:00,30.0
2024-06-30 00:00:00,47.0
2024-07-01 00:00:00,53.0
2024-07-02 00:00:00,51.0
2024-07-03 00:00:00,50.0
2024-07-04 00:00:00,44.0
2024-07-05 00:00:00,29.0
2024-07-06 00:00:00,26.0
2024-07-07 00:00:00,29.0
2024-07-08 00:00:00,28.0
2024-07-09 00:00:00,27.0
2024-07-10 00:00:00,28.0
2024-07-11 00:00:00,29.0
2024-07-12 00:00:00,25.0
2024-07-13 00:00:00,25.0
2024-07-14 00:00:00,33.0
2024-07-15 00:00:00,52.0
2024-07-16 00:00:00,65.0
2024-07-17 00:00:00,69.0
2024-07-18 00:00:00,61.0
2024-07-19 00:00:00,60.0
2024-07-20 00:00:00,74.0
2024-07-21 00:00:00,74.0
2024-07-22 00:00:00,70.0
2024-07-23 00:00:00,71.0
2024-07-24 00:00:00,69.0
2024-07-25 00:00:00,68.0
2024-07-26 00:00:00,68.0
2024-07-27 00:00:00,72.0
2024-07-28 00:00:00,71.0
2024-07-29 00:00:00,74.0
2024-07-30 00:00:00,67.0
2024-07-31 00:00:00,61.0
2024-08-01 00:00:00,52.0
2024-08-02 00:00:00,57.0
2024-08-03 00:00:00,37.0
2024-08-04 00:00:00,34.0
2024-08-05 00:00:00,26.0
2024-08-06 00:00:00,17.0
2024-08-07 00:00:00,29.0
2024-08-08 00:00:00,20.0
2024-08-09 00:00:00,48.0
2024-08-10 00:00:00,40.0
2024-08-11 00:00:00,39.0
2024-08-12 00:00:00,25.0
2024-08-13 00:00:00,31.0
2024-08-14 00:00:00,30.0
2024-08-15 00:00:00,29.0
2024-08-16 00:00:00,27.0
2024-08-17 00:00:00,25.0
2024-08-18 00:00:00,31.0
2024-08-19 00:00:00,28.0
2024-08-20 00:00:00,30.0
2024-08-21 00:00:00,26.0
2024-08-22 00:00:00,39.0
2024-08-23 00:00:00,34.0
2024-08-24 00:00:00,56.0
2024-08-25 00:00:00,54.0
2024-08-26 00:00:00,55.0
2024-08-27 00:00:00,48.0
2024-08-28 00:00:00,30.0
2024-08-29 00:00:00,29.0
2024-08-30 00:00:00,34.0
2024-08-31 00:00:00,29.0
2024-09-01 00:00:00,26.0
2024-09-02 00:00:00,26.0
2024-09-03 00:00:00,26.0
2024-09-04 00:00:00,27.0
2024-09-05 00:00:00,29.0
2024-09-06 00:00:00,22.0
2024-09-07 00:00:00,23.0
2024-09-08 00:00:00,29.0
2024-09-09 00:00:00,26.0
2024-09-10 00:00:00,33.0
2024-09-11 00:00:00,37.0
2024-09-12 00:00:00,31.0
2024-09-13 00:00:00,32.0
2024-09-14 00:00:00,50.0
2024-09-15 00:00:00,51.0
2024-09-16 00:00:00,39.0
2024-09-17 00:00:00,33.0
2024-09-18 00:00:00,45.0
2024-09-19 00:00:00,49.0
2024-09-20 00:00:00,54.0
2024-09-21 00:00:00,54.0
2024-09-22 00:00:00,52.0
2024-09-23 00:00:00,50.0
2024-09-24 00:00:00,54.0
2024-09-25 00:00:00,59.0
2024-09-26 00:00:00,50.0
2024-09-27 00:00:00,61.0
2024-09-28 00:00:00,64.0
2024-09-29 00:00:00,63.0
2024-09-30 00:00:00,61.0
2024-10-01 00:00:00,50.0
2024-10-02 00:00:00,42.0
2024-10-03 00:00:00,37.0
2024-10-04 00:00:00,41.0
2024-10-05 00:00:00,49.0
2024-10-06 00:00:00,50.0
2024-10-07 00:00:00,50.0
2024-10-08 00:00:00,49.0
2024-10-09 00:00:00,49.0
2024-10-10 00:00:00,39.0
2024-10-11 00:00:00,32.0
2024-10-12 00:00:00,49.0
2024-10-13 00:00:00,50.0
2024-10-14 00:00:00,48.0
2024-10-15 00:00:00,65.0
2024-10-16 00:00:00,73.0
2024-10-17 00:00:00,71.0
2024-10-18 00:00:00,73.0
2024-10-19 00:00:00,72.0
2024-10-20 00:00:00,73.0
2024-10-21 00:00:00,72.0
2024-10-22 00:00:00,70.0
2024-10-23 00:00:00,71.0
2024-10-24 00:00:00,69.0
2024-10-25 00:00:00,72.0
2024-10-27 00:00:00,74.0
2024-10-28 00:00:00,72.0
2024-10-29 00:00:00,72.0
2024-10-30 00:00:00,77.0
2024-10-31 00:00:00,77.0
2024-11-01 00:00:00,75.0
2024-11-02 00:00:00,72.0
2024-11-03 00:00:00,74.0
2024-11-04 00:00:00,70.0
2024-11-05 00:00:00,70.0
2024-11-06 00:00:00,70.0
2024-11-07 00:00:00,77.0
2024-11-08 00:00:00,75.0
2024-11-09 00:00:00,75.0
2024-11-10 00:00:00,78.0
2024-11-11 00:00:00,76.0
2024-11-12 00:00:00,80.0
2024-11-13 00:00:00,84.0
2024-11-14 00:00:00,88.0
2024-11-15 00:00:00,80.0
2024-11-16 00:00:00,86.0
2024-11-17 00:00:00,90.0
2024-11-18 00:00:00,83.0
2024-11-19 00:00:00,90.0
2024-11-20 00:00:00,83.0
2024-11-21 00:00:00,82.0
2024-11-22 00:00:00,94.0
2024-11-23 00:00:00,93.0
2024-11-24 00:00:00,80.0
2024-11-25 00:00:00,82.0
2024-11-26 00:00:00,79.0
2024-11-27 00:00:00,75.0
2024-11-28 00:00:00,77.0
2024-11-29 00:00:00,78.0
2024-11-30 00:00:00,84.0
2024-12-01 00:00:00,81.0
2024-12-02 00:00:00,80.0
2024-12-03 00:00:00,76.0
2024-12-04 00:00:00,78.0
2024-12-05 00:00:00,84.0
2024-12-06 00:00:00,72.0
2024-12-07 00:00:00,75.0
2024-12-08 00:00:00,79.0
2024-12-09 00:00:00,78.0
2024-12-10 00:00:00,78.0
2024-12-11 00:00:00,74.0
2024-12-12 00:00:00,83.0
2024-12-13 00:00:00,76.0
2024-12-14 00:00:00,83.0
2024-12-15 00:00:00,80.0
2024-12-16 00:00:00,83.0
2024-12-17 00:00:00,87.0
2024-12-18 00:00:00,81.0
2024-12-19 00:00:00,75.0
2024-12-20 00:00:00,74.0
2024-12-21 00:00:00,73.0
2024-12-22 00:00:00,73.0
2024-12-23 00:00:00,70.0
2024-12-24 00:00:00,73.0
2024-12-25 00:00:00,73.0
2024-12-26 00:00:00,79.0
2024-12-27 00:00:00,74.0
2024-12-28 00:00:00,72.0
2024-12-29 00:00:00,73.0
2024-12-30 00:00:00,65.0
2024-12-31 00:00:00,64.0
2025-01-01 00:00:00,66.0
2025-01-02 00:00:00,70.0
2025-01-03 00:00:00,74.0
2025-01-04 00:00:00,73.0
2025-01-05 00:00:00,72.0
2025-01-06 00:00:00,76.0
2025-01-07 00:00:00,78.0
2025-01-08 00:00:00,70.0
2025-01-09 00:00:00,69.0
2025-01-10 00:00:00,50.0
2025-01-11 00:00:00,69.0
2025-01-12 00:00:00,62.0
2025-01-13 00:00:00,61.0
2025-01-14 00:00:00,63.0
2025-01-15 00:00:00,70.0
2025-01-16 00:00:00,75.0
2025-01-17 00:00:00,75.0
2025-01-18 00:00:00,77.0
2025-01-19 00:00:00,77.0
2025-01-20 00:00:00,76.0
2025-01-21 00:00:00,76.0
2025-01-22 00:00:00,84.0
2025-01-23 00:00:00,75.0
2025-01-24 00:00:00,75.0
2025-01-25 00:00:00,75.0
2025-01-26 00:00:00,73.0
2025-01-27 00:00:00,71.0
2025-01-28 00:00:00,72.0
2025-01-29 00:00:00,72.0
2025-01-30 00:00:00,70.0
2025-01-31 00:00:00,76.0
2025-02-01 00:00:00,68.0
2025-02-02 00:00:00,60.0
2025-02-03 00:00:00,44.0
2025-02-04 00:00:00,72.0
2025-02-05 00:00:00,54.0
2025-02-06 00:00:00,49.0
2025-02-07 00:00:00,44.0
2025-02-08 00:00:00,44.0
2025-02-09 00:00:00,46.0
2025-02-10 00:00:00,43.0
2025-02-11 00:00:00,47.0
2025-02-12 00:00:00,46.0
2025-02-13 00:00:00,50.0
2025-02-14 00:00:00,48.0
2025-02-15 00:00:00,50.0
2025-02-16 00:00:00,54.0
2025-02-17 00:00:00,51.0
2025-02-18 00:00:00,47.0
2025-02-19 00:00:00,44.0
2025-02-20 00:00:00,49.0
2025-02-21 00:00:00,55.0
2025-02-22 00:00:00,49.0
2025-02-23 00:00:00,50.0
2025-02-24 00:00:00,49.0
2025-02-25 00:00:00,25.0
2025-02-26 00:00:00,21.0
2025-02-27 00:00:00,10.0
2025-02-28 00:00:00,16.0
2025-03-01 00:00:00,20.0
2025-03-02 00:00:00,26.0
2025-03-03 00:00:00,33.0
2025-03-04 00:00:00,15.0
2025-03-05 00:00:00,20.0
2025-03-06 00:00:00,25.0
2025-03-07 00:00:00,34.0
2025-03-08 00:00:00,28.0
2025-03-09 00:00:00,27.0
2025-03-10 00:00:00,20.0
2025-03-11 00:00:00,24.0
2025-03-12 00:00:00,34.0
2025-03-13 00:00:00,45.0
2025-03-14 00:00:00,27.0
2025-03-15 00:00:00,46.0
2025-03-16 00:00:00,30.0
2025-03-17 00:00:00,32.0
2025-03-18 00:00:00,34.0
2025-03-19 00:00:00,32.0
2025-03-20 00:00:00,49.0
2025-03-21 00:00:00,31.0
2025-03-22 00:00:00,32.0
2025-03-23 00:00:00,30.0
2025-03-24 00:00:00,45.0
2025-03-25 00:00:00,46.0
2025-03-26 00:00:00,47.0
2025-03-27 00:00:00,40.0
2025-03-28 00:00:00,44.0
2025-03-29 00:00:00,26.0
2025-03-30 00:00:00,32.0
2025-03-31 00:00:00,34.0
2025-04-01 00:00:00,34.0
2025-04-02 00:00:00,44.0
2025-04-03 00:00:00,25.0
2025-04-04 00:00:00,28.0
2025-04-05 00:00:00,30.0
2025-04-06 00:00:00,34.0
2025-04-07 00:00:00,23.0
2025-04-08 00:00:00,24.0
2025-04-09 00:00:00,18.0
2025-04-10 00:00:00,39.0
2025-04-11 00:00:00,25.0
2025-04-12 00:00:00,43.0
2025-04-13 00:00:00,45.0
2025-04-14 00:00:00,31.0
2025-04-15 00:00:00,38.0
2025-04-16 00:00:00,29.0
2025-04-17 00:00:00,30.0
2025-04-18 00:00:00,33.0
2025-04-19 00:00:00,32.0
2025-04-20 00:00:00,37.0
2025-04-21 00:00:00,39.0
2025-04-22 00:00:00,47.0
2025-04-23 00:00:00,72.0
2025-04-24 00:00:00,63.0
2025-04-25 00:00:00,60.0
2025-04-26 00:00:00,65.0
2025-04-27 00:00:00,61.0
2025-04-28 00:00:00,54.0
2025-04-29 00:00:00,60.0
2025-04-30 00:00:00,56.0
2025-05-01 00:00:00,53.0
2025-05-02 00:00:00,67.0
2025-05-03 00:00:00,65.0
2025-05-04 00:00:00,64.0
2025-05-05 00:00:00,52.0
2025-05-06 00:00:00,59.0
2025-05-07 00:00:00,67.0
2025-05-08 00:00:00,65.0
2025-05-09 00:00:00,73.0
2025-05-10 00:00:00,70.0
2025-05-11 00:00:00,70.0
2025-05-12 00:00:00,70.0
2025-05-13 00:00:00,70.0
2025-05-14 00:00:00,73.0
2025-05-15 00:00:00,70.0
2025-05-16 00:00:00,71.0
2025-05-17 00:00:00,74.0
2025-05-18 00:00:00,74.0
2025-05-19 00:00:00,74.0
2025-05-20 00:00:00,71.0
2025-05-21 00:00:00,70.0
2025-05-22 00:00:00,72.0
2025-05-23 00:00:00,78.0
2025-05-24 00:00:00,66.0
2025-05-25 00:00:00,74.0
2025-05-26 00:00:00,73.0
2025-05-27 00:00:00,74.0
2025-05-28 00:00:00,71.0
2025-05-29 00:00:00,74.0
2025-05-30 00:00:00,60.0
2025-05-31 00:00:00,50.0
2025-06-01 00:00:00,56.0
2025-06-02 00:00:00,64.0
2025-06-03 00:00:00,54.57142857142857
2025-06-04 00:00:00,54.88571428571429
2025-06-05 00:00:00,57.97142857142858
2025-06-06 00:00:00,61.77142857142858
2025-06-07 00:00:00,52.0
2025-06-08 00:00:00,62.0
2025-06-09 00:00:00,63.42857142857143
2025-06-10 00:00:00,64.0
2025-06-11 00:00:00,64.2
2025-06-12 00:00:00,64.6
2025-06-13 00:00:00,59.54285714285715
2025-06-14 00:00:00,63.0
2025-06-15 00:00:00,60.0
2025-06-16 00:00:00,61.114285714285714
2025-06-17 00:00:00,57.42857142857144
2025-06-18 00:00:00,54.285714285714285
2025-06-19 00:00:00,57.0
2025-06-20 00:00:00,54.51428571428573
2025-06-21 00:00:00,49.0
2025-06-22 00:00:00,42.0
2025-06-23 00:00:00,56.60000000000001
2025-06-24 00:00:00,57.885714285714286
2025-06-25 00:00:00,59.25714285714286
2025-06-26 00:00:00,63.00000000000001
2025-06-27 00:00:00,64.8
2025-06-28 00:00:00,65.0
2025-06-29 00:00:00,68.0
2025-06-30 00:00:00,69.22857142857143
2025-07-01 00:00:00,67.54285714285714
2025-07-02 00:00:00,63.714285714285715
2025-07-03 00:00:00,77.62857142857145
2025-07-04 00:00:00,73.0
2025-07-05 00:00:00,67.0
2025-07-06 00:00:00,66.0
2025-07-07 00:00:00,75.08571428571429
2025-07-08 00:00:00,74.62857142857142
2025-07-09 00:00:00,75.91428571428571
2025-07-10 00:00:00,76.97142857142856
2025-07-11 00:00:00,75.25714285714285
2025-07-12 00:00:00,79.0
2025-07-13 00:00:00,74.0
2025-07-14 00:00:00,76.11428571428573
2025-07-15 00:00:00,73.4857142857143
2025-07-16 00:00:00,72.94285714285715
2025-07-17 00:00:00,74.17142857142858
2025-07-18 00:00:00,73.94285714285715
2025-07-19 00:00:00,74.0
2025-07-20 00:00:00,72.0
2025-07-21 00:00:00,73.28571428571429
2025-07-22 00:00:00,73.88571428571429
2025-07-23 00:00:00,76.3714285714286
2025-07-24 00:00:00,75.25714285714287
2025-07-25 00:00:00,74.65714285714286
2025-07-26 00:00:00,72.0
2025-07-27 00:00:00,73.0
2025-07-28 00:00:00,73.8
2025-07-29 00:00:00,70.62857142857143
2025-07-30 00:00:00,68.02857142857142
2025-07-31 00:00:00,63.714285714285715
2025-08-01 00:00:00,49.800000000000004
2025-08-02 00:00:00,55.0
2025-08-03 00:00:00,53.0
2025-08-04 00:00:00,56.885714285714286
2025-08-05 00:00:00,55.028571428571425
2025-08-06 00:00:00,55.314285714285724
2025-08-07 00:00:00,54.71428571428572
2025-08-08 00:00:00,58.37142857142857
2025-08-09 00:00:00,67.0
2025-08-10 00:00:00,69.0
2025-08-11 00:00:00,57.628571428571426
2025-08-12 00:00:00,62.25714285714286
2025-08-13 00:00:00,63.34285714285714
2025-08-14 00:00:00,63.25714285714287
2025-08-15 00:00:00,63.54285714285715
2025-08-16 00:00:00,56.0
2025-08-17 00:00:00,64.0
2025-08-18 00:00:00,64.2
2025-08-19 00:00:00,59.88571428571429
2025-08-20 00:00:00,55.91428571428572
2025-08-21 00:00:00,52.60000000000001
2025-08-22 00:00:00,55.54285714285715
2025-08-23 00:00:00,60.0
2025-08-24 00:00:00,53.0
2025-08-25 00:00:00,53.942857142857136
2025-08-26 00:00:00,55.4
2025-08-27 00:00:00,59.11428571428572
2025-08-28 00:00:00,64.42857142857143
2025-08-29 00:00:00,61.542857142857144
2025-08-30 00:00:00,39.0
2025-08-31 00:00:00,48.0
2025-09-01 00:00:00,46.0
2025-09-02 00:00:00,62.45714285714286
2025-09-03 00:00:00,61.371428571428574
2025-09-04 00:00:00,61.17142857142858
2025-09-05 00:00:00,58.68571428571429
2025-09-06 00:00:00,48.0
2025-09-07 00:00:00,44.0
2025-09-08 00:00:00,58.228571428571435
2025-09-09 00:00:00,57.942857142857136
2025-09-10 00:00:00,57.94285714285714
2025-09-11 00:00:00,60.34285714285715
2025-09-12 00:00:00,61.34285714285714
2025-09-13 00:00:00,52.0
2025-09-14 00:00:00,55.0
2025-09-15 00:00:00,64.45714285714287
2025-09-16 00:00:00,64.37142857142858
2025-09-17 00:00:00,63.77142857142858
2025-09-18 00:00:00,66.54285714285714
2025-09-19 00:00:00,66.22857142857144
2025-09-20 00:00:00,48.0
2025-09-21 00:00:00,49.0
2025-09-22 00:00:00,66.51428571428572
2025-09-23 00:00:00,56.771428571428565
2025-09-24 00:00:00,54.57142857142857
2025-09-25 00:00:00,50.65714285714286
2025-09-26 00:00:00,51.28571428571428
2025-09-27 00:00:00,33.0
2025-09-28 00:00:00,37.0
2025-09-29 00:00:00,50.97142857142857
2025-09-30 00:00:00,51.40000000000001
2025-10-01 00:00:00,52.48571428571428
2025-10-02 00:00:00,54.54285714285715
2025-10-03 00:00:00,52.57142857142857
2025-10-04 00:00:00,71.0
2025-10-05 00:00:00,74.0
2025-10-06 00:00:00,53.971428571428575
2025-10-07 00:00:00,51.857142857142854
2025-10-08 00:00:00,52.942857142857136
2025-10-09 00:00:00,48.62857142857143
2025-10-10 00:00:00,30.14285714285714
2025-10-11 00:00:00,27.0
2025-10-12 00:00:00,24.0
2025-10-13 00:00:00,29.74285714285714
2025-10-14 00:00:00,28.285714285714285
2025-10-15 00:00:00,27.41428571428571
2025-10-16 00:00:00,23.114285714285717
2025-10-17 00:00:00,22.32857142857143
2025-10-18 00:00:00,23.0
2025-10-19 00:00:00,29.0
2025-10-20 00:00:00,29.85714285714286
2025-10-21 00:00:00,28.542857142857148
2025-10-22 00:00:00,26.37142857142857
2025-10-23 00:00:00,27.571428571428573
2025-10-24 00:00:00,32.45714285714286
2025-10-25 00:00:00,37.0
2025-10-26 00:00:00,40.0
2025-10-27 00:00:00,37.34285714285715
2025-10-28 00:00:00,39.34285714285714
2025-10-29 00:00:00,42.114285714285714
2025-10-30 00:00:00,37.05714285714286
2025-10-31 00:00:00,34.45714285714286
2025-11-01 00:00:00,33.0
2025-11-02 00:00:00,37.0
2025-11-03 00:00:00,32.6
2025-11-04 00:00:00,20.94285714285714
2025-11-05 00:00:00,23.057142857142857
2025-11-06 00:00:00,24.342857142857145
2025-11-07 00:00:00,20.428571428571427
2025-11-08 00:00:00,20.0
2025-11-09 00:00:00,22.0
2025-11-10 00:00:00,29.942857142857143
2025-11-11 00:00:00,30.457142857142856
2025-11-12 00:00:00,34.57142857142858
2025-11-13 00:00:00,24.542857142857144
2025-11-14 00:00:00,22.057142857142853
2025-11-15 00:00:00,10.0
2025-11-16 00:00:00,10.0
2025-11-17 00:00:00,11.642857142857142
2025-11-18 00:00:00,8.9
2025-11-19 00:00:00,7.857142857142857
2025-11-20 00:00:00,5.171428571428572
2025-11-21 00:00:00,5.6571428571428575
2025-11-22 00:00:00,11.0
2025-11-23 00:00:00,13.0
2025-11-24 00:00:00,13.685714285714285
2025-11-25 00:00:00,15.028571428571428
2025-11-26 00:00:00,17.657142857142862
2025-11-27 00:00:00,22.0
2025-11-28 00:00:00,21.771428571428572
2025-11-29 00:00:00,28.0
2025-11-30 00:00:00,28.0
2025-12-01 00:00:00,22.085714285714285
2025-12-02 00:00:00,23.257142857142856
2025-12-03 00:00:00,24.771428571428572
2025-12-04 00:00:00,36.02857142857143
2025-12-05 00:00:00,38.142857142857146
2025-12-06 00:00:00,23.0
2025-12-07 00:00:00,20.0
2025-12-08 00:00:00,40.77142857142858
2025-12-09 00:00:00,40.94285714285714
2025-12-10 00:00:00,36.371428571428574
2025-12-11 00:00:00,43.74285714285714
2025-12-12 00:00:00,39.285714285714285
2025-12-13 00:00:00,23.0
2025-12-14 00:00:00,21.0
2025-12-15 00:00:00,49.314285714285724
2025-12-16 00:00:00,46.4
2025-12-17 00:00:00,37.68571428571429
2025-12-18 00:00:00,42.371428571428574
2025-12-19 00:00:00,44.199999999999996
2025-12-20 00:00:00,20.0
2025-12-21 00:00:00,20.0
2025-12-22 00:00:00,54.88571428571429
2025-12-23 00:00:00,58.57142857142857
2025-12-24 00:00:00,58.0
2025-12-25 00:00:00,23.0
2025-12-26 00:00:00,54.857142857142854
2025-12-27 00:00:00,23.0
2025-12-28 00:00:00,24.0
2025-12-29 00:00:00,47.885714285714286
2025-12-30 00:00:00,46.114285714285714
2025-12-31 00:00:00,43.25714285714286
2026-01-01 00:00:00,20.0
2026-01-02 00:00:00,45.22857142857142
2026-01-03 00:00:00,29.0
2026-01-04 00:00:00,25.0
2026-01-05 00:00:00,47.60000000000001
2026-01-06 00:00:00,52.857142857142854
2026-01-07 00:00:00,48.57142857142857
2026-01-08 00:00:00,48.371428571428574
2026-01-09 00:00:00,54.114285714285714
2026-01-10 00:00:00,25.0
2026-01-11 00:00:00,29.0
2026-01-12 00:00:00,58.0
2026-01-13 00:00:00,59.085714285714296
2026-01-14 00:00:00,58.62857142857143
2026-01-15 00:00:00,63.65714285714286
2026-01-16 00:00:00,63.77142857142858
2026-01-17 00:00:00,50.0
2026-01-18 00:00:00,49.0
2026-01-19 00:00:00,44.0
2026-01-20 00:00:00,50.85714285714287
2026-01-21 00:00:00,53.857142857142854
2026-01-22 00:00:00,54.771428571428565
2026-01-23 00:00:00,54.885714285714286
2026-01-24 00:00:00,25.0
2026-01-25 00:00:00,25.0
2026-01-26 00:00:00,57.65714285714286
2026-01-27 00:00:00,64.97142857142858
2026-01-28 00:00:00,65.54285714285713
2026-01-29 00:00:00,63.82857142857143
2026-01-30 00:00:00,58.60000000000001
2026-01-31 00:00:00,20.0
2026-02-01 00:00:00,14.0
2026-02-02 00:00:00,63.40000000000001
2026-02-03 00:00:00,43.34285714285714
2026-02-04 00:00:00,47.228571428571435
2026-02-05 00:00:00,34.94285714285714
2026-02-06 00:00:00,45.371428571428574
2026-02-07 00:00:00,6.0
2026-02-08 00:00:00,7.0
2026-02-09 00:00:00,48.4857142857143
2026-02-10 00:00:00,47.228571428571435
2026-02-11 00:00:00,49.91428571428571
2026-02-12 00:00:00,36.357142857142854
2026-02-13 00:00:00,33.84285714285714
2026-02-14 00:00:00,9.0
2026-02-15 00:00:00,8.0
2026-02-16 00:00:00,12.0
2026-02-17 00:00:00,33.31428571428572
2026-02-18 00:00:00,34.157142857142865
2026-02-19 00:00:00,34.400000000000006
2026-02-20 00:00:00,42.34285714285715
2026-02-21 00:00:00,8.0
2026-02-22 00:00:00,9.0
2026-02-23 00:00:00,32.542857142857144
2026-02-24 00:00:00,40.25714285714286
2026-02-25 00:00:00,43.142857142857146
2026-02-26 00:00:00,42.91428571428571
2026-02-27 00:00:00,41.17142857142857
2026-02-28 00:00:00,11.0
2026-03-01 00:00:00,14.0
2026-03-02 00:00:00,34.285714285714285
2026-03-03 00:00:00,31.628571428571426
2026-03-04 00:00:00,33.07142857142857
2026-03-05 00:00:00,31.62857142857143
2026-03-06 00:00:00,25.25714285714286
2026-03-07 00:00:00,12.0
2026-03-08 00:00:00,12.0
2026-03-09 00:00:00,22.228571428571428
2026-03-10 00:00:00,20.271428571428572
2026-03-11 00:00:00,18.314285714285713
2026-03-12 00:00:00,18.0
2026-03-13 00:00:00,16.671428571428574
2026-03-14 00:00:00,16.0
2026-03-15 00:00:00,15.0
2026-03-16 00:00:00,23.914285714285718
2026-03-17 00:00:00,22.88571428571429
2026-03-18 00:00:00,13.614285714285714
2026-03-19 00:00:00,18.314285714285713
2026-03-20 00:00:00,8.4
2026-03-21 00:00:00,12.0
2026-03-22 00:00:00,10.0
2026-03-23 00:00:00,11.62857142857143
2026-03-24 00:00:00,10.35714285714286
2026-03-25 00:00:00,16.542857142857144
2026-03-26 00:00:00,10.257142857142858
2026-03-27 00:00:00,8.171428571428573
2026-03-28 00:00:00,12.0
2026-03-29 00:00:00,9.0
2026-03-30 00:00:00,5.771428571428572
2026-03-31 00:00:00,14.885714285714284
2026-04-01 00:00:00,15.857142857142858
2026-04-02 00:00:00,18.285714285714285
2026-04-03 00:00:00,9.0
2026-04-04 00:00:00,11.0
2026-04-05 00:00:00,12.0
2026-04-06 00:00:00,21.85714285714286
2026-04-07 00:00:00,21.571428571428573
2026-04-08 00:00:00,29.171428571428574
2026-04-09 00:00:00,33.800000000000004
2026-04-10 00:00:00,38.05714285714286
2026-04-11 00:00:00,15.0
2026-04-12 00:00:00,16.0
2026-04-13 00:00:00,40.971428571428575
2026-04-14 00:00:00,47.25714285714286
2026-04-15 00:00:00,56.2
2026-04-16 00:00:00,61.48571428571429
2026-04-17 00:00:00,68.57142857142858
2026-04-18 00:00:00,26.0
2026-04-19 00:00:00,27.0
2026-04-20 00:00:00,69.97142857142858
2026-04-21 00:00:00,67.57142857142858
2026-04-22 00:00:00,68.45714285714286
2026-04-23 00:00:00,66.17142857142856
2026-04-24 00:00:00,65.4
2026-04-25 00:00:00,31.0
2026-04-26 00:00:00,33.0
2026-04-27 00:00:00,66.28571428571429
2026-04-28 00:00:00,67.42857142857142
2026-04-29 00:00:00,66.22857142857143
2026-04-30 00:00:00,69.51428571428572
2026-05-01 00:00:00,71.17142857142856
2026-05-02 00:00:00,39.0
2026-05-03 00:00:00,47.0
2026-05-04 00:00:00,66.88571428571429
2026-05-05 00:00:00,67.25714285714287
2026-05-06 00:00:00,68.74285714285715
2026-05-07 00:00:00,67.28571428571429
2026-05-08 00:00:00,67.28571428571429
2026-05-09 00:00:00,38.0
2026-05-10 00:00:00,47.0
2026-05-11 00:00:00,66.62857142857143
2026-05-12 00:00:00,65.68571428571428
2026-05-13 00:00:00,64.97142857142858
2026-05-14 00:00:00,65.91428571428573
2026-05-15 00:00:00,63.22857142857142
2026-05-16 00:00:00,31.0
2026-05-17 00:00:00,27.0
2026-05-18 00:00:00,61.5714285714286
2026-05-19 00:00:00,59.3714285714286
2026-05-20 00:00:00,60.2571428571429
2026-05-21 00:00:00,58.0571428571429
2026-05-22 00:00:00,58.9714285714286
2026-05-23 00:00:00,28.0
2026-05-24 00:00:00,25.0
2026-05-25 00:00:00,30.0
2026-05-26 00:00:00,60.9142857142857
2026-05-27 00:00:00,60.6
2026-05-28 00:00:00,60.0857142857143
2026-05-29 00:00:00,59.5142857142857
2026-05-30 00:00:00,23.0
2026-05-31 00:00:00,28.0
2026-06-01 00:00:00,56.5428571428571
2026-06-02 00:00:00,56.0571428571429
2026-06-03 00:00:00,53.0285714285714
2026-06-03 18:36:45,54.3142857142857
2026-06-03 19:11:17,54.1714285714286
2026-06-03 19:18:13,54.1428571428571
2026-06-03 23:59:52,54.0
2026-06-04 00:00:00,53.8857142857143
2026-06-04 16:40:06,54.6
2026-06-04 16:51:54,54.6571428571429
2026-06-04 23:59:55,54.7428571428571
2026-06-05 00:00:00,41.7714285714286
2026-06-05 23:59:52,42.0571428571429
2026-06-06 00:00:00,12.0
2026-06-08 00:00:00,39.8857142857143
2026-06-08 07:39:46,42.0571428571429
2026-06-08 07:45:01,42.0571428571429
2026-06-09 00:00:00,32.4857142857143
2026-06-09 07:42:16,39.3714285714286
2026-06-10 00:00:00,27.2
2026-06-10 07:44:31,33.6571428571429
2026-06-11 00:00:00,27.2
2026-06-11 07:41:31,27.2
