date,pct
2020-01-02,84.85477178423237
2020-01-03,84.02489626556017
2020-01-06,84.43983402489627
2020-01-07,82.78008298755186
2020-01-08,83.60995850622406
2020-01-09,86.09958506224066
2020-01-10,85.26970954356847
2020-01-13,86.72199170124482
2020-01-14,87.34439834024896
2020-01-15,87.96680497925311
2020-01-16,89.41908713692946
2020-01-17,89.6265560165975
2020-01-21,87.75933609958506
2020-01-22,87.75933609958506
2020-01-23,87.75933609958506
2020-01-24,85.06224066390041
2020-01-27,79.46058091286307
2020-01-28,82.57261410788382
2020-01-29,80.49792531120332
2020-01-30,80.91286307053942
2020-01-31,75.72614107883817
2020-02-03,76.76348547717842
2020-02-04,80.70539419087137
2020-02-05,84.43983402489627
2020-02-06,84.85477178423237
2020-02-07,80.91286307053942
2020-02-10,82.36514522821577
2020-02-11,83.60995850622406
2020-02-12,85.26970954356847
2020-02-13,83.81742738589212
2020-02-14,84.43983402489627
2020-02-18,82.36514522821577
2020-02-19,82.98755186721992
2020-02-20,84.43983402489627
2020-02-21,82.36514522821577
2020-02-24,72.82157676348548
2020-02-25,58.38509316770186
2020-02-26,55.27950310559006
2020-02-27,42.44306418219462
2020-02-28,32.298136645962735
2020-03-02,51.13871635610766
2020-03-03,42.85714285714285
2020-03-04,54.03726708074535
2020-03-05,44.927536231884055
2020-03-06,41.40786749482402
2020-03-09,19.66873706004141
2020-03-10,31.40495867768595
2020-03-11,16.52892561983471
2020-03-12,7.024793388429752
2020-03-13,14.256198347107436
2020-03-16,4.545454545454546
2020-03-17,11.983471074380166
2020-03-18,8.057851239669422
2020-03-19,6.404958677685951
2020-03-20,3.71900826446281
2020-03-23,3.71900826446281
2020-03-24,5.991735537190083
2020-03-25,5.371900826446281
2020-03-26,11.34020618556701
2020-03-27,7.835051546391752
2020-03-30,13.814432989690722
2020-03-31,11.54639175257732
2020-04-01,8.65979381443299
2020-04-02,10.515463917525771
2020-04-03,9.690721649484535
2020-04-06,15.670103092783505
2020-04-07,14.43298969072165
2020-04-08,20.0
2020-04-09,22.68041237113402
2020-04-13,18.762886597938145
2020-04-14,26.18556701030928
2020-04-15,21.855670103092784
2020-04-16,25.15463917525773
2020-04-17,30.103092783505154
2020-04-20,25.97938144329897
2020-04-21,20.0
2020-04-22,24.123711340206185
2020-04-23,24.329896907216494
2020-04-24,26.18556701030928
2020-04-27,28.45360824742268
2020-04-28,28.24742268041237
2020-04-29,35.05154639175258
2020-04-30,29.690721649484537
2020-05-01,24.53608247422681
2020-05-04,26.5979381443299
2020-05-05,29.484536082474225
2020-05-06,29.89690721649485
2020-05-07,31.34020618556701
2020-05-08,35.25773195876289
2020-05-11,34.845360824742265
2020-05-12,31.1340206185567
2020-05-13,29.690721649484537
2020-05-14,31.75257731958763
2020-05-15,31.34020618556701
2020-05-18,38.96907216494845
2020-05-19,35.05154639175258
2020-05-20,40.41237113402062
2020-05-21,37.7319587628866
2020-05-22,39.58762886597938
2020-05-26,42.68041237113402
2020-05-27,47.628865979381445
2020-05-28,47.83505154639175
2020-05-29,49.48453608247423
2020-06-01,49.69072164948454
2020-06-02,51.34020618556701
2020-06-03,56.49484536082474
2020-06-04,55.876288659793815
2020-06-05,65.56701030927834
2020-06-08,72.98969072164948
2020-06-09,63.50515463917526
2020-06-10,56.49484536082474
2020-06-11,42.2680412371134
2020-06-12,44.74226804123711
2020-06-15,47.01030927835052
2020-06-16,50.30927835051546
2020-06-17,49.07216494845361
2020-06-18,48.04123711340206
2020-06-19,47.422680412371136
2020-06-22,47.01030927835052
2020-06-23,48.04123711340206
2020-06-24,41.44329896907217
2020-06-25,43.50515463917526
2020-06-26,39.381443298969074
2020-06-29,42.68041237113402
2020-06-30,46.8041237113402
2020-07-01,46.39175257731959
2020-07-02,48.45360824742268
2020-07-06,50.41152263374486
2020-07-07,47.73662551440329
2020-07-08,47.53086419753087
2020-07-09,45.26748971193416
2020-07-10,46.91358024691358
2020-07-13,47.325102880658434
2020-07-14,51.23456790123457
2020-07-15,55.96707818930041
2020-07-16,55.96707818930041
2020-07-17,58.02469135802469
2020-07-20,56.17283950617284
2020-07-21,58.02469135802469
2020-07-22,62.13991769547325
2020-07-23,61.31687242798354
2020-07-24,59.67078189300412
2020-07-27,59.67078189300412
2020-07-28,58.641975308641975
2020-07-29,61.31687242798354
2020-07-30,60.2880658436214
2020-07-31,59.465020576131685
2020-08-03,59.876543209876544
2020-08-04,59.465020576131685
2020-08-05,62.34567901234568
2020-08-06,61.31687242798354
2020-08-07,65.02057613168725
2020-08-10,67.07818930041152
2020-08-11,66.8724279835391
2020-08-12,67.07818930041152
2020-08-13,66.46090534979425
2020-08-14,67.07818930041152
2020-08-17,65.84362139917695
2020-08-18,65.84362139917695
2020-08-19,64.81481481481481
2020-08-20,64.60905349794238
2020-08-21,63.58024691358025
2020-08-24,66.2551440329218
2020-08-25,66.2551440329218
2020-08-26,65.22633744855968
2020-08-27,66.8724279835391
2020-08-28,69.1358024691358
2020-08-31,67.48971193415638
2020-09-01,67.6954732510288
2020-09-02,72.42798353909465
2020-09-03,68.93004115226337
2020-09-04,68.3127572016461
2020-09-08,63.99176954732511
2020-09-09,65.84362139917695
2020-09-10,63.78600823045267
2020-09-11,64.60905349794238
2020-09-14,67.90123456790124
2020-09-15,67.6954732510288
2020-09-16,70.16460905349794
2020-09-17,68.72427983539094
2020-09-18,66.04938271604938
2020-09-21,60.699588477366255
2020-09-22,62.96296296296296
2020-09-23,58.43621399176955
2020-09-24,59.053497942386834
2020-09-25,61.522633744855966
2020-09-28,65.02057613168725
2020-09-29,63.37448559670782
2020-09-30,65.4320987654321
2020-10-01,66.8724279835391
2020-10-02,67.90123456790124
2020-10-05,73.25102880658436
2020-10-06,70.57613168724279
2020-10-07,75.10288065843622
2020-10-08,78.39506172839506
2020-10-09,78.18930041152264
2020-10-12,78.80658436213992
2020-10-13,76.54320987654322
2020-10-14,75.92592592592592
2020-10-15,76.74897119341564
2020-10-16,77.36625514403292
2020-10-19,74.48559670781893
2020-10-20,75.92592592592592
2020-10-21,74.69135802469135
2020-10-22,76.95473251028807
2020-10-23,77.77777777777777
2020-10-26,73.66255144032922
2020-10-27,68.72427983539094
2020-10-28,60.2880658436214
2020-10-29,63.16872427983539
2020-10-30,63.16872427983539
2020-11-02,69.75308641975309
2020-11-03,73.66255144032922
2020-11-04,75.30864197530865
2020-11-05,77.98353909465021
2020-11-06,75.92592592592592
2020-11-09,84.77366255144032
2020-11-10,87.44855967078189
2020-11-11,86.62551440329219
2020-11-12,84.97942386831275
2020-11-13,88.68312757201646
2020-11-16,91.35802469135804
2020-11-17,91.56378600823044
2020-11-18,89.91769547325103
2020-11-19,90.53497942386832
2020-11-20,89.50617283950618
2020-11-23,90.94650205761316
2020-11-24,92.38683127572016
2020-11-25,92.18106995884774
2020-11-27,93.20987654320987
2020-11-30,91.9753086419753
2020-12-01,93.4156378600823
2020-12-02,93.4156378600823
2020-12-03,93.00411522633745
2020-12-04,93.00411522633745
2020-12-07,93.20987654320987
2020-12-08,92.79835390946502
2020-12-09,92.18106995884774
2020-12-10,91.35802469135804
2020-12-11,91.56378600823044
2020-12-14,91.1522633744856
2020-12-15,92.79835390946502
2020-12-16,92.38683127572016
2020-12-17,92.79835390946502
2020-12-18,92.18106995884774
2020-12-21,90.74074074074076
2020-12-22,90.32921810699588
2020-12-23,90.53497942386832
2020-12-24,91.56378600823044
2020-12-28,90.94650205761316
2020-12-29,90.74074074074076
2020-12-30,91.1522633744856
2020-12-31,92.62295081967213
2021-01-04,91.3934426229508
2021-01-05,91.3934426229508
2021-01-06,92.41803278688523
2021-01-07,90.98360655737704
2021-01-08,91.59836065573772
2021-01-11,90.98360655737704
2021-01-12,90.77868852459017
2021-01-13,90.57377049180327
2021-01-14,90.1639344262295
2021-01-15,90.77868852459017
2021-01-19,91.3934426229508
2021-01-20,92.00819672131148
2021-01-21,91.3934426229508
2021-01-22,90.57377049180327
2021-01-25,91.59836065573772
2021-01-26,91.3934426229508
2021-01-27,88.31967213114754
2021-01-28,88.52459016393442
2021-01-29,86.27049180327869
2021-02-01,88.31967213114754
2021-02-02,89.75409836065573
2021-02-03,88.93442622950819
2021-02-04,90.1639344262295
2021-02-05,90.3688524590164
2021-02-08,90.77868852459017
2021-02-09,90.77868852459017
2021-02-10,90.3688524590164
2021-02-11,88.93442622950819
2021-02-12,88.52459016393442
2021-02-16,88.11475409836065
2021-02-17,89.95901639344262
2021-02-18,89.54918032786885
2021-02-19,88.31967213114754
2021-02-22,86.06557377049181
2021-02-23,86.27049180327869
2021-02-24,86.47540983606558
2021-02-25,82.99180327868852
2021-02-26,79.71311475409836
2021-03-01,83.81147540983606
2021-03-02,82.78688524590164
2021-03-03,80.94262295081967
2021-03-04,77.45901639344262
2021-03-05,81.76229508196721
2021-03-08,80.12295081967213
2021-03-09,83.60655737704919
2021-03-10,84.01639344262296
2021-03-11,84.8360655737705
2021-03-12,86.06557377049181
2021-03-15,87.70491803278688
2021-03-16,88.11475409836065
2021-03-17,87.70491803278688
2021-03-18,86.27049180327869
2021-03-19,86.47540983606558
2021-03-22,88.11475409836065
2021-03-23,88.31967213114754
2021-03-24,87.70491803278688
2021-03-25,88.52459016393442
2021-03-26,92.21311475409836
2021-03-29,93.0327868852459
2021-03-30,91.18852459016394
2021-03-31,92.62295081967213
2021-04-01,93.44262295081968
2021-04-05,94.4672131147541
2021-04-06,94.4672131147541
2021-04-07,94.05737704918032
2021-04-08,94.05737704918032
2021-04-09,94.2622950819672
2021-04-12,94.2622950819672
2021-04-13,94.4672131147541
2021-04-14,94.4672131147541
2021-04-15,95.49180327868852
2021-04-16,95.6967213114754
2021-04-19,95.08196721311477
2021-04-20,95.49180327868852
2021-04-21,96.51639344262296
2021-04-22,96.51639344262296
2021-04-23,96.31147540983606
2021-04-26,95.49180327868852
2021-04-27,95.08196721311477
2021-04-28,94.2622950819672
2021-04-29,95.28688524590164
2021-04-30,94.05737704918032
2021-05-03,94.4672131147541
2021-05-04,93.64754098360656
2021-05-05,92.82786885245902
2021-05-06,92.41803278688523
2021-05-07,92.62295081967213
2021-05-10,91.8032786885246
2021-05-11,91.3934426229508
2021-05-12,87.90983606557377
2021-05-13,89.34426229508196
2021-05-14,91.3934426229508
2021-05-17,89.95901639344262
2021-05-18,89.13934426229508
2021-05-19,89.75409836065573
2021-05-20,91.59836065573772
2021-05-21,90.77868852459017
2021-05-24,91.59836065573772
2021-05-25,91.3934426229508
2021-05-26,90.98360655737704
2021-05-27,90.77868852459017
2021-05-28,91.8032786885246
2021-06-01,90.3688524590164
2021-06-02,90.77868852459017
2021-06-03,89.75409836065573
2021-06-04,91.59836065573772
2021-06-07,90.57377049180327
2021-06-08,90.77868852459017
2021-06-09,90.57377049180327
2021-06-10,92.41803278688523
2021-06-11,93.44262295081968
2021-06-14,93.64754098360656
2021-06-15,92.62295081967213
2021-06-16,90.77868852459017
2021-06-17,90.98360655737704
2021-06-18,89.13934426229508
2021-06-21,90.3688524590164
2021-06-22,90.3688524590164
2021-06-23,89.34426229508196
2021-06-24,90.57377049180327
2021-06-25,92.82786885245902
2021-06-28,93.0327868852459
2021-06-29,91.8032786885246
2021-06-30,91.8032786885246
2021-07-01,91.8032786885246
2021-07-02,92.21311475409836
2021-07-06,92.00819672131148
2021-07-07,92.41803278688523
2021-07-08,92.00819672131148
2021-07-09,92.62295081967213
2021-07-12,92.21311475409836
2021-07-13,90.3688524590164
2021-07-14,90.3688524590164
2021-07-15,90.77868852459017
2021-07-16,88.13905930470348
2021-07-19,82.20858895705521
2021-07-20,86.9120654396728
2021-07-21,88.5480572597137
2021-07-22,87.32106339468302
2021-07-23,87.93456032719837
2021-07-26,88.95705521472392
2021-07-27,89.57055214723927
2021-07-28,89.16155419222903
2021-07-29,88.95705521472392
2021-07-30,88.13905930470348
2021-08-02,87.52556237218813
2021-08-03,88.13905930470348
2021-08-04,84.66257668711657
2021-08-05,84.66257668711657
2021-08-06,85.07157464212679
2021-08-09,84.66257668711657
2021-08-10,85.2760736196319
2021-08-11,86.70756646216769
2021-08-12,85.88957055214723
2021-08-13,85.68507157464212
2021-08-16,84.86707566462168
2021-08-17,83.02658486707567
2021-08-18,80.98159509202453
2021-08-19,78.11860940695297
2021-08-20,78.93660531697341
2021-08-23,82.0040899795501
2021-08-24,83.43558282208589
2021-08-25,84.86707566462168
2021-08-26,82.0040899795501
2021-08-27,84.45807770961146
2021-08-30,83.23108384458078
2021-08-31,83.43558282208589
2021-09-01,82.82208588957056
2021-09-02,83.84458077709611
2021-09-03,82.61758691206543
2021-09-07,80.77709611451942
2021-09-08,79.14110429447852
2021-09-09,77.50511247443762
2021-09-10,75.66462167689161
2021-09-13,78.7321063394683
2021-09-14,75.86912065439672
2021-09-15,76.89161554192229
2021-09-16,75.66462167689161
2021-09-17,74.43762781186093
2021-09-20,69.73415132924336
2021-09-21,68.09815950920246
2021-09-22,71.98364008179959
2021-09-23,76.27811860940696
2021-09-24,76.3265306122449
2021-09-27,76.17107942973523
2021-09-28,71.4867617107943
2021-09-29,72.30142566191446
2021-09-30,66.19144602851324
2021-10-01,70.061099796334
2021-10-04,69.85743380855398
2021-10-05,69.65376782077394
2021-10-06,71.4867617107943
2021-10-07,73.31975560081466
2021-10-08,70.46843177189409
2021-10-11,68.22810590631364
2021-10-12,67.41344195519348
2021-10-13,69.04276985743381
2021-10-14,75.76374745417515
2021-10-15,76.57841140529531
2021-10-18,73.93075356415478
2021-10-19,77.18940936863544
2021-10-20,78.41140529531569
2021-10-21,78.61507128309572
2021-10-22,79.0224032586558
2021-10-25,78.0040733197556
2021-10-26,78.0040733197556
2021-10-27,74.74541751527495
2021-10-28,77.18940936863544
2021-10-29,75.35641547861508
2021-11-01,78.20773930753565
2021-11-02,76.9857433808554
2021-11-03,79.42973523421588
2021-11-04,77.59674134419552
2021-11-05,79.42973523421588
2021-11-08,79.22606924643584
2021-11-09,79.42973523421588
2021-11-10,79.22606924643584
2021-11-11,78.41140529531569
2021-11-12,78.41140529531569
2021-11-15,79.0224032586558
2021-11-16,77.80040733197556
2021-11-17,76.37474541751527
2021-11-18,75.35641547861508
2021-11-19,74.54175152749491
2021-11-22,75.35641547861508
2021-11-23,76.01626016260163
2021-11-24,75.20325203252033
2021-11-26,68.90243902439025
2021-11-29,69.71544715447155
2021-11-30,61.17886178861789
2021-12-01,56.91056910569106
2021-12-02,64.63414634146342
2021-12-03,63.61788617886179
2021-12-06,69.51219512195122
2021-12-07,72.35772357723577
2021-12-08,73.3739837398374
2021-12-09,72.35772357723577
2021-12-10,73.3739837398374
2021-12-13,71.7479674796748
2021-12-14,70.73170731707317
2021-12-15,72.15447154471545
2021-12-16,71.7479674796748
2021-12-17,68.08943089430895
2021-12-20,62.80487804878049
2021-12-21,69.3089430894309
2021-12-22,69.3089430894309
2021-12-23,72.15447154471545
2021-12-27,75.40650406504065
2021-12-28,75.8130081300813
2021-12-29,76.6260162601626
2021-12-30,76.42276422764228
2021-12-31,76.6260162601626
2022-01-03,77.23577235772358
2022-01-04,78.04878048780488
2022-01-05,74.39024390243902
2022-01-06,73.17073170731707
2022-01-07,73.98373983739837
2022-01-10,72.15447154471545
2022-01-11,73.78048780487805
2022-01-12,74.79674796747967
2022-01-13,73.17073170731707
2022-01-14,69.91869918699187
2022-01-18,63.82113821138211
2022-01-19,60.97560975609756
2022-01-20,56.91056910569106
2022-01-21,54.47154471544715
2022-01-24,56.300813008130085
2022-01-25,50.0
2022-01-26,45.63894523326572
2022-01-27,42.30769230769231
2022-01-28,49.59514170040486
2022-01-31,55.465587044534416
2022-02-01,57.28744939271255
2022-02-02,60.526315789473685
2022-02-03,54.04858299595141
2022-02-04,52.42914979757085
2022-02-07,53.036437246963565
2022-02-08,56.68016194331984
2022-02-09,61.74089068825911
2022-02-10,55.465587044534416
2022-02-11,49.392712550607285
2022-02-14,46.76113360323887
2022-02-15,52.83400809716599
2022-02-16,54.45344129554656
2022-02-17,47.97570850202429
2022-02-18,47.36842105263158
2022-02-22,44.33198380566802
2022-02-23,38.8663967611336
2022-02-24,39.67611336032389
2022-02-25,49.797570850202426
2022-02-28,48.17813765182186
2022-03-01,40.89068825910931
2022-03-02,48.38056680161943
2022-03-03,47.97570850202429
2022-03-04,45.74898785425101
2022-03-07,37.04453441295546
2022-03-08,35.82995951417004
2022-03-09,40.48582995951417
2022-03-10,39.878542510121456
2022-03-11,37.85425101214575
2022-03-14,38.25910931174089
2022-03-15,41.902834008097166
2022-03-16,45.54655870445344
2022-03-17,49.19028340080972
2022-03-18,52.83400809716599
2022-03-21,51.21457489878542
2022-03-22,53.64372469635627
2022-03-23,49.19028340080972
2022-03-24,53.44129554655871
2022-03-25,54.25101214574899
2022-03-28,56.07287449392712
2022-03-29,62.34817813765182
2022-03-30,59.51417004048583
2022-03-31,54.45344129554656
2022-04-01,54.04858299595141
2022-04-04,54.25101214574899
2022-05-23,29.554655870445345
2022-05-24,30.97165991902834
2022-05-25,31.17408906882591
2022-05-26,34.21052631578947
2022-05-27,38.46153846153846
2022-05-31,37.11967545638945
2022-06-01,34.27991886409736
2022-06-02,36.58536585365854
2022-06-03,34.34959349593496
2022-06-06,34.75609756097561
2022-06-07,38.41463414634146
2022-06-08,34.34959349593496
2022-06-09,28.86178861788618
2022-06-10,25.8130081300813
2022-06-13,19.308943089430894
2022-06-14,17.276422764227643
2022-06-15,18.29268292682927
2022-06-16,13.617886178861788
2022-06-17,12.601626016260163
2022-06-21,17.276422764227643
2022-06-22,16.666666666666668
2022-06-23,18.69918699186992
2022-06-24,23.3739837398374
2022-06-27,24.390243902439025
2022-06-28,22.5609756097561
2022-06-29,22.5609756097561
2022-06-30,21.951219512195124
2022-07-01,25.0
2022-07-05,21.13821138211382
2022-07-06,20.73170731707317
2022-07-07,22.5609756097561
2022-07-08,22.357723577235774
2022-07-11,21.54471544715447
2022-07-12,20.73170731707317
2022-07-13,19.715447154471544
2022-07-14,18.69918699186992
2022-07-15,19.91869918699187
2022-07-18,17.88617886178862
2022-07-19,21.747967479674795
2022-07-20,20.934959349593495
2022-07-21,22.764227642276424
2022-07-22,22.5609756097561
2022-07-25,25.8130081300813
2022-07-26,24.1869918699187
2022-07-27,28.252032520325205
2022-07-28,34.959349593495936
2022-07-29,37.60162601626016
2022-08-01,36.99186991869919
2022-08-02,34.34959349593496
2022-08-03,38.41463414634146
2022-08-04,38.21138211382114
2022-08-05,38.41463414634146
2022-08-08,39.63414634146341
2022-08-09,36.58536585365854
2022-08-10,44.3089430894309
2022-08-11,45.1219512195122
2022-08-12,51.422764227642276
2022-08-15,51.829268292682926
2022-08-16,54.26829268292683
2022-08-17,51.21951219512195
2022-08-18,53.048780487804876
2022-08-19,47.764227642276424
2022-08-22,40.24390243902439
2022-08-23,40.447154471544714
2022-08-24,41.260162601626014
2022-08-25,45.9349593495935
2022-08-26,37.39837398373984
2022-08-29,35.97560975609756
2022-08-30,32.520325203252035
2022-08-31,31.097560975609756
2022-09-01,32.113821138211385
2022-09-02,29.471544715447155
2022-09-06,29.67479674796748
2022-09-07,36.17886178861789
2022-09-08,38.21138211382114
2022-09-09,42.68292682926829
2022-09-12,44.3089430894309
2022-09-13,34.552845528455286
2022-09-14,33.94308943089431
2022-09-15,31.910569105691057
2022-09-16,29.878048780487806
2022-09-19,31.30081300813008
2022-09-20,28.45528455284553
2022-09-21,25.40650406504065
2022-09-22,21.341463414634145
2022-09-23,16.666666666666668
2022-09-26,13.821138211382113
2022-09-27,12.601626016260163
2022-09-28,16.869918699186993
2022-09-29,14.227642276422765
2022-09-30,13.211382113821138
2022-10-03,17.276422764227643
2022-10-04,24.59349593495935
2022-10-05,24.59349593495935
2022-10-06,21.951219512195124
2022-10-07,18.089430894308943
2022-10-10,17.479674796747968
2022-10-11,17.88617886178862
2022-10-12,17.276422764227643
2022-10-13,19.91869918699187
2022-10-14,16.666666666666668
2022-10-17,20.32520325203252
2022-10-18,22.96747967479675
2022-10-19,21.341463414634145
2022-10-20,19.51219512195122
2022-10-21,24.1869918699187
2022-10-24,26.422764227642276
2022-10-25,31.30081300813008
2022-10-26,33.333333333333336
2022-10-27,34.34959349593496
2022-10-28,40.65040650406504
2022-10-31,40.040650406504064
2022-11-01,40.040650406504064
2022-11-02,36.308316430020284
2022-11-03,35.496957403651116
2022-11-04,38.945233265720084
2022-11-07,42.79918864097363
2022-11-08,43.81338742393509
2022-11-09,40.36511156186612
2022-11-10,55.98377281947262
2022-11-11,57.809330628803245
2022-11-14,54.563894523326574
2022-11-15,57.40365111561866
2022-11-16,55.57809330628803
2022-11-17,53.54969574036511
2022-11-18,58.21501014198783
2022-11-21,58.21501014198783
2022-11-22,61.054766734279916
2022-11-23,63.894523326572006
2022-11-25,65.11156186612575
2022-11-28,60.04056795131846
2022-11-29,59.83772819472617
2022-11-30,66.7342799188641
2022-12-01,67.34279918864097
2022-12-02,65.72008113590263
2022-12-05,60.649087221095336
2022-12-06,58.8235294117647
2022-12-07,58.21501014198783
2022-12-08,59.63488843813388
2022-12-09,58.41784989858012
2022-12-12,62.88032454361055
2022-12-13,66.32860040567951
2022-12-14,63.488843813387426
2022-12-15,54.766734279918865
2022-12-16,51.521298174442194
2022-12-19,49.29006085192698
2022-12-20,49.69574036511156
2022-12-21,53.9553752535497
2022-12-22,51.926977687626774
2022-12-23,53.75253549695741
2022-12-27,54.563894523326574
2022-12-28,50.912778904665316
2022-12-29,54.969574036511155
2022-12-30,52.33265720081136
2023-01-03,52.33265720081136
2023-01-04,55.37525354969574
2023-01-05,52.129817444219064
2023-01-06,58.62068965517241
2023-01-09,59.026369168357
2023-01-10,61.86612576064909
2023-01-11,65.51724137931035
2023-01-12,67.95131845841784
2023-01-13,67.34279918864097
2023-01-17,67.13995943204868
2023-01-18,60.851926977687626
2023-01-19,59.026369168357
2023-01-20,64.0973630831643
2023-01-23,67.54563894523326
2023-01-24,66.5314401622718
2023-01-25,66.93711967545639
2023-01-26,68.35699797160244
2023-01-27,69.57403651115618
2023-01-30,67.74847870182556
2023-01-31,73.63083164300203
2023-02-01,75.65922920892496
2023-02-02,80.32454361054766
2023-02-03,75.05070993914808
2023-02-06,72.81947261663286
2023-02-07,75.25354969574036
2023-02-08,72.81947261663286
2023-02-09,70.38539553752535
2023-02-10,72.41379310344827
2023-02-13,73.83367139959432
2023-02-14,73.83367139959432
2023-02-15,75.25354969574036
2023-02-16,72.61663286004057
2023-02-17,72.21095334685599
2023-02-21,66.5314401622718
2023-02-22,65.72008113590263
2023-02-23,66.32860040567951
2023-02-24,61.66328600405679
2023-02-27,61.86612576064909
2023-02-28,60.04056795131846
2023-03-01,58.62068965517241
2023-03-02,61.4604462474645
2023-03-03,67.13995943204868
2023-03-06,65.11156186612575
2023-03-07,60.04056795131846
2023-03-08,60.446247464503045
2023-03-09,52.129817444219064
2023-03-10,46.45030425963489
2023-03-13,43.81338742393509
2023-03-14,48.478701825557806
2023-03-15,43.6105476673428
2023-03-16,47.870182555780936
2023-03-17,42.190669371196755
2023-03-20,49.087221095334684
2023-03-21,52.53549695740365
2023-03-22,45.63894523326572
2023-03-23,44.01622718052738
2023-03-24,45.63894523326572
2023-03-27,48.478701825557806
2023-03-28,49.69574036511156
2023-03-29,55.78093306288032
2023-03-30,57.606490872210955
2023-03-31,62.67748478701826
2023-04-03,63.28600405679513
2023-04-04,60.851926977687626
2023-04-05,60.446247464503045
2023-04-06,60.04056795131846
2023-04-10,61.054766734279916
2023-04-11,64.70588235294117
2023-04-12,63.28600405679513
2023-04-13,66.12576064908723
2023-04-14,63.488843813387426
2023-04-17,65.31440162271805
2023-04-18,65.51724137931035
2023-04-19,66.12576064908723
2023-04-20,63.08316430020284
2023-04-21,62.47464503042596
2023-04-24,62.67748478701826
2023-04-25,55.98377281947262
2023-04-26,51.11561866125761
2023-04-27,57.20081135902637
2023-04-28,62.47464503042596
2023-05-01,60.04056795131846
2023-05-02,54.36105476673428
2023-05-03,50.70993914807302
2023-05-04,50.10141987829615
2023-05-05,55.172413793103445
2023-05-08,55.172413793103445
2023-05-09,53.14401622718053
2023-05-10,54.766734279918865
2023-05-11,52.33265720081136
2023-05-12,52.73833671399594
2023-05-15,53.34685598377282
2023-05-16,48.073022312373226
2023-05-17,51.3184584178499
2023-05-18,54.969574036511155
2023-05-19,53.75253549695741
2023-05-22,54.15821501014199
2023-05-23,50.912778904665316
2023-05-24,47.46450304259635
2023-05-25,45.436105476673426
2023-05-26,47.66734279918864
2023-05-30,47.05882352941177
2023-05-31,44.827586206896555
2023-06-01,47.66734279918864
2023-06-02,58.012170385395535
2023-06-05,56.3894523326572
2023-06-06,58.41784989858012
2023-06-07,60.851926977687626
2023-06-08,61.86612576064909
2023-06-09,61.25760649087221
2023-06-12,61.86612576064909
2023-06-13,64.70588235294117
2023-06-14,63.28600405679513
2023-06-15,69.57403651115618
2023-06-16,69.3711967545639
2023-06-20,65.11156186612575
2023-06-21,65.72008113590263
2023-06-22,63.28600405679513
2023-06-23,60.04056795131846
2023-06-26,62.67748478701826
2023-06-27,65.51724137931035
2023-06-28,63.691683569979716
2023-06-29,68.35699797160244
2023-06-30,69.57403651115618
2023-07-03,71.8052738336714
2023-07-05,71.39959432048681
2023-07-06,67.95131845841784
2023-07-07,67.74847870182556
2023-07-10,70.58823529411765
2023-07-11,74.2393509127789
2023-07-12,76.06490872210954
2023-07-13,76.67342799188641
2023-07-14,73.83367139959432
2023-07-17,73.42799188640974
2023-07-18,73.83367139959432
2023-07-19,76.8762677484787
2023-07-20,77.89046653144017
2023-07-21,78.70182555780933
2023-07-24,79.10750507099391
2023-07-25,79.10750507099391
2023-07-26,78.90466531440163
2023-07-27,76.67342799188641
2023-07-28,76.67342799188641
2023-07-31,77.48478701825557
2023-08-01,75.45638945233266
2023-08-02,74.4421906693712
2023-08-03,72.00811359026369
2023-08-04,68.55983772819472
2023-08-07,71.60243407707911
2023-08-08,69.3711967545639
2023-08-09,70.18255578093306
2023-08-10,67.95131845841784
2023-08-11,68.76267748478702
2023-08-14,68.35699797160244
2023-08-15,63.894523326572006
2023-08-16,61.4604462474645
2023-08-17,59.63488843813388
2023-08-18,59.63488843813388
2023-08-21,59.026369168357
2023-08-22,56.18661257606491
2023-08-23,57.606490872210955
2023-08-24,56.3894523326572
2023-08-25,57.40365111561866
2023-08-28,59.026369168357
2023-08-29,63.08316430020284
2023-08-30,63.691683569979716
2023-08-31,62.67748478701826
2023-09-01,64.3002028397566
2023-09-05,59.63488843813388
2023-09-06,58.8235294117647
2023-09-07,56.99797160243408
2023-09-08,56.59229208924949
2023-09-11,57.809330628803245
2023-09-12,57.809330628803245
2023-09-13,57.809330628803245
2023-09-14,61.86612576064909
2023-09-15,59.83772819472617
2023-09-18,58.62068965517241
2023-09-19,57.606490872210955
2023-09-20,56.59229208924949
2023-09-21,50.912778904665316
2023-09-22,49.69574036511156
2023-09-25,50.10141987829615
2023-09-26,45.436105476673426
2023-09-27,45.84178498985801
2023-09-28,47.26166328600406
2023-09-29,46.65314401622718
2023-10-02,45.030425963488845
2023-10-03,42.10526315789474
2023-10-04,43.31983805668016
2023-10-05,42.51012145748988
2023-10-06,43.927125506072876
2023-10-09,46.15384615384615
2023-10-10,49.19028340080972
2023-10-11,48.78542510121458
2023-10-12,45.95141700404859
2023-10-13,44.33198380566802
2023-10-16,47.57085020242915
2023-10-17,48.78542510121458
2023-10-18,43.927125506072876
2023-10-19,41.70040485829959
2023-10-20,37.24696356275304
2023-10-23,35.82995951417004
2023-10-24,36.8421052631579
2023-10-25,33.60323886639676
2023-10-26,32.59109311740891
2023-10-27,28.74493927125506
2023-10-30,32.388663967611336
2023-10-31,36.23481781376518
2023-11-01,39.068825910931174
2023-11-02,45.34412955465587
2023-11-03,48.582995951417004
2023-11-06,46.76113360323887
2023-11-07,45.54655870445344
2023-11-08,44.93927125506073
2023-11-09,42.91497975708502
2023-11-10,46.15384615384615
2023-11-13,46.35627530364373
2023-11-14,56.072874493927124
2023-11-15,56.68016194331984
2023-11-16,55.66801619433198
2023-11-17,58.502024291497975
2023-11-20,58.906882591093115
2023-11-21,58.906882591093115
2023-11-22,60.931174089068826
2023-11-24,62.955465587044536
2023-11-27,61.53846153846154
2023-11-28,62.34817813765182
2023-11-29,64.17004048582996
2023-11-30,65.58704453441295
2023-12-01,72.06477732793522
2023-12-04,71.65991902834008
2023-12-05,67.61133603238866
2023-12-06,68.21862348178138
2023-12-07,69.02834008097166
2023-12-08,71.25506072874494
2023-12-11,73.07692307692308
2023-12-12,72.06477732793522
2023-12-13,78.74493927125506
2023-12-14,81.17408906882591
2023-12-15,77.53036437246963
2023-12-18,78.34008097165992
2023-12-19,81.98380566801619
2023-12-20,75.91093117408907
2023-12-21,78.5425101214575
2023-12-22,79.1497975708502
2023-12-26,80.76923076923077
2023-12-27,80.97165991902834
2023-12-28,81.98380566801619
2023-12-29,81.78137651821862
2024-01-02,82.99595141700405
2024-01-03,80.97165991902834
2024-01-04,79.95951417004049
2024-01-05,80.76923076923077
2024-01-08,81.17408906882591
2024-01-09,80.36437246963563
2024-01-10,80.36437246963563
2024-01-11,79.1497975708502
2024-01-12,79.35222672064778
2024-01-16,77.1255060728745
2024-01-17,73.6842105263158
2024-01-18,74.69635627530364
2024-01-19,74.89878542510121
2024-01-22,75.10121457489879
2024-01-23,74.89878542510121
2024-01-24,73.48178137651821
2024-01-25,75.7085020242915
2024-01-26,76.92307692307692
2024-01-29,78.5425101214575
2024-01-30,77.93522267206478
2024-01-31,75.10121457489879
2024-02-01,79.95951417004049
2024-02-02,75.10121457489879
2024-02-05,72.06477732793522
2024-02-06,74.89878542510121
2024-02-07,75.10121457489879
2024-02-08,74.08906882591093
2024-02-09,74.2914979757085
2024-02-12,75.91093117408907
2024-02-13,71.25506072874494
2024-02-14,73.6842105263158
2024-02-15,76.11336032388664
2024-02-16,74.2914979757085
2024-02-20,74.14141414141415
2024-02-21,77.57575757575758
2024-02-22,78.58585858585859
2024-02-23,79.39393939393939
2024-02-26,76.56565656565657
2024-02-27,77.57575757575758
2024-02-28,76.96969696969697
2024-02-29,79.79797979797979
2024-03-01,79.1919191919192
2024-03-04,79.79797979797979
2024-03-05,78.18181818181819
2024-03-06,80.20202020202021
2024-03-07,81.81818181818181
2024-03-08,82.42424242424242
2024-03-11,84.64646464646465
2024-03-12,83.63636363636364
2024-03-13,83.63636363636364
2024-03-14,81.61616161616162
2024-03-15,81.01010101010101
2024-03-18,81.81818181818181
2024-03-19,83.43434343434343
2024-03-20,83.83838383838383
2024-03-21,84.24242424242425
2024-03-22,83.03030303030303
2024-03-25,82.82828282828282
2024-03-26,81.41414141414141
2024-03-27,87.07070707070707
2024-03-28,88.28282828282828
2024-04-01,86.66666666666667
2024-04-02,85.45454545454545
2024-04-03,83.43434343434343
2024-04-04,82.22222222222223
2024-04-05,82.42424242424242
2024-04-08,83.43434343434343
2024-04-09,86.26262626262626
2024-04-10,80.20202020202021
2024-04-11,79.5959595959596
2024-04-12,75.35353535353535
2024-04-15,73.53535353535354
2024-04-16,72.12121212121212
2024-04-17,72.52525252525253
2024-04-18,72.32323232323232
2024-04-19,74.14141414141415
2024-04-22,77.97979797979798
2024-04-23,79.5959595959596
2024-04-24,79.5959595959596
2024-04-25,78.98989898989899
2024-04-26,77.97979797979798
2024-04-29,80.0
2024-04-30,75.75757575757575
2024-05-01,73.93939393939394
2024-05-02,75.55555555555556
2024-05-03,76.96969696969697
2024-05-06,78.38383838383838
2024-05-07,79.79797979797979
2024-05-08,78.78787878787878
2024-05-09,81.21212121212122
2024-05-10,82.22222222222223
2024-05-13,81.81818181818181
2024-05-14,82.42424242424242
2024-05-15,82.82828282828282
2024-05-16,83.43434343434343
2024-05-17,84.04040404040404
2024-05-20,83.63636363636364
2024-05-21,82.62626262626263
2024-05-22,81.41414141414141
2024-05-23,76.36363636363636
2024-05-24,76.76767676767676
2024-05-28,74.14141414141415
2024-05-29,70.5050505050505
2024-05-30,71.31313131313131
2024-05-31,75.15151515151516
2024-06-03,75.15151515151516
2024-06-04,74.34343434343434
2024-06-05,74.34343434343434
2024-06-06,73.53535353535354
2024-06-07,72.12121212121212
2024-06-10,72.72727272727273
2024-06-11,71.71717171717172
2024-06-12,72.72727272727273
2024-06-13,72.52525252525253
2024-06-14,70.9090909090909
2024-06-17,72.32323232323232
2024-06-18,72.72727272727273
2024-06-20,73.53535353535354
2024-06-21,74.94949494949495
2024-06-24,75.35353535353535
2024-06-25,73.73737373737374
2024-06-26,71.71717171717172
2024-06-27,71.91919191919192
2024-06-28,73.13131313131314
2024-07-01,70.3030303030303
2024-07-02,69.8989898989899
2024-07-03,69.6969696969697
2024-07-05,69.0909090909091
2024-07-08,69.0909090909091
2024-07-09,68.08080808080808
2024-07-10,71.11111111111111
2024-07-11,73.93939393939394
2024-07-12,77.57575757575758
2024-07-15,77.77777777777777
2024-07-16,81.61616161616162
2024-07-17,82.42424242424242
2024-07-18,79.79797979797979
2024-07-19,77.57575757575758
2024-07-22,78.62903225806451
2024-07-23,76.00806451612904
2024-07-24,75.40322580645162
2024-07-25,75.80645161290323
2024-07-26,80.04032258064517
2024-07-29,79.23387096774194
2024-07-30,80.24193548387096
2024-07-31,81.85483870967742
2024-08-01,77.21774193548387
2024-08-02,70.96774193548387
2024-08-05,64.51612903225806
2024-08-06,66.93548387096774
2024-08-07,64.11290322580645
2024-08-08,70.56451612903226
2024-08-09,70.36290322580645
2024-08-12,67.94354838709677
2024-08-13,71.5725806451613
2024-08-14,70.76612903225806
2024-08-15,75.20161290322581
2024-08-16,75.80645161290323
2024-08-19,77.62096774193549
2024-08-20,76.41129032258064
2024-08-21,79.23387096774194
2024-08-22,77.41935483870968
2024-08-23,79.83870967741936
2024-08-26,80.24193548387096
2024-08-27,79.63709677419355
2024-08-28,78.4274193548387
2024-08-29,79.23387096774194
2024-08-30,81.45161290322581
2024-09-03,77.62096774193549
2024-09-04,76.41129032258064
2024-09-05,73.58870967741936
2024-09-06,70.56451612903226
2024-09-09,73.79032258064517
2024-09-10,72.98387096774194
2024-09-11,73.38709677419355
2024-09-12,74.79838709677419
2024-09-13,76.81451612903226
2024-09-16,77.01612903225806
2024-09-17,78.62903225806451
2024-09-18,78.2258064516129
2024-09-19,81.85483870967742
2024-09-20,78.62903225806451
2024-09-23,79.63709677419355
2024-09-24,80.44354838709677
2024-09-25,77.62096774193549
2024-09-26,81.25
2024-09-27,83.46774193548387
2024-09-30,82.86290322580645
2024-10-01,79.83870967741936
2024-10-02,79.63709677419355
2024-10-03,77.8225806451613
2024-10-04,79.63709677419355
2024-10-07,76.41129032258064
2024-10-08,76.00806451612904
2024-10-09,78.4274193548387
2024-10-10,77.62096774193549
2024-10-11,80.24193548387096
2024-10-14,82.66129032258064
2024-10-15,81.45161290322581
2024-10-16,82.45967741935483
2024-10-17,81.45161290322581
2024-10-18,82.25806451612904
2024-10-21,80.24193548387096
2024-10-22,78.62903225806451
2024-10-23,77.01612903225806
2024-10-24,75.80645161290323
2024-10-25,75.0
2024-10-28,76.61290322580645
2024-10-29,75.20161290322581
2024-10-30,74.39516129032258
2024-10-31,71.5725806451613
2024-11-01,72.1774193548387
2024-11-04,73.38709677419355
2024-11-05,74.79838709677419
2024-11-06,77.21774193548387
2024-11-07,77.01612903225806
2024-11-08,77.21774193548387
2024-11-11,76.41129032258064
2024-11-12,74.59677419354838
2024-11-13,74.59677419354838
2024-11-14,74.59677419354838
2024-11-15,71.37096774193549
2024-11-18,72.98387096774194
2024-11-19,72.37903225806451
2024-11-20,72.58064516129032
2024-11-21,74.59677419354838
2024-11-22,75.60483870967742
2024-11-25,79.43548387096774
2024-11-26,78.4274193548387
2024-11-27,79.03225806451613
2024-11-29,79.03225806451613
2024-12-02,79.43548387096774
2024-12-03,77.62096774193549
2024-12-04,77.21774193548387
2024-12-05,75.80645161290323
2024-12-06,75.40322580645162
2024-12-09,75.60483870967742
2024-12-10,72.78225806451613
2024-12-11,71.37096774193549
2024-12-12,70.96774193548387
2024-12-13,70.36290322580645
2024-12-16,67.54032258064517
2024-12-17,66.73387096774194
2024-12-18,58.87096774193548
2024-12-19,58.46774193548387
2024-12-20,60.685483870967744
2024-12-23,60.88709677419355
2024-12-24,62.29838709677419
2024-12-26,62.29838709677419
2024-12-27,61.693548387096776
2024-12-30,59.67741935483871
2024-12-31,59.87903225806452
2025-01-02,58.66935483870968
2025-01-03,59.475806451612904
2025-01-06,58.46774193548387
2025-01-07,57.45967741935484
2025-01-08,58.87096774193548
2025-01-10,54.52716297786721
2025-01-13,57.028112449799195
2025-01-14,60.6425702811245
2025-01-15,61.04417670682731
2025-01-16,63.65461847389558
2025-01-17,63.65461847389558
2025-01-21,66.26506024096386
2025-01-22,65.06024096385542
2025-01-23,65.06024096385542
2025-01-24,65.06024096385542
2025-01-27,69.07630522088354
2025-01-28,67.06827309236948
2025-01-29,64.85943775100401
2025-01-30,67.06827309236948
2025-01-31,65.46184738955823
2025-02-03,64.05622489959839
2025-02-04,63.855421686746986
2025-02-05,64.85943775100401
2025-02-06,63.25301204819277
2025-02-07,62.65060240963855
2025-02-10,63.05220883534137
2025-02-11,63.65461847389558
2025-02-12,61.44578313253012
2025-02-13,63.45381526104418
2025-02-14,62.85140562248996
2025-02-18,64.2570281124498
2025-02-19,65.46184738955823
2025-02-20,64.65863453815261
2025-02-21,61.44578313253012
2025-02-24,61.84738955823293
2025-02-25,62.44979919678715
2025-02-26,61.44578313253012
2025-02-27,59.437751004016064
2025-02-28,61.44578313253012
2025-03-03,58.83534136546185
2025-03-04,52.00803212851405
2025-03-05,55.02008032128514
2025-03-06,51.204819277108435
2025-03-07,54.41767068273092
2025-03-10,47.59036144578313
2025-03-11,42.570281124497996
2025-03-12,40.76305220883534
2025-03-13,36.54618473895582
2025-03-14,41.76706827309237
2025-03-17,46.98795180722892
2025-03-18,44.77911646586345
2025-03-19,47.389558232931726
2025-03-20,46.18473895582329
2025-03-21,43.57429718875502
2025-03-24,50.40160642570281
2025-03-25,50.0
2025-03-26,49.397590361445786
2025-03-27,47.389558232931726
2025-03-28,42.570281124497996
2025-03-31,44.77911646586345
2025-04-01,45.18072289156626
2025-04-02,49.397590361445786
2025-04-03,36.94779116465863
2025-04-04,23.092369477911646
2025-04-07,19.879518072289155
2025-04-08,18.674698795180724
2025-04-09,31.72690763052209
2025-04-10,26.70682730923695
2025-04-11,29.31726907630522
2025-04-14,31.927710843373493
2025-04-15,31.72690763052209
2025-04-16,29.518072289156628
2025-04-17,31.72690763052209
2025-04-21,26.305220883534137
2025-04-22,30.72289156626506
2025-04-23,31.325301204819276
2025-04-24,34.738955823293175
2025-04-25,35.7429718875502
2025-04-28,35.94377510040161
2025-04-29,37.55020080321285
2025-04-30,37.55020080321285
2025-05-01,39.1566265060241
2025-05-02,44.57831325301205
2025-05-05,44.17670682730924
2025-05-06,41.36546184738956
2025-05-07,44.57831325301205
2025-05-08,45.58232931726908
2025-05-09,44.97991967871486
2025-05-12,54.41767068273092
2025-05-13,54.41767068273092
2025-05-14,53.4136546184739
2025-05-15,57.2289156626506
2025-05-16,60.24096385542169
2025-05-19,58.83534136546185
2025-05-20,57.630522088353416
2025-05-21,51.40562248995984
2025-05-22,51.00401606425703
2025-05-23,48.19277108433735
2025-05-27,54.21686746987952
2025-05-28,51.40562248995984
2025-05-29,52.208835341365464
2025-05-30,53.01204819277108
2025-06-02,52.40963855421687
2025-06-03,53.01204819277108
2025-06-04,52.81124497991968
2025-06-05,50.803212851405625
2025-06-06,53.81526104417671
2025-06-09,53.81526104417671
2025-06-10,56.024096385542165
2025-06-11,54.618473895582326
2025-06-12,55.42168674698795
2025-06-13,51.606425702811244
2025-06-16,54.81927710843374
2025-06-17,51.00401606425703
2025-06-18,50.200803212851405
2025-06-20,51.00401606425703
2025-06-23,54.21686746987952
2025-06-24,56.22489959839358
2025-06-25,52.40963855421687
2025-06-26,56.42570281124498
2025-06-27,57.630522088353416
2025-06-30,59.036144578313255
2025-07-01,63.45381526104418
2025-07-02,64.85943775100401
2025-07-03,66.26506024096386
2025-07-07,62.85140562248996
2025-07-08,64.05622489959839
2025-07-09,65.06024096385542
2025-07-10,66.46586345381526
2025-07-11,65.06024096385542
2025-07-14,63.855421686746986
2025-07-15,59.437751004016064
2025-07-16,61.64658634538153
2025-07-17,62.85140562248996
2025-07-18,63.05220883534137
2025-07-21,62.44979919678715
2025-07-22,68.67469879518072
2025-07-23,69.87951807228916
2025-07-24,68.47389558232932
2025-07-25,69.47791164658635
2025-07-28,66.46586345381526
2025-07-29,66.66666666666667
2025-07-30,63.45381526104418
2025-07-31,60.441767068273094
2025-08-01,57.630522088353416
2025-08-04,61.24497991967871
2025-08-05,59.437751004016064
2025-08-06,58.83534136546185
2025-08-07,59.036144578313255
2025-08-08,60.6425702811245
2025-08-11,59.83935742971887
2025-08-12,62.65060240963855
2025-08-13,68.07228915662651
2025-08-14,65.06024096385542
2025-08-15,64.05622489959839
2025-08-18,63.25301204819277
2025-08-19,66.66666666666667
2025-08-20,66.66666666666667
2025-08-21,66.06425702811245
2025-08-22,72.28915662650603
2025-08-25,68.67469879518072
2025-08-26,69.07630522088354
2025-08-27,69.67871485943775
2025-08-28,68.87550200803213
2025-08-29,69.07630522088354
2025-09-02,67.46987951807229
2025-09-03,67.06827309236948
2025-09-04,68.67469879518072
2025-09-05,68.67469879518072
2025-09-08,67.06827309236948
2025-09-09,65.66265060240964
2025-09-10,65.06024096385542
2025-09-11,69.87951807228916
2025-09-12,67.8714859437751
2025-09-15,65.46184738955823
2025-09-16,64.85943775100401
2025-09-17,64.65863453815261
2025-09-18,64.85943775100401
2025-09-19,64.85943775100401
2025-09-22,65.26104417670683
2025-09-23,65.26104417670683
2025-09-24,65.06024096385542
2025-09-25,63.05220883534137
2025-09-26,65.26104417670683
2025-09-29,66.26506024096386
2025-09-30,67.26907630522088
2025-10-01,67.8714859437751
2025-10-02,67.26907630522088
2025-10-03,68.07228915662651
2025-10-06,66.86746987951807
2025-10-07,66.86746987951807
2025-10-08,66.26506024096386
2025-10-09,64.85943775100401
2025-10-10,57.630522088353416
2025-10-13,61.64658634538153
2025-10-14,65.06024096385542
2025-10-15,63.45381526104418
2025-10-16,59.83935742971887
2025-10-17,62.04819277108434
2025-10-20,64.85943775100401
2025-10-21,66.46586345381526
2025-10-22,66.46586345381526
2025-10-23,67.26907630522088
2025-10-24,65.46184738955823
2025-10-27,65.46184738955823
2025-10-28,62.65060240963855
2025-10-29,56.626506024096386
2025-10-30,56.626506024096386
2025-10-31,56.82730923694779
2025-11-03,56.024096385542165
2025-11-04,56.626506024096386
2025-11-05,55.82329317269076
2025-11-06,53.6144578313253
2025-11-07,56.82730923694779
2025-11-10,57.429718875502004
2025-11-11,60.24096385542169
2025-11-12,60.160965794768615
2025-11-13,59.036144578313255
2025-11-14,59.036144578313255
2025-11-17,54.81927710843374
2025-11-18,55.622489959839356
2025-11-19,54.41767068273092
2025-11-20,51.40562248995984
2025-11-21,56.42570281124498
2025-11-24,56.42570281124498
2025-11-25,60.6425702811245
2025-11-26,61.04417670682731
2025-11-28,62.124248496993985
2025-12-01,60.721442885771545
2025-12-02,59.11823647294589
2025-12-03,61.92384769539078
2025-12-04,61.322645290581164
2025-12-05,63.12625250501002
2025-12-08,60.32064128256513
2025-12-09,58.91783567134269
2025-12-10,60.521042084168336
2025-12-11,63.92785571142284
2025-12-12,63.92785571142284
2025-12-15,63.92785571142284
2025-12-16,62.324649298597194
2025-12-17,62.324649298597194
2025-12-18,62.92585170340681
2025-12-19,61.322645290581164
2025-12-22,63.12625250501002
2025-12-23,62.124248496993985
2025-12-24,63.326653306613224
2025-12-26,63.326653306613224
2025-12-29,63.92785571142284
2025-12-30,63.92785571142284
2025-12-31,60.521042084168336
2026-01-02,61.122244488977955
2026-01-05,62.725450901803605
2026-01-06,65.13026052104209
2026-01-07,62.324649298597194
2026-01-08,65.7314629258517
2026-01-09,67.93587174348697
2026-01-12,67.33466933867736
2026-01-13,66.73346693386773
2026-01-14,69.33867735470942
2026-01-15,70.94188376753507
2026-01-16,69.53907815631263
2026-01-20,65.7314629258517
2026-01-21,69.53907815631263
2026-01-22,69.33867735470942
2026-01-23,69.13827655310621
2026-01-26,69.53907815631263
2026-01-27,67.93587174348697
2026-01-28,67.33466933867736
2026-01-29,67.53507014028057
2026-01-30,67.53507014028057
2026-02-02,66.13226452905812
2026-02-03,65.53106212424849
2026-02-04,69.33867735470942
2026-02-05,67.73547094188376
2026-02-06,68.937875751503
2026-02-09,69.13827655310621
2026-02-10,69.33867735470942
2026-02-11,69.53907815631263
2026-02-12,66.33266533066133
2026-02-13,67.13426853707415
2026-02-17,65.93186372745491
2026-02-18,68.13627254509018
2026-02-19,66.73346693386773
2026-02-20,67.53507014028057
2026-02-23,66.13226452905812
2026-02-24,66.53306613226452
2026-02-25,65.53106212424849
2026-02-26,67.33466933867736
2026-02-27,67.73547094188376
2026-03-02,67.53507014028057
2026-03-03,63.326653306613224
2026-03-04,62.92585170340681
2026-03-05,60.521042084168336
2026-03-06,57.31462925851704
2026-03-09,57.71543086172345
2026-03-10,54.90981963927856
2026-03-11,53.70741482965932
2026-03-12,50.701402805611224
2026-03-13,50.100200400801604
2026-03-16,51.703406813627254
2026-03-17,51.503006012024045
2026-03-18,48.897795591182366
2026-03-19,48.496993987975955
2026-03-20,45.49098196392786
2026-03-23,48.496993987975955
2026-03-24,48.69739478957916
2026-03-25,48.69739478957916
2026-03-26,47.49498997995992
2026-03-27,43.687374749499
2026-03-30,44.48897795591182
2026-03-31,48.296593186372746
2026-04-01,48.69739478957916
2026-04-02,48.897795591182366
2026-04-06,48.69739478957916
2026-04-07,49.298597194388776
2026-04-08,55.31062124248497
2026-04-09,56.71342685370742
2026-04-10,53.50701402805611
2026-04-13,56.51302605210421
2026-04-14,57.31462925851704
2026-04-15,55.91182364729459
2026-04-16,56.1122244488978
2026-04-17,61.322645290581164
2026-04-20,60.521042084168336
2026-04-21,57.91583166332666
2026-04-22,58.11623246492986
2026-04-23,58.31663326653307
2026-04-24,56.91382765531062
2026-04-27,56.71342685370742
2026-04-28,57.31462925851704
2026-04-29,55.91182364729459
2026-04-30,57.91583166332666
2026-05-01,57.71543086172345
2026-05-04,54.90981963927856
2026-05-05,55.51102204408818
2026-05-06,57.51503006012024
2026-05-07,56.71342685370742
2026-05-08,55.51102204408818
2026-05-11,54.70941883767535
2026-05-12,55.51102204408818
2026-05-13,54.50901803607214
2026-05-14,55.11022044088176
2026-05-15,52.50501002004008
2026-05-18,56.1122244488978
2026-05-19,54.10821643286573
2026-05-20,56.51302605210421
2026-05-21,57.31462925851704
2026-05-22,59.11823647294589
2026-05-26,59.3186372745491
2026-05-27,58.517034068136276
2026-05-28,59.71943887775551
2026-05-29,58.91783567134269
2026-06-01,55.31062124248497
2026-06-02,55.91182364729459
2026-06-03,55.91182364729459
2026-06-04,58.517034068136276
2026-06-05,59.11823647294589
2026-06-08,57.71543086172345
2026-06-09,60.721442885771545
2026-06-10,59.11823647294589
2026-06-11,60.721442885771545
2026-06-12,61.322645290581164
2026-06-15,62.324649298597194
2026-06-16,63.72745490981964
2026-06-17,61.122244488977955
2026-06-18,60.521042084168336
2026-06-22,59.91983967935872
2026-06-23,61.322645290581164
2026-06-24,63.326653306613224
2026-06-25,62.324649298597194
2026-06-26,64.52905811623246
2026-06-29,62.725450901803605
2026-06-30,61.523046092184366
2026-07-01,63.326653306613224
2026-07-02,67.13426853707415
2026-07-06,67.13426853707415
2026-07-07,67.33466933867736
2026-07-08,64.12825651302605
2026-07-09,64.52905811623246
2026-07-10,66.93386773547094
2026-07-13,67.33466933867736
2026-07-14,66.13226452905812
2026-07-15,66.53306613226452
2026-07-16,70.34068136272545
2026-07-17,68.33667334669339
2026-07-20,65.93186372745491
2026-07-21,65.13026052104209
2026-07-22,65.93186372745491
2026-07-23,65.13026052104209
2026-07-24,66.13226452905812
2026-07-27,69.73947895791584
2026-07-28,71.7434869739479
2026-07-29,69.73947895791584
2026-07-30,68.937875751503
2026-07-31,67.73547094188376
2026-08-03,69.73947895791584
2026-08-04,71.7434869739479
2026-08-05,71.34268537074148
2026-08-06,70.94188376753507
2026-08-07,73.14629258517034
2026-08-10,72.48995983935743
2026-08-11,71.61016949152543
2026-08-12,71.34268537074148
2026-08-13,74.14829659318637
2026-08-14,73.94789579158316
2026-08-17,70.94188376753507
2026-08-18,72.63581488933602
