Date,Close,High,Low,Open,Volume
2026-05-27,86.48999786376953,88.31999969482422,85.83999633789062,87.1500015258789,200540
2026-05-28,88.63999938964844,90.1500015258789,86.4000015258789,88.18000030517578,230929
2026-05-29,87.87999725341797,89.04499816894531,87.36000061035156,88.05999755859375,282630
2026-06-01,87.55000305175781,88.91999816894531,86.79000091552734,87.94000244140625,136930
2026-06-02,90.1500015258789,90.8499984741211,87.06999969482422,87.06999969482422,138775
2026-06-03,89.13999938964844,90.0,87.87000274658203,89.5199966430664,335795
2026-06-04,90.33000183105467,90.95500183105467,89.22000122070312,89.73999786376953,346190
2026-06-05,88.61000061035156,91.41000366210938,88.38999938964844,90.0,170500
2026-06-08,93.69000244140624,95.79000091552734,90.0,91.45999908447266,235847
2026-06-09,93.2699966430664,95.94000244140624,89.61000061035156,93.9000015258789,142003
2026-06-10,90.97000122070312,94.73999786376953,90.62999725341797,93.27999877929688,139032
