Date,Open_Interest,FM_Long,FM_Short,FM_Net,FM_WeeklyChange,FM_Pctile_3yr_Rolling,RM_Long,RM_Short,RM_Net,RM_WeeklyChange
2010-06-15,1132309.0,87605.0,196656.0,-109051.0,,,418437.0,154926.0,263511.0,
2010-06-22,822092.0,70878.0,182244.0,-111366.0,-2315.0,,428055.0,151956.0,276099.0,12587.0
2010-06-29,850401.0,77655.0,184364.0,-106709.0,4658.0,,436268.0,177832.0,258436.0,-17663.0
2010-07-06,883425.0,75033.0,203822.0,-128789.0,-22081.0,,439698.0,182961.0,256737.0,-1699.0
2010-07-13,874896.0,72289.0,218281.0,-145992.0,-17203.0,20.0,436647.0,156376.0,280271.0,23535.0
2010-07-20,870890.0,71078.0,207667.0,-136589.0,,33.33,439798.0,163886.0,275912.0,
2010-07-27,868087.0,74295.0,198835.0,-124540.0,12050.0,57.14,436528.0,160962.0,275566.0,-345.0
2010-08-03,865807.0,73031.0,194231.0,-121200.0,3340.0,62.5,426131.0,154923.0,271208.0,-4359.0
2010-08-10,870141.0,74317.0,193916.0,-119599.0,1601.0,66.67,433037.0,156174.0,276863.0,5656.0
2010-08-17,884624.0,80856.0,196286.0,-115430.0,4168.0,70.0,425661.0,169158.0,256503.0,-20360.0
2010-08-24,910530.0,78017.0,212103.0,-134086.0,-18655.0,27.27,429139.0,184192.0,244947.0,-11557.0
2010-08-31,938443.0,78547.0,223099.0,-144552.0,-10467.0,16.67,432585.0,189618.0,242967.0,-1980.0
2010-09-07,943773.0,73458.0,212630.0,-139172.0,5379.0,23.08,422728.0,180566.0,242162.0,-805.0
2010-09-14,1103826.0,83782.0,216454.0,-132672.0,6500.0,42.86,430902.0,170997.0,259905.0,17745.0
2010-09-21,779357.0,75028.0,147903.0,-72875.0,59796.0,100.0,426341.0,157099.0,269242.0,9336.0
2010-09-28,811413.0,87158.0,144598.0,-57440.0,15436.0,100.0,425709.0,152890.0,272819.0,3577.0
2010-10-05,829851.0,89560.0,146359.0,-56799.0,642.0,100.0,420027.0,151571.0,268456.0,-4363.0
2010-10-12,843960.0,88866.0,147296.0,-58430.0,-1632.0,88.89,424492.0,145093.0,279399.0,10941.0
2010-10-19,854075.0,87661.0,152056.0,-64395.0,-5965.0,84.21,429311.0,142194.0,287117.0,7718.0
2010-10-26,869680.0,98169.0,139094.0,-40925.0,23470.0,100.0,428735.0,136109.0,292626.0,5509.0
2010-11-02,879024.0,104264.0,137142.0,-32878.0,8047.0,100.0,419410.0,135406.0,284004.0,-8622.0
2010-11-09,904392.0,102041.0,148355.0,-46314.0,-13437.0,90.91,424390.0,128696.0,295694.0,11690.0
2010-11-16,921238.0,100480.0,158553.0,-58073.0,-11759.0,78.26,420271.0,138434.0,281837.0,-13856.0
2010-11-23,936881.0,103282.0,162243.0,-58961.0,-888.0,70.83,423382.0,139744.0,283638.0,1800.0
2010-11-30,941143.0,100714.0,151491.0,-50777.0,8184.0,88.0,423682.0,141570.0,282112.0,-1526.0
2010-12-07,980643.0,102794.0,159509.0,-56715.0,-5938.0,84.62,419867.0,127102.0,292765.0,10653.0
2010-12-14,1109473.0,107800.0,154350.0,-46550.0,10165.0,88.89,426392.0,123035.0,303357.0,10592.0
2010-12-21,758336.0,79919.0,137552.0,-57633.0,-11083.0,71.43,415424.0,121564.0,293860.0,-9498.0
2010-12-28,769754.0,79279.0,141342.0,-62063.0,-4430.0,58.62,420679.0,118095.0,302584.0,8724.0
2011-01-04,776403.0,78596.0,140764.0,-62168.0,-105.0,56.67,414467.0,123586.0,290881.0,-11702.0
2011-01-11,793466.0,90395.0,145968.0,-55573.0,6595.0,83.87,410307.0,126489.0,283818.0,-7064.0
2011-01-18,810682.0,84348.0,157129.0,-72781.0,-17207.0,50.0,414927.0,121840.0,293087.0,9270.0
2011-01-25,837948.0,89207.0,163207.0,-74000.0,-1219.0,45.45,423778.0,124854.0,298924.0,5837.0
2011-02-01,855085.0,87351.0,168582.0,-81231.0,-7232.0,44.12,422984.0,129872.0,293112.0,-5812.0
2011-02-08,878168.0,85680.0,187038.0,-101358.0,-20127.0,42.86,427792.0,122613.0,305179.0,12067.0
2011-02-15,893447.0,82287.0,194947.0,-112660.0,-11301.0,33.33,428804.0,121034.0,307770.0,2591.0
2011-02-22,917177.0,85373.0,194518.0,-109145.0,3514.0,37.84,427807.0,120110.0,307697.0,-73.0
2011-03-01,946217.0,82842.0,201206.0,-118364.0,-9218.0,28.95,415559.0,124846.0,290713.0,-16985.0
2011-03-08,979528.0,86436.0,198022.0,-111586.0,6778.0,35.9,413675.0,123342.0,290333.0,-379.0
2011-03-15,1173662.0,89313.0,214699.0,-125386.0,-13800.0,20.0,421791.0,131071.0,290720.0,387.0
2011-03-22,808947.0,60224.0,176687.0,-116463.0,8923.0,31.71,419833.0,128843.0,290990.0,270.0
2011-03-29,826332.0,70757.0,190574.0,-119817.0,-3354.0,26.19,413664.0,122102.0,291562.0,572.0
2011-04-05,838763.0,77844.0,190849.0,-113005.0,6812.0,37.21,399316.0,120698.0,278618.0,-12944.0
2011-04-12,843173.0,72572.0,194363.0,-121791.0,-8786.0,22.73,402003.0,118824.0,283179.0,4560.0
2011-04-19,859929.0,70776.0,187716.0,-116940.0,4851.0,33.33,409646.0,121345.0,288301.0,5122.0
2011-04-26,872221.0,78081.0,172189.0,-94108.0,22832.0,56.52,411439.0,118054.0,293385.0,5084.0
2011-05-03,885078.0,94647.0,170013.0,-75366.0,18742.0,59.57,403571.0,114351.0,289220.0,-4165.0
2011-05-10,863175.0,82038.0,171171.0,-89133.0,-13766.0,56.25,403444.0,113535.0,289909.0,689.0
2011-05-17,870469.0,77794.0,172284.0,-94490.0,-5357.0,53.06,406142.0,120158.0,285984.0,-3924.0
2011-05-24,896257.0,80774.0,176847.0,-96073.0,-1583.0,52.0,410614.0,122425.0,288189.0,2205.0
2011-05-31,905541.0,87112.0,184285.0,-97173.0,-1100.0,50.98,405706.0,116769.0,288937.0,748.0
2011-06-07,948917.0,83317.0,194831.0,-111514.0,-14341.0,40.38,400823.0,123014.0,277809.0,-11128.0
2011-06-14,1072737.0,85520.0,189310.0,-103790.0,7724.0,49.06,407525.0,125543.0,281982.0,4174.0
2011-06-21,771574.0,68814.0,165447.0,-96633.0,7156.0,53.7,403084.0,128875.0,274209.0,-7773.0
2011-06-28,767317.0,70634.0,162756.0,-92122.0,4512.0,60.0,400133.0,124707.0,275426.0,1217.0
2011-07-05,767993.0,76677.0,156078.0,-79401.0,12719.0,64.29,389584.0,115276.0,274308.0,-1118.0
2011-07-12,795442.0,88998.0,154758.0,-65760.0,13643.0,71.93,388204.0,134851.0,253353.0,-20955.0
2011-07-19,792364.0,80779.0,153187.0,-72408.0,-6650.0,70.69,386546.0,132649.0,253897.0,544.0
2011-07-26,802406.0,79675.0,158374.0,-78699.0,-6291.0,62.71,383287.0,125080.0,258207.0,4310.0
2011-08-02,855617.0,86773.0,166673.0,-79900.0,-1201.0,60.0,380893.0,171306.0,209587.0,-48621.0
2011-08-09,1011909.0,108337.0,195677.0,-87340.0,-7440.0,57.38,390050.0,196993.0,193057.0,-16530.0
2011-08-16,977983.0,100566.0,216336.0,-115770.0,-28430.0,27.42,399140.0,200378.0,198762.0,5705.0
2011-08-23,1062071.0,91509.0,229378.0,-137869.0,-22098.0,6.35,401430.0,213749.0,187681.0,-11081.0
2011-08-30,1113795.0,93187.0,245970.0,-152783.0,-14915.0,1.56,409859.0,210888.0,198971.0,11290.0
2011-09-06,1193021.0,100804.0,245081.0,-144277.0,8508.0,6.15,406896.0,228734.0,178162.0,-20810.0
2011-09-13,1322673.0,121024.0,248472.0,-127448.0,16829.0,16.67,401617.0,234039.0,167578.0,-10583.0
2011-09-20,849368.0,67888.0,197372.0,-129484.0,-2036.0,14.93,395432.0,213679.0,181753.0,14175.0
2011-09-27,881093.0,80056.0,170647.0,-90591.0,38893.0,58.82,383032.0,243597.0,139435.0,-42318.0
2011-10-04,925564.0,83496.0,178137.0,-94641.0,-4050.0,53.62,372179.0,268429.0,103750.0,-35685.0
2011-10-11,886848.0,76210.0,174697.0,-98487.0,-3846.0,48.57,375404.0,238383.0,137021.0,33271.0
2011-10-18,892321.0,74350.0,178416.0,-104066.0,-5578.0,45.07,375948.0,227219.0,148729.0,11708.0
2011-10-25,896677.0,77493.0,174607.0,-97114.0,6952.0,51.39,367220.0,229228.0,137992.0,-10736.0
2011-11-01,859816.0,81098.0,165262.0,-84164.0,12949.0,64.38,345751.0,208442.0,137309.0,-684.0
2011-11-08,874939.0,76836.0,168790.0,-91954.0,-7790.0,59.46,356149.0,202511.0,153638.0,16330.0
2011-11-15,897885.0,80136.0,163809.0,-83673.0,8281.0,65.33,355433.0,212700.0,142733.0,-10905.0
2011-11-22,901580.0,75673.0,173413.0,-97740.0,-14068.0,47.37,355910.0,226178.0,129732.0,-13001.0
2011-11-29,902281.0,74200.0,175309.0,-101109.0,-3368.0,45.45,357475.0,212596.0,144879.0,15147.0
2011-12-06,926993.0,90972.0,156434.0,-65462.0,35647.0,79.49,348918.0,200244.0,148674.0,3795.0
2011-12-13,1023384.0,99693.0,163845.0,-64152.0,1309.0,81.01,350071.0,215366.0,134705.0,-13968.0
2011-12-20,745391.0,80101.0,134407.0,-54306.0,9846.0,93.75,352776.0,219597.0,133179.0,-1526.0
2011-12-27,764761.0,77711.0,135407.0,-57696.0,-3389.0,86.42,359822.0,211754.0,148068.0,14889.0
2012-01-03,788830.0,84966.0,128283.0,-43317.0,14379.0,97.56,356420.0,211704.0,144716.0,-3352.0
2012-01-10,755841.0,85247.0,141474.0,-56227.0,-12910.0,90.36,358190.0,211151.0,147039.0,2323.0
2012-01-17,766599.0,86564.0,146268.0,-59704.0,-3477.0,79.76,363877.0,203560.0,160317.0,13278.0
2012-01-24,794994.0,87093.0,144618.0,-57525.0,2179.0,85.88,368020.0,191583.0,176437.0,16120.0
2012-01-31,799299.0,94168.0,153691.0,-59523.0,-1999.0,79.07,367748.0,190494.0,177254.0,817.0
2012-02-07,798596.0,86819.0,153758.0,-66939.0,-7415.0,70.11,372939.0,176647.0,196292.0,19037.0
2012-02-14,796294.0,89195.0,167259.0,-78064.0,-11126.0,63.64,381164.0,172950.0,208214.0,11922.0
2012-02-21,808052.0,90622.0,172710.0,-82088.0,-4023.0,58.43,382375.0,166408.0,215967.0,7753.0
2012-02-28,811993.0,95476.0,176377.0,-80901.0,1187.0,60.0,386693.0,168554.0,218139.0,2172.0
2012-03-06,846787.0,91677.0,188615.0,-96938.0,-16037.0,43.96,377959.0,172175.0,205784.0,-12354.0
2012-03-13,967328.0,103392.0,189418.0,-86026.0,10912.0,55.43,390623.0,170408.0,220215.0,14432.0
2012-03-20,761130.0,84966.0,177398.0,-92432.0,-6406.0,49.46,388818.0,163418.0,225400.0,5185.0
2012-03-27,772728.0,83607.0,181354.0,-97747.0,-5315.0,39.36,393739.0,159070.0,234669.0,9269.0
2012-04-03,776067.0,92376.0,174273.0,-81897.0,15852.0,60.0,380452.0,159573.0,220879.0,-13790.0
2012-04-10,790586.0,84439.0,180624.0,-96185.0,-14288.0,44.79,375351.0,172751.0,202600.0,-18279.0
2012-04-17,796135.0,92328.0,178866.0,-86538.0,9647.0,55.67,374315.0,170943.0,203372.0,771.0
2012-04-24,805068.0,83360.0,174887.0,-91527.0,-4989.0,52.04,370066.0,175325.0,194741.0,-8631.0
2012-05-01,816564.0,102161.0,177123.0,-74962.0,16565.0,68.69,363323.0,164589.0,198734.0,3993.0
2012-05-08,822718.0,85931.0,191008.0,-105077.0,-30115.0,32.0,362508.0,171389.0,191119.0,-7615.0
2012-05-15,851882.0,92848.0,189673.0,-96825.0,8252.0,42.57,356911.0,181966.0,174945.0,-16174.0
2012-05-22,873488.0,78011.0,198249.0,-120238.0,-23414.0,16.67,359681.0,182562.0,177119.0,2174.0
2012-05-29,881189.0,81316.0,203574.0,-122258.0,-2019.0,14.56,360591.0,182411.0,178180.0,1061.0
2012-06-05,933308.0,84497.0,202297.0,-117800.0,4458.0,21.15,357833.0,197795.0,160038.0,-18142.0
2012-06-12,1016255.0,80804.0,213327.0,-132523.0,-14724.0,9.52,373443.0,181679.0,191764.0,31727.0
2012-06-19,740602.0,65277.0,180663.0,-115386.0,17138.0,26.42,364100.0,177275.0,186825.0,-4939.0
2012-06-26,774074.0,74950.0,185575.0,-110625.0,4761.0,31.78,367589.0,198930.0,168659.0,-18166.0
2012-07-03,773321.0,76684.0,176558.0,-99874.0,10751.0,39.81,361624.0,180317.0,181307.0,12647.0
2012-07-10,794026.0,71292.0,194078.0,-122786.0,-22912.0,14.68,361817.0,187836.0,173981.0,-7326.0
2012-07-17,801482.0,68919.0,194064.0,-125145.0,-2359.0,13.64,360923.0,185772.0,175151.0,1170.0
2012-07-24,817472.0,59558.0,195478.0,-135920.0,-10774.0,7.21,356946.0,191751.0,165195.0,-9956.0
2012-07-31,781796.0,78580.0,190087.0,-111507.0,24413.0,32.14,354476.0,167810.0,186666.0,21472.0
2012-08-07,802712.0,84556.0,193191.0,-108635.0,2870.0,36.28,359527.0,166175.0,193352.0,6685.0
2012-08-14,820949.0,84025.0,213695.0,-129670.0,-21035.0,10.53,369559.0,164417.0,205142.0,11791.0
2012-08-21,834977.0,83996.0,219374.0,-135378.0,-5707.0,7.83,371184.0,163704.0,207480.0,2338.0
2012-08-28,848540.0,91495.0,225754.0,-134259.0,1118.0,8.62,372881.0,167664.0,205217.0,-2262.0
2012-09-04,861624.0,86395.0,230663.0,-144268.0,-10009.0,4.27,363840.0,169020.0,194820.0,-10398.0
2012-09-11,871458.0,97927.0,229323.0,-131396.0,12872.0,12.71,363043.0,163763.0,199280.0,4460.0
2012-09-18,976025.0,106346.0,218300.0,-111954.0,19443.0,32.77,380691.0,158206.0,222485.0,23206.0
2012-09-25,754465.0,95781.0,172439.0,-76658.0,35294.0,72.5,385312.0,160161.0,225151.0,2666.0
2012-10-02,777618.0,103191.0,186699.0,-83508.0,-6849.0,65.29,391461.0,164155.0,227306.0,2156.0
2012-10-09,775286.0,102058.0,185393.0,-83335.0,172.0,65.57,387818.0,158822.0,228996.0,1690.0
2012-10-16,784344.0,108623.0,177270.0,-68647.0,14689.0,78.05,389004.0,155354.0,233650.0,4654.0
2012-10-23,805026.0,104514.0,183579.0,-79065.0,-10419.0,70.16,395890.0,161377.0,234513.0,863.0
2012-10-30,809024.0,105925.0,180471.0,-74546.0,4521.0,74.4,399499.0,162442.0,237057.0,2544.0
2012-11-06,807567.0,110045.0,178964.0,-68919.0,5626.0,77.78,380878.0,156609.0,224269.0,-12789.0
2012-11-13,828091.0,121486.0,181209.0,-59723.0,9196.0,84.25,356379.0,167830.0,188549.0,-35721.0
2012-11-20,852640.0,110296.0,185219.0,-74923.0,-15200.0,72.66,353459.0,160953.0,192506.0,3957.0
2012-11-27,847506.0,111642.0,188937.0,-77295.0,-2371.0,69.77,359918.0,160036.0,199882.0,7376.0
2012-12-04,851897.0,113338.0,178799.0,-65461.0,11834.0,80.77,348557.0,154549.0,194008.0,-5874.0
2012-12-11,866940.0,126504.0,166956.0,-40452.0,25008.0,99.24,343006.0,153487.0,189519.0,-4488.0
2012-12-18,923950.0,129047.0,166990.0,-37943.0,2509.0,99.24,348466.0,144476.0,203990.0,14471.0
2012-12-24,728890.0,87340.0,154929.0,-67589.0,-29645.0,76.69,363376.0,140685.0,222691.0,18702.0
2012-12-31,739159.0,93171.0,153700.0,-60529.0,7060.0,82.84,355826.0,140197.0,215629.0,-7062.0
2013-01-08,751437.0,82851.0,165725.0,-82874.0,-22345.0,60.0,358858.0,133694.0,225164.0,9536.0
2013-01-15,754799.0,85914.0,176557.0,-90643.0,-7769.0,52.94,355387.0,131149.0,224238.0,-926.0
2013-01-22,788046.0,85490.0,189091.0,-103601.0,-12958.0,37.96,362105.0,128735.0,233370.0,9133.0
2013-01-29,805010.0,90249.0,190385.0,-100136.0,3466.0,39.86,374121.0,128694.0,245427.0,12057.0
2013-02-05,807925.0,88332.0,185313.0,-96981.0,3155.0,44.6,359570.0,133753.0,225817.0,-19611.0
2013-02-12,830577.0,85280.0,190193.0,-104913.0,-7932.0,35.71,352318.0,133101.0,219217.0,-6600.0
2013-02-19,856539.0,101427.0,199301.0,-97874.0,7039.0,41.84,346110.0,134602.0,211508.0,-7709.0
2013-02-26,875260.0,99243.0,196726.0,-97483.0,391.0,43.66,340947.0,139286.0,201661.0,-9847.0
2013-03-05,892367.0,120526.0,198974.0,-78448.0,19035.0,67.83,309481.0,130210.0,179271.0,-22389.0
2013-03-12,1017100.0,126084.0,206121.0,-80037.0,-1589.0,64.58,320023.0,128493.0,191530.0,12259.0
2013-03-19,724003.0,106324.0,174319.0,-67995.0,12042.0,77.24,335604.0,130731.0,204873.0,13342.0
2013-03-26,745524.0,108150.0,184654.0,-76504.0,-8508.0,69.86,343814.0,129925.0,213889.0,9017.0
2013-04-02,763804.0,108734.0,190654.0,-81920.0,-5417.0,61.22,347261.0,129715.0,217546.0,3657.0
2013-04-09,775766.0,118070.0,181527.0,-63457.0,18463.0,82.43,349107.0,138679.0,210428.0,-7118.0
2013-04-16,772200.0,116275.0,185851.0,-69576.0,-6119.0,75.17,348994.0,129986.0,219008.0,8580.0
2013-04-23,782302.0,111083.0,179058.0,-67975.0,1601.0,77.33,338406.0,131563.0,206843.0,-12165.0
2013-04-30,791342.0,125606.0,182912.0,-57306.0,10669.0,91.39,338920.0,129645.0,209275.0,2433.0
2013-05-07,816274.0,129585.0,195931.0,-66346.0,-9040.0,78.29,339607.0,128628.0,210979.0,1703.0
2013-05-14,846248.0,129442.0,207612.0,-78170.0,-11825.0,65.36,345770.0,124194.0,221576.0,10597.0
2013-05-21,860454.0,117016.0,205936.0,-88920.0,-10751.0,52.6,363392.0,126564.0,236828.0,15252.0
2013-05-28,876502.0,113073.0,211033.0,-97960.0,-9039.0,38.06,368767.0,128818.0,239949.0,3121.0
2013-06-04,867486.0,106729.0,202052.0,-95323.0,2637.0,46.15,361309.0,135043.0,226266.0,-13684.0
2013-06-11,894602.0,102528.0,195097.0,-92569.0,2754.0,48.41,351860.0,138449.0,213411.0,-12855.0
2013-06-18,991389.0,109315.0,198548.0,-89233.0,3336.0,52.23,358846.0,134604.0,224242.0,10831.0
2013-06-25,703009.0,100211.0,143027.0,-42816.0,46415.0,97.45,332368.0,153015.0,179353.0,-44889.0
2013-07-02,703729.0,98887.0,149599.0,-50712.0,-7896.0,94.9,323720.0,143924.0,179796.0,443.0
2013-07-09,705746.0,96293.0,155687.0,-59394.0,-8681.0,85.35,331386.0,138605.0,192781.0,12984.0
2013-07-16,716164.0,99339.0,165397.0,-66058.0,-6664.0,77.07,335096.0,134768.0,200328.0,7548.0
2013-07-23,727263.0,102405.0,174063.0,-71658.0,-5600.0,71.34,343892.0,129252.0,214640.0,14311.0
2013-07-30,730838.0,106551.0,173357.0,-66806.0,4852.0,75.8,345706.0,129018.0,216688.0,2047.0
2013-08-06,732142.0,95236.0,171702.0,-76466.0,-9661.0,64.97,343609.0,128702.0,214907.0,-1781.0
2013-08-13,738273.0,95409.0,175715.0,-80306.0,-3839.0,57.32,336626.0,129284.0,207342.0,-7564.0
2013-08-20,754996.0,92840.0,165099.0,-72259.0,8047.0,70.06,327608.0,135473.0,192135.0,-15207.0
2013-08-27,780789.0,88339.0,168434.0,-80095.0,-7836.0,56.69,321529.0,136921.0,184608.0,-7527.0
2013-09-03,789961.0,91986.0,176686.0,-84700.0,-4605.0,49.04,313869.0,130217.0,183652.0,-956.0
2013-09-10,810027.0,92372.0,182138.0,-89766.0,-5066.0,44.59,314762.0,120275.0,194487.0,10834.0
2013-09-17,917682.0,103239.0,177690.0,-74451.0,15315.0,66.88,319321.0,120845.0,198476.0,3989.0
2013-09-24,675574.0,94248.0,146695.0,-52447.0,22005.0,93.63,315377.0,119024.0,196353.0,-2123.0
2013-10-01,677685.0,93291.0,143393.0,-50102.0,2345.0,94.9,302244.0,113961.0,188283.0,-8069.0
2013-10-08,701923.0,99685.0,146020.0,-46335.0,3767.0,95.54,299046.0,121141.0,177905.0,-10379.0
2013-10-15,695078.0,105935.0,146007.0,-40072.0,6262.0,98.73,296794.0,118777.0,178017.0,112.0
2013-10-22,708537.0,107411.0,147913.0,-40502.0,-431.0,97.45,306930.0,116067.0,190863.0,12847.0
2013-10-29,721121.0,108644.0,150252.0,-41608.0,-1105.0,96.82,316267.0,112406.0,203861.0,12998.0
2013-11-05,728659.0,109208.0,155475.0,-46267.0,-4659.0,95.54,308368.0,113029.0,195339.0,-8523.0
2013-11-12,728575.0,113224.0,157592.0,-44368.0,1899.0,95.54,307645.0,113271.0,194374.0,-964.0
2013-11-19,745718.0,109430.0,155321.0,-45891.0,-1524.0,94.9,308308.0,114237.0,194071.0,-303.0
2013-11-26,741827.0,110332.0,156000.0,-45668.0,223.0,94.9,306803.0,114337.0,192466.0,-1605.0
2013-12-03,748300.0,112648.0,156502.0,-43854.0,1815.0,95.54,299329.0,113494.0,185835.0,-6632.0
2013-12-10,764651.0,112101.0,156562.0,-44461.0,-607.0,94.27,303377.0,112810.0,190567.0,4732.0
2013-12-17,873627.0,113473.0,142327.0,-28854.0,15607.0,100.0,302970.0,116354.0,186616.0,-3951.0
2013-12-24,684782.0,107271.0,157302.0,-50031.0,-21179.0,90.45,317582.0,103644.0,213938.0,27322.0
2013-12-31,700432.0,108808.0,161711.0,-52903.0,-2872.0,87.9,316962.0,99913.0,217049.0,3111.0
2014-01-07,699646.0,106315.0,157188.0,-50873.0,2030.0,88.54,318368.0,100555.0,217813.0,764.0
2014-01-14,719529.0,107764.0,167540.0,-59776.0,-8903.0,80.89,325455.0,102003.0,223452.0,5638.0
2014-01-21,722076.0,104402.0,172204.0,-67802.0,-8026.0,73.25,325991.0,103503.0,222488.0,-963.0
2014-01-28,743768.0,112908.0,175695.0,-62787.0,5016.0,79.62,311069.0,108673.0,202396.0,-20092.0
2014-02-04,771947.0,111344.0,183180.0,-71836.0,-9048.0,68.15,302068.0,119097.0,182971.0,-19424.0
2014-02-11,808380.0,105003.0,196650.0,-91647.0,-19813.0,41.4,315879.0,106570.0,209309.0,26339.0
2014-02-18,833784.0,103026.0,199631.0,-96605.0,-4957.0,34.39,313151.0,101902.0,211249.0,1940.0
2014-02-25,851046.0,99661.0,191726.0,-92065.0,4539.0,40.13,299557.0,104770.0,194787.0,-16461.0
2014-03-04,880372.0,100658.0,201389.0,-100731.0,-8666.0,24.2,304094.0,104044.0,200050.0,5263.0
2014-03-11,899687.0,94790.0,202750.0,-107960.0,-7228.0,19.75,309714.0,101251.0,208463.0,8413.0
2014-03-18,1029593.0,106060.0,205758.0,-99698.0,8262.0,25.48,315704.0,103825.0,211879.0,3417.0
2014-03-25,683526.0,90698.0,180300.0,-89602.0,10096.0,43.95,322290.0,95446.0,226844.0,14965.0
2014-04-01,681463.0,93306.0,170812.0,-77506.0,12096.0,60.51,313918.0,93509.0,220409.0,-6436.0
2014-04-08,676428.0,83106.0,164129.0,-81023.0,-3519.0,52.87,309079.0,98475.0,210604.0,-9804.0
2014-04-15,688040.0,88643.0,171139.0,-82496.0,-1473.0,50.32,302350.0,102425.0,199925.0,-10679.0
2014-04-22,686751.0,99876.0,170962.0,-71086.0,11410.0,68.79,299665.0,96748.0,202917.0,2992.0
2014-04-29,702673.0,101578.0,165198.0,-63620.0,7467.0,78.34,296518.0,96468.0,200050.0,-2867.0
2014-05-06,703712.0,90275.0,175210.0,-84935.0,-21315.0,45.22,300252.0,99409.0,200843.0,793.0
2014-05-13,729317.0,98148.0,181172.0,-83024.0,1911.0,48.41,305537.0,96193.0,209344.0,8500.0
2014-05-20,742933.0,86024.0,186096.0,-100072.0,-17048.0,21.66,301965.0,97194.0,204771.0,-4573.0
2014-05-27,758245.0,97311.0,186592.0,-89281.0,10791.0,40.76,306752.0,96490.0,210262.0,5491.0
2014-06-03,774514.0,98320.0,193478.0,-95158.0,-5877.0,32.48,315566.0,96554.0,219012.0,8750.0
2014-06-10,814572.0,103322.0,199872.0,-96550.0,-1392.0,30.57,314012.0,92767.0,221245.0,2233.0
2014-06-17,914025.0,110856.0,212937.0,-102081.0,-5531.0,18.47,316095.0,96407.0,219688.0,-1557.0
2014-06-24,705455.0,90247.0,207264.0,-117017.0,-14938.0,11.46,327659.0,101286.0,226373.0,6686.0
2014-07-01,727127.0,95098.0,203319.0,-108221.0,8797.0,15.92,325200.0,107233.0,217967.0,-8407.0
2014-07-08,727096.0,91718.0,203177.0,-111459.0,-3237.0,14.65,324910.0,103457.0,221453.0,3486.0
2014-07-15,726972.0,97219.0,196878.0,-99659.0,11798.0,24.84,324395.0,103115.0,221280.0,-173.0
2014-07-22,739612.0,99848.0,192032.0,-92184.0,7475.0,36.94,324304.0,104516.0,219788.0,-1492.0
2014-07-29,746886.0,94760.0,195868.0,-101108.0,-8924.0,21.66,326328.0,105092.0,221236.0,1448.0
2014-08-05,746293.0,101617.0,197330.0,-95713.0,5395.0,34.39,314067.0,111188.0,202879.0,-18356.0
2014-08-12,752126.0,102676.0,201227.0,-98551.0,-2839.0,26.11,314531.0,110429.0,204102.0,1223.0
2014-08-19,764463.0,100338.0,200641.0,-100303.0,-1750.0,22.29,321460.0,108749.0,212711.0,8609.0
2014-08-26,769648.0,98406.0,193424.0,-95018.0,5284.0,36.31,321379.0,107780.0,213599.0,889.0
2014-09-02,781007.0,99904.0,197393.0,-97489.0,-2471.0,28.66,317563.0,108450.0,209113.0,-4486.0
2014-09-09,818907.0,101497.0,201461.0,-99964.0,-2475.0,22.29,316189.0,110334.0,205855.0,-3259.0
2014-09-16,949208.0,110412.0,209560.0,-99148.0,815.0,24.2,324541.0,108572.0,215969.0,10114.0
2014-09-23,687035.0,92842.0,184644.0,-91802.0,7345.0,40.13,331784.0,119206.0,212578.0,-3391.0
2014-09-30,688127.0,97024.0,186066.0,-89042.0,2760.0,45.22,325304.0,121789.0,203515.0,-9062.0
2014-10-07,683188.0,99991.0,187290.0,-87299.0,1744.0,45.86,312711.0,124733.0,187978.0,-15537.0
2014-10-14,695436.0,110243.0,183212.0,-72969.0,14330.0,66.24,309176.0,133747.0,175429.0,-12548.0
2014-10-21,720693.0,90314.0,201568.0,-111254.0,-38285.0,11.46,313014.0,128735.0,184279.0,8849.0
2014-10-28,732657.0,94575.0,195956.0,-101381.0,9873.0,17.2,316732.0,128100.0,188632.0,4354.0
2014-11-04,728520.0,105000.0,170829.0,-65829.0,35552.0,75.8,310979.0,130885.0,180094.0,-8538.0
2014-11-11,730037.0,109087.0,170183.0,-61096.0,4733.0,79.62,315427.0,127687.0,187740.0,7646.0
2014-11-18,753656.0,113399.0,170670.0,-57271.0,3825.0,85.35,327126.0,125093.0,202033.0,14293.0
2014-11-25,772687.0,113203.0,171618.0,-58415.0,-1144.0,82.8,329976.0,124090.0,205886.0,3854.0
2014-12-02,776987.0,126690.0,173582.0,-46892.0,11525.0,90.45,324297.0,123492.0,200805.0,-5082.0
2014-12-09,775987.0,124028.0,160235.0,-36207.0,10684.0,99.36,325080.0,124396.0,200684.0,-121.0
2014-12-16,832516.0,139234.0,149682.0,-10448.0,25759.0,100.0,309845.0,129603.0,180242.0,-20442.0
2014-12-23,672428.0,106588.0,140356.0,-33768.0,-23319.0,98.73,330876.0,116906.0,213970.0,33728.0
2014-12-30,677927.0,106312.0,142369.0,-36057.0,-2290.0,98.09,332974.0,114021.0,218953.0,4983.0
2015-01-06,675726.0,109828.0,133461.0,-23633.0,12424.0,99.36,319680.0,118013.0,201667.0,-17286.0
2015-01-13,671513.0,100503.0,137613.0,-37110.0,-13477.0,96.18,323607.0,118522.0,205085.0,3418.0
2015-01-20,671899.0,97427.0,134503.0,-37076.0,33.0,96.18,315513.0,119471.0,196042.0,-9043.0
2015-01-27,672635.0,93893.0,132096.0,-38203.0,-1126.0,94.27,315498.0,113184.0,202314.0,6272.0
2015-02-03,689848.0,96436.0,145844.0,-49408.0,-11204.0,85.35,308318.0,120063.0,188255.0,-14059.0
2015-02-10,703790.0,101621.0,151267.0,-49646.0,-238.0,84.71,305623.0,118584.0,187039.0,-1216.0
2015-02-17,705929.0,100257.0,149862.0,-49605.0,41.0,84.71,302455.0,113638.0,188817.0,1778.0
2015-02-24,729019.0,97542.0,153241.0,-55699.0,-6093.0,79.62,308021.0,115524.0,192497.0,3681.0
2015-03-03,754597.0,101015.0,161132.0,-60117.0,-4418.0,75.16,302292.0,119553.0,182739.0,-9758.0
2015-03-10,830808.0,105490.0,183050.0,-77560.0,-17443.0,54.78,298607.0,129162.0,169445.0,-13294.0
2015-03-17,904970.0,102112.0,167115.0,-65003.0,12557.0,71.34,306443.0,130773.0,175670.0,6226.0
2015-03-24,629452.0,77783.0,152521.0,-74738.0,-9735.0,58.6,311227.0,123697.0,187530.0,11859.0
2015-03-31,635500.0,82476.0,158629.0,-76153.0,-1415.0,56.69,297421.0,123365.0,174056.0,-13474.0
2015-04-07,643859.0,83121.0,153825.0,-70704.0,5449.0,63.06,300308.0,123216.0,177092.0,3036.0
2015-04-14,648744.0,86810.0,151064.0,-64254.0,6449.0,71.34,303046.0,123120.0,179926.0,2833.0
2015-04-21,658194.0,91073.0,145347.0,-54274.0,9980.0,79.62,300285.0,127028.0,173257.0,-6670.0
2015-04-28,667287.0,89176.0,145453.0,-56277.0,-2002.0,78.34,305025.0,127210.0,177815.0,4560.0
2015-05-05,669417.0,84194.0,154258.0,-70064.0,-13787.0,61.15,297582.0,120575.0,177007.0,-808.0
2015-05-12,674672.0,84158.0,145331.0,-61173.0,8891.0,71.97,299246.0,121359.0,177887.0,879.0
2015-05-19,683932.0,87097.0,139428.0,-52331.0,8841.0,80.89,305631.0,117433.0,188198.0,10310.0
2015-05-26,685015.0,82147.0,150257.0,-68110.0,-15779.0,61.78,300029.0,117819.0,182210.0,-5988.0
2015-06-02,699436.0,88322.0,150266.0,-61944.0,6166.0,70.7,301570.0,120145.0,181425.0,-785.0
2015-06-09,744892.0,87028.0,162674.0,-75646.0,-13702.0,51.59,288479.0,121631.0,166848.0,-14577.0
2015-06-16,818130.0,89149.0,162960.0,-73811.0,1835.0,54.14,280807.0,118910.0,161897.0,-4951.0
2015-06-23,608957.0,70110.0,164459.0,-94349.0,-20538.0,28.03,292469.0,111267.0,181202.0,19305.0
2015-06-30,624941.0,77202.0,169437.0,-92235.0,2113.0,28.66,278877.0,118149.0,160728.0,-20473.0
2015-07-07,644368.0,74479.0,167855.0,-93376.0,-1140.0,27.39,280078.0,120916.0,159162.0,-1566.0
2015-07-14,633569.0,76164.0,158549.0,-82385.0,10991.0,40.76,280105.0,119733.0,160372.0,1211.0
2015-07-21,635291.0,82431.0,161057.0,-78626.0,3759.0,44.59,282477.0,118049.0,164428.0,4056.0
2015-07-28,647180.0,90300.0,159199.0,-68899.0,9726.0,59.87,270625.0,123134.0,147491.0,-16938.0
2015-08-04,651953.0,84293.0,160107.0,-75814.0,-6915.0,49.68,264998.0,125077.0,139921.0,-7570.0
2015-08-11,671573.0,85799.0,166354.0,-80555.0,-4740.0,40.13,268732.0,127034.0,141698.0,1777.0
2015-08-18,688260.0,92831.0,165115.0,-72284.0,8271.0,54.14,269192.0,128543.0,140649.0,-1049.0
2015-08-25,782911.0,100719.0,151991.0,-51272.0,21012.0,80.89,247481.0,156020.0,91461.0,-49188.0
2015-09-01,816628.0,90408.0,169043.0,-78635.0,-27363.0,41.4,230241.0,161967.0,68274.0,-23186.0
2015-09-08,848170.0,82770.0,175720.0,-92950.0,-14314.0,22.29,228649.0,168591.0,60058.0,-8217.0
2015-09-15,921243.0,78523.0,177016.0,-98493.0,-5543.0,13.38,228415.0,168216.0,60199.0,142.0
2015-09-22,679965.0,81027.0,176375.0,-95348.0,3147.0,18.47,234596.0,179004.0,55592.0,-4607.0
2015-09-29,686659.0,90654.0,181065.0,-90411.0,4936.0,27.39,230109.0,176659.0,53450.0,-2142.0
2015-10-06,696897.0,75780.0,190476.0,-114696.0,-24286.0,1.27,250273.0,164074.0,86199.0,32750.0
2015-10-13,692719.0,73699.0,192998.0,-119299.0,-4602.0,0.64,263616.0,159680.0,103936.0,17737.0
2015-10-20,700025.0,62909.0,183184.0,-120275.0,-976.0,0.64,271926.0,160434.0,111492.0,7556.0
2015-10-27,668152.0,62346.0,168513.0,-106167.0,14108.0,5.73,277785.0,151734.0,126051.0,14560.0
2015-11-03,671878.0,60347.0,166740.0,-106393.0,-226.0,5.73,281332.0,150982.0,130350.0,4299.0
2015-11-10,689592.0,65791.0,175292.0,-109501.0,-3109.0,4.46,266540.0,151535.0,115005.0,-15345.0
2015-11-17,680871.0,66015.0,166045.0,-100030.0,9472.0,13.38,245634.0,153021.0,92613.0,-22392.0
2015-11-24,678277.0,72263.0,147687.0,-75424.0,24606.0,52.23,244521.0,152601.0,91920.0,-692.0
2015-12-01,685208.0,76721.0,144596.0,-67875.0,7549.0,62.42,242649.0,147479.0,95170.0,3250.0
2015-12-08,689577.0,86774.0,139008.0,-52234.0,15641.0,80.25,234893.0,144602.0,90291.0,-4880.0
2015-12-15,757425.0,91280.0,123851.0,-32571.0,19663.0,98.09,230409.0,151216.0,79193.0,-11097.0
2015-12-22,593654.0,73739.0,126241.0,-52502.0,-19932.0,78.85,237327.0,160769.0,76558.0,-2635.0
2015-12-29,584476.0,66512.0,126209.0,-59697.0,-7194.0,73.08,246928.0,155339.0,91589.0,15031.0
2016-01-05,612018.0,65287.0,125499.0,-60212.0,-515.0,71.34,234753.0,169171.0,65582.0,-26007.0
2016-01-12,649905.0,64766.0,119267.0,-54501.0,5712.0,77.07,233857.0,184863.0,48994.0,-16588.0
2016-01-19,681362.0,63655.0,142642.0,-78987.0,-24485.0,43.31,239326.0,193870.0,45456.0,-3537.0
2016-01-26,687081.0,74641.0,143956.0,-69315.0,9673.0,58.6,241762.0,202112.0,39650.0,-5806.0
2016-02-02,719671.0,62672.0,151413.0,-88741.0,-19427.0,34.39,248699.0,197055.0,51644.0,11995.0
2016-02-09,742952.0,67303.0,139568.0,-72265.0,16475.0,53.5,250848.0,204773.0,46075.0,-5570.0
2016-02-16,760791.0,71050.0,146777.0,-75727.0,-3462.0,48.41,251007.0,198787.0,52220.0,6146.0
2016-02-23,761112.0,70328.0,141995.0,-71667.0,4060.0,54.78,251683.0,194111.0,57572.0,5351.0
2016-03-01,776246.0,70404.0,140031.0,-69627.0,2040.0,57.32,241793.0,191022.0,50771.0,-6800.0
2016-03-08,812089.0,81335.0,150837.0,-69502.0,125.0,57.96,243775.0,203123.0,40652.0,-10119.0
2016-03-15,835103.0,83319.0,144399.0,-61080.0,8423.0,70.06,249132.0,210993.0,38139.0,-2513.0
2016-03-22,624401.0,71920.0,142223.0,-70303.0,-9223.0,55.41,255318.0,199438.0,55880.0,17741.0
2016-03-29,632054.0,73910.0,144882.0,-70972.0,-668.0,54.14,252569.0,204492.0,48077.0,-7803.0
2016-04-05,640464.0,82427.0,146345.0,-63918.0,7053.0,65.61,247285.0,202267.0,45018.0,-3057.0
2016-04-12,644744.0,78599.0,140580.0,-61981.0,1936.0,67.52,253475.0,200740.0,52735.0,7716.0
2016-04-19,647049.0,84484.0,144044.0,-59560.0,2422.0,72.61,268235.0,188573.0,79662.0,26927.0
2016-04-26,653325.0,92139.0,134827.0,-42688.0,16872.0,91.72,272214.0,195329.0,76885.0,-2776.0
2016-05-03,640333.0,85065.0,132020.0,-46955.0,-4267.0,85.35,260911.0,194776.0,66135.0,-10750.0
2016-05-10,648848.0,86161.0,138988.0,-52827.0,-5872.0,77.07,262757.0,190235.0,72522.0,6388.0
2016-05-17,644341.0,78683.0,143851.0,-65168.0,-12341.0,61.78,268765.0,192461.0,76304.0,3782.0
2016-05-24,673452.0,97963.0,161735.0,-63772.0,1396.0,63.69,280270.0,196937.0,83333.0,7029.0
2016-05-31,681779.0,94641.0,164161.0,-69520.0,-5749.0,54.78,277102.0,194962.0,82140.0,-1192.0
2016-06-07,715957.0,95427.0,181293.0,-85866.0,-16345.0,31.21,283858.0,197141.0,86717.0,4576.0
2016-06-14,774471.0,97830.0,160973.0,-63143.0,22723.0,64.33,270568.0,198756.0,71812.0,-14905.0
2016-06-21,620998.0,70838.0,144717.0,-73879.0,-10735.0,44.59,278094.0,215807.0,62287.0,-9525.0
2016-06-28,673460.0,67538.0,155860.0,-88322.0,-14443.0,29.3,262785.0,223952.0,38833.0,-23454.0
2016-07-05,689194.0,67996.0,164030.0,-96034.0,-7712.0,17.83,278741.0,217454.0,61287.0,22455.0
2016-07-12,685818.0,79707.0,153079.0,-73372.0,22662.0,47.13,280949.0,216593.0,64356.0,3068.0
2016-07-19,688835.0,80722.0,146816.0,-66094.0,7278.0,61.15,296848.0,212506.0,84342.0,19986.0
2016-07-26,688070.0,83355.0,149062.0,-65707.0,386.0,61.78,295135.0,209683.0,85452.0,1110.0
2016-08-02,683947.0,80728.0,151205.0,-70477.0,-4769.0,53.5,284946.0,204574.0,80372.0,-5080.0
2016-08-09,676437.0,76292.0,148098.0,-71806.0,-1329.0,50.32,292486.0,200683.0,91803.0,11431.0
2016-08-16,682836.0,78323.0,142910.0,-64587.0,7218.0,63.06,296235.0,203507.0,92728.0,926.0
2016-08-23,700378.0,86089.0,150677.0,-64588.0,-1.0,62.42,297793.0,198549.0,99244.0,6515.0
2016-08-30,710340.0,88286.0,142741.0,-54455.0,10133.0,76.43,297032.0,196706.0,100326.0,1083.0
2016-09-06,735322.0,86248.0,148650.0,-62402.0,-7947.0,66.24,300305.0,196994.0,103311.0,2984.0
2016-09-13,825324.0,76592.0,141017.0,-64425.0,-2023.0,61.78,284340.0,203578.0,80762.0,-22550.0
2016-09-20,641083.0,66431.0,145162.0,-78731.0,-14306.0,35.67,290667.0,203190.0,87477.0,6716.0
2016-09-27,641376.0,67699.0,152154.0,-84455.0,-5724.0,31.85,290988.0,201466.0,89522.0,2046.0
2016-10-04,659410.0,68844.0,157105.0,-88261.0,-3807.0,29.94,280179.0,199934.0,80245.0,-9279.0
2016-10-11,667013.0,70455.0,158295.0,-87840.0,421.0,30.57,278734.0,204184.0,74550.0,-5695.0
2016-10-18,665364.0,71222.0,143365.0,-72143.0,15698.0,48.41,284679.0,213281.0,71398.0,-3152.0
2016-10-25,682461.0,75360.0,152444.0,-77084.0,-4941.0,40.76,289405.0,215767.0,73638.0,2240.0
2016-11-01,681289.0,80114.0,136125.0,-56011.0,21072.0,78.34,270648.0,215347.0,55301.0,-18337.0
2016-11-08,672984.0,88458.0,121134.0,-32676.0,23335.0,97.45,265796.0,217380.0,48416.0,-6885.0
2016-11-15,667044.0,85127.0,126924.0,-41797.0,-9120.0,92.99,270330.0,212568.0,57762.0,9346.0
2016-11-22,697761.0,85264.0,130993.0,-45729.0,-3933.0,89.81,273297.0,215592.0,57705.0,-56.0
2016-11-29,707887.0,84651.0,139926.0,-55275.0,-9546.0,79.62,284375.0,218304.0,66071.0,8365.0
2016-12-06,702523.0,82989.0,129220.0,-46231.0,9043.0,90.45,269570.0,218072.0,51498.0,-14573.0
2016-12-13,779925.0,88884.0,137589.0,-48705.0,-2473.0,89.17,279709.0,209210.0,70499.0,19001.0
2016-12-20,607961.0,67988.0,115875.0,-47887.0,817.0,89.81,290258.0,205536.0,84722.0,14223.0
2016-12-27,609421.0,73144.0,112803.0,-39659.0,8228.0,93.63,284283.0,209201.0,75082.0,-9640.0
2017-01-03,628650.0,83758.0,106202.0,-22444.0,17214.0,99.36,287912.0,209891.0,78021.0,2939.0
2017-01-10,628415.0,78471.0,120400.0,-41929.0,-19485.0,91.72,295794.0,206208.0,89586.0,11565.0
2017-01-17,624477.0,71823.0,128768.0,-56945.0,-15016.0,77.07,295307.0,197207.0,98100.0,8515.0
2017-01-24,639223.0,77494.0,133301.0,-55807.0,1138.0,78.34,292964.0,189087.0,103877.0,5777.0
2017-01-31,636204.0,76719.0,128575.0,-51856.0,3951.0,84.08,295834.0,185634.0,110200.0,6323.0
2017-02-07,647479.0,72947.0,131054.0,-58107.0,-6251.0,74.52,298098.0,189463.0,108635.0,-1565.0
2017-02-14,675290.0,77846.0,125916.0,-48070.0,10037.0,87.26,300530.0,187174.0,113356.0,4720.0
2017-02-21,693015.0,76868.0,121351.0,-44483.0,3588.0,90.45,305925.0,177664.0,128261.0,14906.0
2017-02-28,717622.0,83432.0,128503.0,-45071.0,-587.0,89.81,304925.0,173848.0,131077.0,2816.0
2017-03-07,742520.0,93244.0,120935.0,-27691.0,17379.0,98.09,306351.0,173436.0,132915.0,1838.0
2017-03-14,801763.0,89702.0,129193.0,-39491.0,-11800.0,92.36,317987.0,174226.0,143761.0,10845.0
2017-03-21,622785.0,72622.0,128073.0,-55451.0,-15960.0,75.16,313697.0,187420.0,126277.0,-17483.0
2017-03-28,634041.0,77849.0,125222.0,-47373.0,8078.0,85.35,315451.0,183859.0,131592.0,5315.0
2017-04-04,625889.0,78175.0,119173.0,-40998.0,6375.0,91.08,307667.0,178178.0,129489.0,-2104.0
2017-04-11,631099.0,80993.0,120927.0,-39934.0,1064.0,91.08,306264.0,175128.0,131136.0,1647.0
2017-04-18,642634.0,83407.0,124394.0,-40987.0,-1053.0,90.45,304437.0,172932.0,131505.0,370.0
2017-04-25,653341.0,90765.0,128798.0,-38033.0,2954.0,92.99,302881.0,159374.0,143507.0,12003.0
2017-05-02,656419.0,81482.0,124678.0,-43196.0,-5163.0,86.62,311069.0,161343.0,149726.0,6219.0
2017-05-09,680155.0,85540.0,126493.0,-40953.0,2244.0,89.81,296728.0,169963.0,126765.0,-22962.0
2017-05-16,684563.0,81928.0,131181.0,-49253.0,-8300.0,78.98,297570.0,174124.0,123446.0,-3318.0
2017-05-23,691817.0,88435.0,134594.0,-46159.0,3094.0,83.44,293984.0,167944.0,126040.0,2593.0
2017-05-30,695192.0,93881.0,137075.0,-43194.0,2965.0,85.99,299202.0,169958.0,129244.0,3203.0
2017-06-06,706889.0,92911.0,138007.0,-45096.0,-1901.0,83.44,292008.0,163660.0,128348.0,-895.0
2017-06-13,785893.0,91408.0,132180.0,-40772.0,4324.0,89.81,294696.0,165348.0,129348.0,1000.0
2017-06-20,605483.0,64313.0,118394.0,-54081.0,-13309.0,70.06,308100.0,158550.0,149550.0,20202.0
2017-06-27,616094.0,72011.0,116685.0,-44674.0,9407.0,83.44,299070.0,163477.0,135593.0,-13957.0
2017-07-03,613110.0,73828.0,98432.0,-24604.0,20070.0,98.09,295738.0,168427.0,127311.0,-8281.0
2017-07-11,614457.0,75405.0,98146.0,-22741.0,1862.0,98.73,299765.0,160902.0,138863.0,11552.0
2017-07-18,631177.0,81971.0,108625.0,-26654.0,-3911.0,96.82,304919.0,160460.0,144459.0,5596.0
2017-07-25,654894.0,83858.0,113585.0,-29727.0,-3074.0,95.54,318832.0,165157.0,153675.0,9216.0
2017-08-01,668674.0,79108.0,127341.0,-48233.0,-18507.0,73.89,326664.0,165126.0,161538.0,7863.0
2017-08-08,681713.0,76392.0,130679.0,-54287.0,-6054.0,64.97,337040.0,165705.0,171335.0,9796.0
2017-08-15,695177.0,87594.0,118690.0,-31096.0,23192.0,94.9,330106.0,164654.0,165452.0,-5883.0
2017-08-22,713658.0,95086.0,116829.0,-21743.0,9352.0,99.36,324197.0,165033.0,159164.0,-6288.0
2017-08-29,731582.0,102946.0,116656.0,-13710.0,8033.0,99.36,329571.0,168613.0,160958.0,1794.0
2017-09-05,735493.0,92953.0,115559.0,-22606.0,-8896.0,97.45,324852.0,164723.0,160129.0,-829.0
2017-09-12,810813.0,92932.0,122627.0,-29695.0,-7089.0,93.63,341428.0,164441.0,176987.0,16858.0
2017-09-19,661762.0,70295.0,130332.0,-60037.0,-30342.0,52.23,363842.0,165552.0,198290.0,21303.0
2017-09-26,657752.0,71178.0,130992.0,-59814.0,223.0,52.23,350922.0,164887.0,186035.0,-12256.0
2017-10-03,650232.0,73270.0,119914.0,-46644.0,13169.0,73.89,330121.0,163897.0,166224.0,-19810.0
2017-10-10,665557.0,78794.0,120208.0,-41414.0,5230.0,81.53,329610.0,162270.0,167340.0,1115.0
2017-10-17,669706.0,79270.0,117896.0,-38626.0,2789.0,85.99,327509.0,164142.0,163367.0,-3974.0
2017-10-24,692744.0,81580.0,118544.0,-36964.0,1660.0,88.54,325035.0,163325.0,161710.0,-1656.0
2017-10-31,701203.0,83202.0,113829.0,-30627.0,6339.0,92.36,319199.0,166047.0,153152.0,-8557.0
2017-11-07,715963.0,90328.0,127753.0,-37425.0,-6798.0,85.99,314136.0,166475.0,147661.0,-5492.0
2017-11-14,720635.0,95080.0,125688.0,-30608.0,6816.0,92.36,310877.0,163387.0,147490.0,-172.0
2017-11-21,738955.0,98590.0,125230.0,-26640.0,3969.0,94.9,305927.0,163160.0,142767.0,-4723.0
2017-11-28,756344.0,99863.0,128337.0,-28474.0,-1835.0,92.99,309201.0,163761.0,145440.0,2673.0
2017-12-05,780215.0,106236.0,128540.0,-22304.0,6170.0,98.09,295351.0,159878.0,135473.0,-9968.0
2017-12-12,863122.0,89150.0,124302.0,-35152.0,-12848.0,86.62,300830.0,160804.0,140026.0,4554.0
2017-12-19,641391.0,81213.0,114159.0,-32946.0,2207.0,87.9,316447.0,161453.0,154994.0,14968.0
2017-12-26,663937.0,85425.0,116550.0,-31125.0,1821.0,89.17,315977.0,163264.0,152713.0,-2281.0
2018-01-02,662131.0,69393.0,103396.0,-34003.0,-2878.0,86.62,325756.0,163384.0,162372.0,9659.0
2018-01-09,704939.0,70378.0,125435.0,-55057.0,-21055.0,54.78,352879.0,164173.0,188706.0,26334.0
2018-01-16,719920.0,85071.0,124619.0,-39548.0,15509.0,81.53,355864.0,166194.0,189670.0,964.0
2018-01-23,753197.0,92258.0,121770.0,-29512.0,10036.0,92.99,363756.0,162238.0,201518.0,11847.0
2018-01-30,755004.0,100245.0,105870.0,-5625.0,23887.0,100.0,345036.0,156527.0,188509.0,-13009.0
2018-02-06,764134.0,90405.0,98733.0,-8328.0,-2702.0,99.36,331833.0,155497.0,176336.0,-12172.0
2018-02-13,745984.0,85290.0,99067.0,-13777.0,-5449.0,98.09,308061.0,155108.0,152953.0,-23383.0
2018-02-20,743270.0,75499.0,108621.0,-33122.0,-19346.0,84.71,322053.0,151132.0,170921.0,17967.0
2018-02-27,751478.0,76565.0,105300.0,-28735.0,4388.0,91.08,326170.0,146268.0,179902.0,8981.0
2018-03-06,744178.0,77608.0,99052.0,-21444.0,7291.0,97.45,306569.0,147962.0,158607.0,-21296.0
2018-03-13,841393.0,78465.0,108207.0,-29742.0,-8298.0,87.9,308898.0,143638.0,165260.0,6653.0
2018-03-20,584448.0,66779.0,88532.0,-21753.0,7989.0,96.18,285701.0,135265.0,150436.0,-14824.0
2018-03-27,645461.0,83659.0,80879.0,2780.0,24533.0,100.0,255565.0,139681.0,115884.0,-34552.0
2018-04-03,672875.0,85108.0,83782.0,1326.0,-1454.0,99.36,251341.0,150205.0,101136.0,-14747.0
2018-04-10,682253.0,80263.0,85244.0,-4981.0,-6307.0,98.73,246082.0,141400.0,104682.0,3545.0
2018-04-17,679003.0,79619.0,86419.0,-6800.0,-1820.0,97.45,265940.0,143601.0,122339.0,17656.0
2018-04-24,685976.0,83497.0,81015.0,2482.0,9282.0,99.36,260777.0,142725.0,118052.0,-4287.0
2018-05-01,680823.0,84808.0,65861.0,18947.0,16466.0,100.0,250532.0,154077.0,96455.0,-21596.0
2018-05-08,696497.0,73573.0,72049.0,1524.0,-17424.0,98.09,248621.0,159868.0,88753.0,-7702.0
2018-05-15,710995.0,73897.0,74097.0,-200.0,-1724.0,96.82,251250.0,163849.0,87401.0,-1353.0
2018-05-22,731490.0,73707.0,76146.0,-2439.0,-2240.0,96.18,257946.0,183254.0,74692.0,-12708.0
2018-05-29,758381.0,76097.0,84834.0,-8737.0,-6297.0,92.99,254390.0,188975.0,65415.0,-9278.0
2018-06-05,764297.0,69296.0,77076.0,-7780.0,957.0,93.63,262001.0,188782.0,73219.0,7805.0
2018-06-12,808289.0,72399.0,81649.0,-9250.0,-1470.0,91.72,278793.0,186978.0,91815.0,18595.0
2018-06-19,584145.0,64466.0,82099.0,-17633.0,-8383.0,89.81,294696.0,183968.0,110728.0,18913.0
2018-06-26,592189.0,71037.0,85934.0,-14897.0,2736.0,89.81,278646.0,190289.0,88357.0,-22371.0
2018-07-03,591994.0,65397.0,79632.0,-14235.0,663.0,89.81,275559.0,191864.0,83695.0,-4662.0
2018-07-10,603377.0,64000.0,85665.0,-21665.0,-7430.0,87.26,282646.0,187590.0,95056.0,11361.0
2018-07-17,617923.0,66372.0,92386.0,-26014.0,-4350.0,82.17,282273.0,187652.0,94621.0,-434.0
2018-07-24,618863.0,68900.0,94628.0,-25728.0,287.0,82.17,277990.0,187013.0,90977.0,-3644.0
2018-07-31,615259.0,67770.0,83216.0,-15446.0,10281.0,88.54,273244.0,188958.0,84286.0,-6692.0
2018-08-07,631017.0,68888.0,92792.0,-23904.0,-8457.0,82.17,279316.0,188170.0,91146.0,6860.0
2018-08-14,628840.0,69782.0,90811.0,-21029.0,2875.0,87.26,272900.0,187295.0,85605.0,-5541.0
2018-08-21,632271.0,67542.0,98345.0,-30803.0,-9773.0,71.97,276040.0,187532.0,88508.0,2903.0
2018-08-28,646116.0,68281.0,98897.0,-30616.0,187.0,72.61,285061.0,178469.0,106592.0,18084.0
2018-09-04,648498.0,57027.0,99386.0,-42359.0,-11743.0,56.05,286995.0,170071.0,116924.0,10332.0
2018-09-11,653358.0,55989.0,97582.0,-41593.0,765.0,57.32,285319.0,164260.0,121059.0,4135.0
2018-09-18,726708.0,46783.0,88798.0,-42015.0,-422.0,55.41,298056.0,165095.0,132961.0,11902.0
2018-09-25,579634.0,37725.0,87414.0,-49689.0,-7673.0,42.68,311899.0,157675.0,154224.0,21263.0
2018-10-02,590542.0,40673.0,83248.0,-42575.0,7114.0,54.14,311059.0,157539.0,153520.0,-703.0
2018-10-09,611580.0,45865.0,77897.0,-32032.0,10544.0,69.43,293335.0,161344.0,131991.0,-21529.0
2018-10-16,627161.0,59370.0,63365.0,-3995.0,28035.0,95.54,263905.0,176118.0,87787.0,-44205.0
2018-10-23,634547.0,70716.0,78149.0,-7433.0,-3437.0,92.99,249043.0,176977.0,72066.0,-15722.0
2018-10-30,651135.0,78152.0,76831.0,1321.0,8753.0,96.82,234431.0,178684.0,55747.0,-16319.0
2018-11-06,642723.0,61745.0,76356.0,-14611.0,-15931.0,87.26,242467.0,177852.0,64615.0,8869.0
2018-11-13,648679.0,57644.0,79878.0,-22234.0,-7622.0,81.53,251745.0,171114.0,80631.0,16015.0
2018-11-20,668984.0,61711.0,69015.0,-7304.0,14930.0,92.36,245924.0,172785.0,73139.0,-7491.0
2018-11-27,667115.0,65123.0,71188.0,-6065.0,1239.0,92.99,243211.0,169324.0,73887.0,748.0
2018-12-04,681655.0,61719.0,77112.0,-15393.0,-9328.0,84.71,242667.0,156733.0,85934.0,12047.0
2018-12-11,693855.0,72862.0,68764.0,4098.0,19491.0,99.36,232841.0,167882.0,64959.0,-20975.0
2018-12-18,709900.0,80565.0,63132.0,17433.0,13335.0,99.36,232184.0,168240.0,63944.0,-1016.0
2018-12-24,588676.0,88617.0,56840.0,31777.0,14344.0,100.0,255424.0,152732.0,102692.0,38748.0
2018-12-31,575768.0,59873.0,55615.0,4258.0,-27519.0,98.09,260710.0,140469.0,120241.0,17550.0
2019-01-08,573742.0,47599.0,54769.0,-7170.0,-11427.0,89.17,261752.0,134838.0,126914.0,6673.0
2019-01-15,585987.0,45443.0,63257.0,-17814.0,-10644.0,79.62,261757.0,135310.0,126447.0,-467.0
2019-01-22,595185.0,51212.0,67577.0,-16365.0,1448.0,80.25,257347.0,131300.0,126047.0,-399.0
2019-01-29,599443.0,55291.0,64680.0,-9389.0,6976.0,84.71,250979.0,127462.0,123517.0,-2530.0
2019-02-05,592490.0,45860.0,74699.0,-28839.0,-19450.0,65.61,247016.0,130459.0,116557.0,-6960.0
2019-02-12,591539.0,42009.0,66769.0,-24760.0,4079.0,70.06,246106.0,136934.0,109172.0,-7384.0
2019-02-19,589295.0,39247.0,69719.0,-30472.0,-5712.0,61.78,245875.0,138430.0,107445.0,-1726.0
2019-02-26,603122.0,41995.0,75377.0,-33382.0,-2910.0,54.78,256609.0,130509.0,126100.0,18655.0
2019-03-05,571144.0,46771.0,77462.0,-30691.0,2691.0,59.24,255679.0,127714.0,127965.0,1865.0
2019-03-12,620260.0,43686.0,70626.0,-26940.0,3751.0,66.88,258648.0,121869.0,136779.0,8814.0
2019-03-19,520024.0,40446.0,77158.0,-36712.0,-9772.0,51.59,278096.0,125293.0,152803.0,16024.0
2019-03-26,526058.0,45050.0,69708.0,-24658.0,12055.0,70.06,271531.0,119075.0,152456.0,-347.0
2019-04-02,533116.0,43609.0,76874.0,-33265.0,-8608.0,52.87,274615.0,119906.0,154709.0,2253.0
2019-04-09,540171.0,45296.0,77523.0,-32227.0,1038.0,54.78,274617.0,115936.0,158681.0,3973.0
2019-04-16,559143.0,46949.0,80545.0,-33596.0,-1369.0,50.96,282487.0,115729.0,166758.0,8077.0
2019-04-23,575717.0,51407.0,75699.0,-24292.0,9303.0,70.7,282108.0,120065.0,162043.0,-4715.0
2019-04-30,571216.0,49586.0,67011.0,-17425.0,6868.0,78.98,282130.0,121678.0,160452.0,-1590.0
2019-05-07,568612.0,48261.0,65288.0,-17027.0,397.0,78.98,275432.0,121426.0,154006.0,-6446.0
2019-05-14,571543.0,48584.0,74155.0,-25571.0,-8544.0,66.88,268819.0,124160.0,144659.0,-9348.0
2019-05-21,571843.0,46476.0,75025.0,-28549.0,-2978.0,61.78,268270.0,126169.0,142101.0,-2557.0
2019-05-28,581858.0,50619.0,74346.0,-23727.0,4822.0,70.06,269658.0,128933.0,140725.0,-1376.0
2019-06-04,581678.0,60620.0,74944.0,-14324.0,9403.0,82.17,273738.0,130265.0,143473.0,2748.0
2019-06-11,586932.0,46737.0,84176.0,-37439.0,-23114.0,42.68,287140.0,125144.0,161996.0,18523.0
2019-06-18,663913.0,45931.0,88833.0,-42902.0,-5462.0,31.21,289401.0,127222.0,162179.0,182.0
2019-06-25,516250.0,31292.0,77703.0,-46411.0,-3510.0,24.84,303730.0,119132.0,184598.0,22420.0
2019-07-02,532421.0,35799.0,86879.0,-51080.0,-4670.0,19.11,303123.0,120473.0,182650.0,-1948.0
2019-07-09,538672.0,32616.0,86826.0,-54210.0,-3130.0,17.2,308384.0,124023.0,184361.0,1711.0
2019-07-16,556903.0,35293.0,88757.0,-53464.0,746.0,17.83,317082.0,122600.0,194482.0,10122.0
2019-07-23,557604.0,36889.0,78492.0,-41603.0,11862.0,34.39,307791.0,125880.0,181911.0,-12570.0
2019-07-30,558588.0,35741.0,78711.0,-42970.0,-1368.0,29.94,306123.0,124668.0,181455.0,-456.0
2019-08-06,549032.0,33469.0,67264.0,-33795.0,9175.0,45.86,294507.0,136853.0,157654.0,-23801.0
2019-08-13,541120.0,25064.0,73819.0,-48755.0,-14961.0,18.47,286968.0,135107.0,151861.0,-5792.0
2019-08-20,546962.0,26577.0,66877.0,-40300.0,8455.0,37.58,282087.0,148395.0,133692.0,-18168.0
2019-08-27,554812.0,25481.0,72592.0,-47111.0,-6811.0,21.02,285429.0,141672.0,143757.0,10064.0
2019-09-03,561385.0,24887.0,78831.0,-53944.0,-6833.0,13.38,282635.0,138522.0,144113.0,356.0
2019-09-10,582996.0,31310.0,85100.0,-53790.0,154.0,13.38,288060.0,132249.0,155811.0,11698.0
2019-09-17,632829.0,36232.0,78482.0,-42250.0,11540.0,30.57,275935.0,132101.0,143834.0,-11977.0
2019-09-24,512020.0,28749.0,67248.0,-38499.0,3751.0,40.76,291986.0,128114.0,163872.0,20037.0
2019-10-01,515140.0,26514.0,63371.0,-36857.0,1641.0,43.31,285311.0,131045.0,154266.0,-9607.0
2019-10-08,517891.0,30796.0,61520.0,-30724.0,6133.0,52.87,273930.0,131831.0,142099.0,-12167.0
2019-10-15,526647.0,29818.0,74171.0,-44353.0,-13628.0,24.2,279732.0,127005.0,152727.0,10628.0
2019-10-22,527802.0,32815.0,78223.0,-45408.0,-1056.0,21.02,281119.0,123564.0,157555.0,4828.0
2019-10-29,546562.0,34185.0,84076.0,-49891.0,-4483.0,11.46,285431.0,117278.0,168153.0,10598.0
2019-11-05,558295.0,36978.0,92583.0,-55605.0,-5714.0,3.82,285849.0,111886.0,173963.0,5810.0
2019-11-12,574424.0,36393.0,93259.0,-56866.0,-1260.0,3.18,291330.0,106750.0,184580.0,10618.0
2019-11-19,585963.0,36385.0,93995.0,-57610.0,-744.0,2.55,289594.0,108094.0,181500.0,-3080.0
2019-11-26,605622.0,40275.0,99483.0,-59208.0,-1598.0,1.91,291054.0,109793.0,181261.0,-239.0
2019-12-03,606563.0,41582.0,88706.0,-47124.0,12083.0,18.47,286187.0,116094.0,170093.0,-11169.0
2019-12-10,622140.0,42284.0,91118.0,-48834.0,-1710.0,14.65,287271.0,107990.0,179281.0,9189.0
2019-12-17,675130.0,59826.0,95300.0,-35474.0,13361.0,43.95,282392.0,105570.0,176822.0,-2459.0
2019-12-24,556980.0,51703.0,93638.0,-41935.0,-6462.0,29.94,309501.0,98198.0,211303.0,34481.0
2019-12-31,566928.0,55482.0,95886.0,-40404.0,1531.0,35.67,304126.0,101535.0,202591.0,-8712.0
2020-01-07,567613.0,57404.0,98263.0,-40859.0,-455.0,35.03,304136.0,100790.0,203346.0,755.0
2020-01-14,568311.0,51551.0,97232.0,-45681.0,-4822.0,21.02,313471.0,97650.0,215821.0,12475.0
2020-01-21,587888.0,54282.0,102683.0,-48401.0,-2719.0,15.29,316976.0,99745.0,217231.0,1411.0
2020-01-28,583370.0,54451.0,97347.0,-42896.0,5504.0,27.39,308876.0,101701.0,207175.0,-10056.0
2020-02-04,575449.0,49548.0,92616.0,-43068.0,-172.0,25.48,305492.0,95923.0,209569.0,2394.0
2020-02-11,596376.0,50960.0,105232.0,-54272.0,-11204.0,6.37,310645.0,92233.0,218412.0,8843.0
2020-02-18,607316.0,54175.0,97899.0,-43724.0,10548.0,23.57,314187.0,91355.0,222832.0,4420.0
2020-02-25,617822.0,55864.0,75412.0,-19548.0,24177.0,75.8,285921.0,109048.0,176873.0,-45959.0
2020-03-03,687840.0,72181.0,82368.0,-10187.0,9361.0,84.08,266209.0,136200.0,130009.0,-46865.0
2020-03-10,783449.0,67424.0,88067.0,-20643.0,-10456.0,74.52,286750.0,178274.0,108476.0,-21533.0
2020-03-17,1024737.0,88854.0,80491.0,8363.0,29006.0,98.09,274031.0,206651.0,67380.0,-41096.0
2020-03-24,695310.0,70469.0,71229.0,-760.0,-9123.0,92.36,288246.0,219977.0,68269.0,889.0
2020-03-31,754083.0,65520.0,89838.0,-24318.0,-23558.0,64.97,305891.0,209603.0,96288.0,28019.0
2020-04-07,772134.0,63826.0,90294.0,-26468.0,-2150.0,60.51,297295.0,206441.0,90854.0,-5434.0
2020-04-14,777289.0,58684.0,105318.0,-46634.0,-20166.0,16.56,301721.0,184937.0,116784.0,25929.0
2020-04-21,774339.0,57822.0,94421.0,-36599.0,10035.0,40.13,301432.0,188784.0,112648.0,-4135.0
2020-04-28,764991.0,50890.0,103132.0,-52242.0,-15643.0,9.55,299803.0,181472.0,118331.0,5683.0
2020-05-05,750913.0,50548.0,103256.0,-52708.0,-466.0,9.55,280106.0,181601.0,98505.0,-19826.0
2020-05-12,753246.0,49388.0,104721.0,-55333.0,-2625.0,4.46,282871.0,178613.0,104258.0,5753.0
2020-05-19,748020.0,45888.0,108373.0,-62485.0,-7152.0,0.64,274939.0,178783.0,96156.0,-8102.0
2020-05-26,748823.0,44608.0,119725.0,-75117.0,-12632.0,0.64,274250.0,165510.0,108740.0,12585.0
2020-06-02,750830.0,51056.0,126505.0,-75449.0,-332.0,0.64,264119.0,160147.0,103972.0,-4769.0
2020-06-09,766888.0,52545.0,129179.0,-76634.0,-1185.0,0.64,263257.0,145191.0,118066.0,14094.0
2020-06-16,812088.0,49237.0,128691.0,-79454.0,-2821.0,0.64,258839.0,155456.0,103383.0,-14683.0
2020-06-23,520654.0,32108.0,102448.0,-70340.0,9114.0,3.18,253673.0,163872.0,89801.0,-13582.0
2020-06-30,538487.0,43770.0,100943.0,-57173.0,13168.0,7.05,244673.0,165510.0,79163.0,-10638.0
2020-07-07,533758.0,41251.0,99656.0,-58405.0,-1231.0,6.37,244523.0,157406.0,87117.0,7954.0
2020-07-14,536906.0,41022.0,104395.0,-63373.0,-4968.0,3.82,247036.0,148980.0,98056.0,10939.0
2020-07-21,542138.0,42500.0,104915.0,-62415.0,958.0,5.1,243661.0,143567.0,100094.0,2038.0
2020-07-28,551791.0,45328.0,94506.0,-49178.0,13237.0,19.11,252790.0,143803.0,108987.0,8893.0
2020-08-04,559277.0,40527.0,107626.0,-67099.0,-17921.0,3.82,259904.0,137480.0,122424.0,13438.0
2020-08-11,566508.0,41183.0,108063.0,-66880.0,220.0,4.46,261384.0,127254.0,134130.0,11705.0
2020-08-18,574834.0,42721.0,105636.0,-62915.0,3965.0,5.73,262903.0,127095.0,135808.0,1677.0
2020-08-25,579474.0,43407.0,109481.0,-66074.0,-3159.0,5.1,268410.0,125687.0,142723.0,6915.0
2020-09-01,590438.0,49210.0,109687.0,-60477.0,5598.0,8.28,262622.0,125359.0,137263.0,-5460.0
2020-09-08,577671.0,50542.0,91183.0,-40641.0,19835.0,38.22,249151.0,126596.0,122555.0,-14708.0
2020-09-15,620388.0,43571.0,87713.0,-44142.0,-3501.0,29.3,252766.0,127890.0,124876.0,2321.0
2020-09-22,502173.0,32640.0,68828.0,-36188.0,7954.0,45.86,263537.0,132111.0,131426.0,6550.0
2020-09-29,502009.0,35931.0,71744.0,-35813.0,374.0,45.86,252985.0,134756.0,118229.0,-13196.0
2020-10-06,507185.0,39917.0,73153.0,-33236.0,2579.0,50.32,243795.0,126360.0,117435.0,-794.0
2020-10-13,509854.0,36754.0,82869.0,-46115.0,-12880.0,25.48,248018.0,114811.0,133207.0,15772.0
2020-10-20,503160.0,38790.0,76558.0,-37768.0,8348.0,40.13,245254.0,118693.0,126561.0,-6646.0
2020-10-27,500239.0,42273.0,75535.0,-33262.0,4506.0,49.68,238423.0,117440.0,120983.0,-5578.0
2020-11-03,496324.0,39401.0,73837.0,-34436.0,-1173.0,46.5,234678.0,122474.0,112204.0,-8778.0
2020-11-10,517065.0,41048.0,72080.0,-31032.0,3404.0,54.14,238850.0,110945.0,127905.0,15701.0
2020-11-17,534823.0,46973.0,78661.0,-31688.0,-655.0,53.5,242322.0,110275.0,132047.0,4141.0
2020-11-24,538369.0,46513.0,83420.0,-36907.0,-5220.0,41.4,246694.0,107612.0,139082.0,7035.0
2020-12-01,556009.0,51026.0,82621.0,-31595.0,5312.0,54.78,248749.0,107178.0,141571.0,2490.0
2020-12-08,578100.0,52685.0,87183.0,-34498.0,-2903.0,46.5,256333.0,104889.0,151444.0,9873.0
2020-12-15,637832.0,56567.0,82802.0,-26235.0,8263.0,64.33,257558.0,106707.0,150851.0,-593.0
2020-12-21,495182.0,47491.0,77313.0,-29822.0,-3587.0,59.24,257750.0,107033.0,150717.0,-135.0
2020-12-29,506564.0,47031.0,82871.0,-35840.0,-6019.0,44.59,259737.0,105389.0,154348.0,3630.0
2021-01-05,523123.0,47873.0,86240.0,-38367.0,-2527.0,40.13,264466.0,107142.0,157324.0,2977.0
2021-01-12,531665.0,51701.0,88097.0,-36396.0,1972.0,43.95,262560.0,100075.0,162485.0,5161.0
2021-01-19,535228.0,49107.0,85998.0,-36891.0,-496.0,41.4,268674.0,100559.0,168115.0,5630.0
2021-01-26,539902.0,49127.0,93002.0,-43875.0,-6983.0,28.03,263087.0,95786.0,167301.0,-814.0
2021-02-02,550121.0,56663.0,95534.0,-38871.0,5004.0,38.85,249900.0,99377.0,150523.0,-16777.0
2021-02-09,547257.0,54127.0,96342.0,-42215.0,-3345.0,33.76,248169.0,88000.0,160169.0,9647.0
2021-02-16,552371.0,52968.0,106373.0,-53405.0,-11189.0,16.56,251878.0,87607.0,164271.0,4101.0
2021-02-23,556649.0,58935.0,98835.0,-39900.0,13504.0,40.13,252308.0,90467.0,161841.0,-2429.0
2021-03-02,584840.0,66317.0,91712.0,-25395.0,14505.0,68.15,236851.0,93835.0,143016.0,-18825.0
2021-03-09,585629.0,68960.0,84172.0,-15212.0,10182.0,80.89,231223.0,96187.0,135036.0,-7980.0
2021-03-16,643898.0,64436.0,86564.0,-22128.0,-6916.0,72.61,228444.0,93144.0,135300.0,265.0
2021-03-23,508037.0,38561.0,78863.0,-40302.0,-18174.0,39.49,240772.0,93492.0,147280.0,11979.0
2021-03-30,529023.0,43483.0,83091.0,-39608.0,694.0,41.4,243991.0,90179.0,153812.0,6534.0
2021-04-06,549444.0,43224.0,92984.0,-49760.0,-10152.0,19.75,249806.0,89674.0,160132.0,6319.0
2021-04-13,560636.0,44285.0,95476.0,-51191.0,-1431.0,18.47,251651.0,87743.0,163908.0,3776.0
2021-04-20,569824.0,46890.0,92983.0,-46093.0,5098.0,27.39,254824.0,87282.0,167542.0,3634.0
2021-04-27,581117.0,47186.0,92213.0,-45027.0,1066.0,29.3,254883.0,86397.0,168486.0,943.0
2021-05-04,578570.0,46043.0,92785.0,-46742.0,-1715.0,25.48,261139.0,84323.0,176816.0,8330.0
2021-05-11,568597.0,47990.0,84587.0,-36597.0,10145.0,51.59,257014.0,84098.0,172916.0,-3900.0
2021-05-18,561295.0,48639.0,81625.0,-32986.0,3613.0,60.51,251935.0,85120.0,166815.0,-6101.0
2021-05-25,588098.0,52153.0,77542.0,-25389.0,7596.0,73.89,257414.0,87419.0,169995.0,3180.0
2021-06-01,594184.0,54469.0,80319.0,-25850.0,-461.0,71.97,254254.0,82698.0,171556.0,1561.0
2021-06-08,606772.0,53357.0,73031.0,-19674.0,6176.0,82.17,258828.0,84488.0,174340.0,2785.0
2021-06-15,666519.0,50233.0,78015.0,-27782.0,-8107.0,69.43,272582.0,81521.0,191061.0,16721.0
2021-06-22,519840.0,34461.0,72349.0,-37888.0,-10107.0,47.13,275604.0,81961.0,193643.0,2582.0
2021-06-29,526777.0,38980.0,79068.0,-40088.0,-2199.0,43.95,270225.0,76894.0,193331.0,-312.0
2021-07-06,535166.0,41976.0,82568.0,-40592.0,-504.0,42.04,271623.0,79349.0,192274.0,-1057.0
2021-07-13,543030.0,41983.0,80703.0,-38720.0,1872.0,47.13,272487.0,78856.0,193631.0,1357.0
2021-07-20,551237.0,43957.0,78160.0,-34203.0,4518.0,59.24,271902.0,82987.0,188915.0,-4716.0
2021-07-27,560457.0,40035.0,77958.0,-37923.0,-3721.0,49.04,264355.0,80263.0,184092.0,-4823.0
2021-08-03,568882.0,44114.0,79855.0,-35741.0,2182.0,57.96,261605.0,79817.0,181788.0,-2304.0
2021-08-10,573185.0,43976.0,80546.0,-36570.0,-828.0,55.41,260706.0,75801.0,184905.0,3117.0
2021-08-17,581375.0,41888.0,74035.0,-32147.0,4423.0,66.88,261174.0,79188.0,181986.0,-2919.0
2021-08-24,592348.0,44917.0,74999.0,-30082.0,2065.0,72.61,257648.0,80491.0,177157.0,-4830.0
2021-08-31,601293.0,41349.0,73297.0,-31948.0,-1866.0,68.15,258921.0,76576.0,182345.0,5188.0
2021-09-07,611152.0,43905.0,72058.0,-28153.0,3795.0,74.52,258845.0,74384.0,184461.0,2116.0
2021-09-14,655925.0,45253.0,64125.0,-18872.0,9282.0,85.99,248621.0,74916.0,173705.0,-10756.0
2021-09-21,490636.0,38940.0,64109.0,-25169.0,-6297.0,78.98,248087.0,76872.0,171215.0,-2490.0
2021-09-28,491475.0,49440.0,58186.0,-8746.0,16424.0,92.36,238327.0,74614.0,163713.0,-7502.0
2021-10-05,487471.0,50199.0,58640.0,-8441.0,305.0,92.36,238054.0,79117.0,158937.0,-4776.0
2021-10-12,480633.0,51414.0,55755.0,-4341.0,4099.0,94.9,229000.0,81504.0,147496.0,-11440.0
2021-10-19,477317.0,45642.0,64503.0,-18861.0,-14520.0,84.71,234592.0,77130.0,157462.0,9965.0
2021-10-26,480961.0,46794.0,60969.0,-14175.0,4687.0,90.45,233225.0,73374.0,159851.0,2389.0
2021-11-02,486386.0,51865.0,59437.0,-7572.0,6604.0,93.63,229398.0,76854.0,152544.0,-7307.0
2021-11-09,487561.0,53345.0,60741.0,-7396.0,176.0,93.63,228216.0,77703.0,150513.0,-2032.0
2021-11-16,490979.0,49759.0,58411.0,-8652.0,-1257.0,91.72,230048.0,75121.0,154927.0,4414.0
2021-11-23,491063.0,51654.0,52161.0,-507.0,8145.0,96.82,229643.0,75512.0,154131.0,-796.0
2021-11-30,502143.0,63614.0,51990.0,11624.0,12131.0,98.73,222129.0,85787.0,136342.0,-17789.0
2021-12-07,502877.0,57513.0,54131.0,3382.0,-8242.0,96.18,216969.0,87181.0,129788.0,-6554.0
2021-12-14,550927.0,62081.0,53143.0,8938.0,5555.0,98.09,210547.0,93598.0,116949.0,-12839.0
2021-12-21,452425.0,52426.0,54519.0,-2093.0,-11030.0,95.51,217686.0,84022.0,133664.0,16715.0
2021-12-28,457570.0,51013.0,70467.0,-19454.0,-17361.0,83.97,223273.0,76055.0,147218.0,13555.0
2022-01-04,459458.0,53291.0,73066.0,-19775.0,-322.0,82.17,222930.0,76593.0,146337.0,-882.0
2022-01-11,456734.0,50815.0,62368.0,-11553.0,8221.0,90.45,223622.0,77778.0,145844.0,-492.0
2022-01-18,461996.0,54528.0,57126.0,-2598.0,8955.0,95.54,220420.0,75716.0,144704.0,-1140.0
2022-01-25,475771.0,70782.0,49352.0,21430.0,24028.0,100.0,217660.0,88039.0,129621.0,-15083.0
2022-02-01,456794.0,59711.0,49945.0,9766.0,-11664.0,98.73,213978.0,87120.0,126858.0,-2763.0
2022-02-08,445982.0,56432.0,44724.0,11708.0,1942.0,99.36,204065.0,92365.0,111700.0,-15158.0
2022-02-15,454053.0,58480.0,52374.0,6106.0,-5603.0,96.18,198721.0,95283.0,103438.0,-8261.0
2022-02-22,474833.0,64825.0,50142.0,14683.0,8578.0,99.36,202480.0,102984.0,99496.0,-3942.0
2022-03-01,477498.0,59847.0,64617.0,-4770.0,-19453.0,91.08,199776.0,107047.0,92729.0,-6767.0
2022-03-08,487109.0,60534.0,57346.0,3188.0,7958.0,94.27,195847.0,112261.0,83586.0,-9143.0
2022-03-15,516552.0,57171.0,66555.0,-9384.0,-12572.0,86.62,203493.0,115184.0,88309.0,4724.0
2022-03-22,422337.0,22370.0,76429.0,-54059.0,-44675.0,14.65,205761.0,102765.0,102996.0,14686.0
2022-03-29,424010.0,25605.0,82087.0,-56482.0,-2423.0,12.1,203992.0,91998.0,111994.0,8998.0
2022-04-05,424471.0,27223.0,76975.0,-49752.0,6729.0,22.29,196006.0,89302.0,106704.0,-5291.0
2022-04-12,431393.0,36925.0,57077.0,-20152.0,29600.0,77.71,195397.0,99801.0,95596.0,-11108.0
2022-04-19,431759.0,38182.0,61478.0,-23296.0,-3144.0,75.8,194126.0,99488.0,94638.0,-957.0
2022-04-26,438339.0,49870.0,51214.0,-1344.0,21953.0,92.36,187062.0,115077.0,71985.0,-22654.0
2022-05-03,441735.0,52227.0,68928.0,-16701.0,-15356.0,82.17,191620.0,118431.0,73189.0,1205.0
2022-05-10,452391.0,58274.0,60004.0,-1730.0,14970.0,91.72,188609.0,133174.0,55435.0,-17755.0
2022-05-17,450422.0,49660.0,69164.0,-19504.0,-17774.0,78.98,196002.0,134505.0,61497.0,6062.0
2022-05-24,452434.0,46268.0,75542.0,-29274.0,-9770.0,67.52,195776.0,137612.0,58164.0,-3334.0
2022-05-31,452093.0,38684.0,79368.0,-40684.0,-11411.0,40.13,199397.0,128474.0,70923.0,12761.0
2022-06-07,453484.0,37906.0,84174.0,-46268.0,-5584.0,28.66,197113.0,128837.0,68276.0,-2648.0
2022-06-14,530880.0,49574.0,84757.0,-35183.0,11085.0,58.6,192007.0,150703.0,41304.0,-26971.0
2022-06-21,452401.0,34503.0,75470.0,-40967.0,-5784.0,39.49,203643.0,166016.0,37627.0,-3678.0
2022-06-28,449754.0,29026.0,82139.0,-53113.0,-12146.0,18.47,201337.0,162333.0,39004.0,1376.0
2022-07-05,461848.0,28243.0,91838.0,-63595.0,-10483.0,5.73,204741.0,163623.0,41118.0,2115.0
2022-07-12,463516.0,25456.0,99359.0,-73903.0,-10308.0,3.18,207058.0,162426.0,44632.0,3514.0
2022-07-19,467064.0,27334.0,112448.0,-85114.0,-11210.0,0.64,205866.0,156361.0,49505.0,4874.0
2022-07-26,464565.0,23625.0,114494.0,-90869.0,-5755.0,0.64,207638.0,148503.0,59135.0,9630.0
2022-08-02,462133.0,25580.0,126771.0,-101191.0,-10323.0,0.64,202218.0,138035.0,64183.0,5048.0
2022-08-09,459878.0,25508.0,126228.0,-100720.0,472.0,1.27,192907.0,133723.0,59184.0,-4999.0
2022-08-16,469245.0,25122.0,144856.0,-119734.0,-19014.0,0.64,197630.0,122412.0,75218.0,16034.0
2022-08-23,465908.0,27280.0,130019.0,-102739.0,16994.0,1.27,190429.0,122759.0,67670.0,-7548.0
2022-08-30,465991.0,26909.0,125070.0,-98161.0,4578.0,3.18,191339.0,126003.0,65336.0,-2334.0
2022-09-06,462858.0,26429.0,116943.0,-90514.0,7647.0,4.46,186483.0,132214.0,54269.0,-11068.0
2022-09-13,520609.0,23497.0,128568.0,-105071.0,-14557.0,1.27,187530.0,124834.0,62696.0,8427.0
2022-09-20,428204.0,22616.0,91945.0,-69329.0,35741.0,10.19,182907.0,126117.0,56790.0,-5906.0
2022-09-27,446776.0,32735.0,90102.0,-57367.0,11962.0,18.47,180681.0,137057.0,43624.0,-13165.0
2022-10-04,452257.0,27516.0,95610.0,-68094.0,-10727.0,10.83,182285.0,142799.0,39486.0,-4137.0
2022-10-11,455559.0,30115.0,99512.0,-69397.0,-1303.0,10.19,181513.0,145475.0,36038.0,-3448.0
2022-10-18,467313.0,30843.0,113499.0,-82656.0,-13259.0,6.37,186534.0,141862.0,44672.0,8635.0
2022-10-25,472365.0,30621.0,119789.0,-89168.0,-6511.0,5.73,188937.0,133014.0,55923.0,11250.0
2022-11-01,467342.0,32075.0,111253.0,-79178.0,9988.0,8.28,187560.0,123393.0,64167.0,8243.0
2022-11-08,463779.0,33178.0,111598.0,-78420.0,758.0,8.92,185079.0,120517.0,64562.0,395.0
2022-11-15,468702.0,30575.0,124829.0,-94254.0,-15834.0,4.46,188799.0,103789.0,85010.0,20448.0
2022-11-22,460815.0,27457.0,114654.0,-87197.0,7057.0,7.01,190694.0,99760.0,90934.0,5925.0
2022-11-29,462905.0,28399.0,112267.0,-83868.0,3329.0,8.28,196525.0,100139.0,96386.0,5451.0
2022-12-06,457538.0,24236.0,110509.0,-86273.0,-2405.0,7.64,189862.0,97113.0,92749.0,-3636.0
2022-12-13,495428.0,22210.0,117516.0,-95306.0,-9033.0,4.46,192036.0,94405.0,97631.0,4882.0
2022-12-20,397369.0,32129.0,75826.0,-43697.0,51609.0,40.13,192058.0,103262.0,88796.0,-8836.0
2022-12-27,392262.0,28584.0,77939.0,-49355.0,-5658.0,32.48,190934.0,101678.0,89256.0,460.0
2023-01-03,402199.0,31086.0,86329.0,-55243.0,-5888.0,26.75,188847.0,101555.0,87292.0,-1964.0
2023-01-10,406513.0,30055.0,93120.0,-63065.0,-7822.0,21.02,189722.0,97104.0,92618.0,5326.0
2023-01-17,411294.0,28136.0,105385.0,-77249.0,-14183.0,12.74,194790.0,88935.0,105855.0,13236.0
2023-01-24,404887.0,28231.0,103266.0,-75035.0,2214.0,15.29,191482.0,85232.0,106250.0,396.0
2023-01-31,412284.0,28879.0,108131.0,-79252.0,-4218.0,11.46,189817.0,75027.0,114790.0,8540.0
2023-02-07,410617.0,27405.0,105871.0,-78466.0,787.0,12.74,188770.0,76075.0,112695.0,-2095.0
2023-02-14,415269.0,25810.0,108487.0,-82677.0,-4213.0,10.19,191470.0,78483.0,112987.0,292.0
2023-02-21,414897.0,28786.0,99749.0,-70963.0,11714.0,18.47,191539.0,82522.0,109017.0,-3969.0
2023-02-28,422632.0,33688.0,93472.0,-59784.0,11179.0,28.03,191203.0,91594.0,99609.0,-9408.0
2023-03-07,426634.0,29795.0,90633.0,-60838.0,-1054.0,27.39,191927.0,87526.0,104401.0,4792.0
2023-03-14,510197.0,30339.0,80792.0,-50453.0,10384.0,36.94,194416.0,96177.0,98239.0,-6162.0
2023-03-21,429801.0,16349.0,108689.0,-92340.0,-41886.0,5.73,195787.0,100555.0,95232.0,-3006.0
2023-03-28,428446.0,17482.0,107566.0,-90084.0,2256.0,7.64,190005.0,104174.0,85831.0,-9401.0
2023-04-04,443902.0,18503.0,131666.0,-113163.0,-23077.0,1.27,186498.0,88182.0,98316.0,12484.0
2023-04-11,449694.0,23816.0,130000.0,-106184.0,6979.0,1.91,194727.0,87691.0,107036.0,8720.0
2023-04-18,455664.0,23921.0,133380.0,-109459.0,-3275.0,1.91,205270.0,86977.0,118293.0,11257.0
2023-04-25,453159.0,28488.0,123502.0,-95014.0,14446.0,7.01,205911.0,89016.0,116895.0,-1399.0
2023-05-02,2304633.0,131734.0,588857.0,-457123.0,-362110.0,0.64,1026371.0,431625.0,594746.0,477851.0
2023-05-09,2325459.0,135379.0,637987.0,-502608.0,-45485.0,0.64,1023679.0,425316.0,598363.0,3617.0
2023-05-16,2339836.0,122528.0,611310.0,-488782.0,13826.0,1.27,1045630.0,431214.0,614416.0,16053.0
2023-05-23,2420808.0,158512.0,663114.0,-504602.0,-15819.0,0.64,1052016.0,422846.0,629170.0,14754.0
2023-05-30,2533871.0,176827.0,693822.0,-516995.0,-12395.0,0.64,1046229.0,416612.0,629617.0,448.0
2023-06-06,2544164.0,170267.0,728831.0,-558564.0,-41569.0,0.64,1051361.0,383644.0,667717.0,38101.0
2023-06-13,2956473.0,162240.0,680616.0,-518376.0,40189.0,1.27,1098382.0,332715.0,765667.0,97948.0
2023-06-20,2233907.0,127322.0,506274.0,-378952.0,139423.0,5.1,1119588.0,319482.0,800106.0,34440.0
2023-06-27,2200098.0,137504.0,449188.0,-311684.0,67268.0,5.73,1094188.0,338804.0,755384.0,-44723.0
2023-07-03,2227564.0,170351.0,455934.0,-285583.0,26101.0,6.37,1094223.0,315970.0,778253.0,22869.0
2023-07-11,2228090.0,173871.0,471990.0,-298119.0,-12536.0,6.37,1085161.0,323785.0,761376.0,-16877.0
2023-07-18,2301847.0,174361.0,548489.0,-374128.0,-76009.0,5.73,1124679.0,303479.0,821200.0,59824.0
2023-07-25,2265346.0,157181.0,549819.0,-392638.0,-18510.0,5.1,1123597.0,319602.0,803995.0,-17205.0
2023-08-01,2263529.0,149033.0,520351.0,-371318.0,21321.0,7.01,1126246.0,304082.0,822164.0,18169.0
2023-08-08,2245745.0,170759.0,487930.0,-317171.0,54147.0,7.64,1095481.0,319275.0,776206.0,-45958.0
2023-08-15,2246098.0,147548.0,432293.0,-284745.0,32426.0,10.19,1105079.0,323616.0,781463.0,5257.0
2023-08-22,2253916.0,120968.0,447187.0,-326219.0,-41474.0,7.64,1110243.0,353398.0,756845.0,-24618.0
2023-08-29,2291670.0,139155.0,483323.0,-344168.0,-17949.0,7.64,1096427.0,339385.0,757042.0,196.0
2023-09-05,2284667.0,125462.0,451616.0,-326154.0,18014.0,8.92,1109586.0,327902.0,781684.0,24643.0
2023-09-12,2547762.0,177330.0,416335.0,-239005.0,87147.0,12.74,1100501.0,317823.0,782678.0,994.0
2023-09-19,2107388.0,97053.0,418854.0,-321801.0,-82795.0,9.55,1167197.0,302074.0,865123.0,82445.0
2023-09-26,2150244.0,151252.0,437942.0,-286690.0,35111.0,12.1,1106462.0,345513.0,760949.0,-104174.0
2023-10-03,2151506.0,131552.0,399462.0,-267910.0,18779.0,14.01,1076460.0,378656.0,697804.0,-63145.0
2023-10-10,2088321.0,112170.0,399379.0,-287209.0,-19300.0,12.1,1070017.0,401413.0,668604.0,-29201.0
2023-10-17,2128482.0,118831.0,384178.0,-265347.0,21863.0,15.29,1080972.0,406688.0,674284.0,5680.0
2023-10-24,2176852.0,160102.0,363319.0,-203217.0,62131.0,16.56,1066328.0,453308.0,613020.0,-61265.0
2023-10-31,2193182.0,146121.0,383423.0,-237302.0,-34085.0,16.56,1074948.0,468610.0,606338.0,-6682.0
2023-11-07,2194624.0,168252.0,442153.0,-273901.0,-36601.0,14.65,1091709.0,420025.0,671684.0,65346.0
2023-11-14,2208240.0,178571.0,469104.0,-290533.0,-16632.0,12.1,1088088.0,388863.0,699225.0,27540.0
2023-11-21,2255516.0,164118.0,474549.0,-310431.0,-19896.0,11.46,1133912.0,373170.0,760742.0,61517.0
2023-11-28,2295420.0,172624.0,490862.0,-318238.0,-7807.0,10.19,1161034.0,367388.0,793646.0,32904.0
2023-12-05,2330556.0,160179.0,510568.0,-350389.0,-32152.0,7.64,1164468.0,346616.0,817852.0,24207.0
2023-12-12,2690306.0,184974.0,545510.0,-360536.0,-10148.0,7.64,1151484.0,324580.0,826904.0,9051.0
2023-12-19,2167112.0,155337.0,462928.0,-307591.0,52945.0,14.1,1177850.0,293402.0,884448.0,57545.0
2023-12-26,2166788.0,145304.0,501011.0,-355707.0,-48116.0,8.28,1155602.0,275125.0,880477.0,-3971.0
2024-01-02,2234726.0,147532.0,537745.0,-390213.0,-34506.0,5.73,1220747.0,263371.0,957376.0,76900.0
2024-01-09,2225245.0,162683.0,470085.0,-307402.0,82811.0,15.92,1196261.0,266029.0,930232.0,-27144.0
2024-01-16,2233526.0,154507.0,447414.0,-292907.0,14495.0,17.2,1191827.0,262325.0,929502.0,-730.0
2024-01-23,2287411.0,179526.0,567605.0,-388079.0,-95172.0,6.37,1192719.0,278234.0,914485.0,-15017.0
2024-01-30,2326056.0,177373.0,602100.0,-424727.0,-36648.0,5.1,1212141.0,240586.0,971555.0,57070.0
2024-02-06,2313768.0,164162.0,571760.0,-407598.0,17129.0,5.73,1181044.0,263355.0,917689.0,-53866.0
2024-02-13,2355646.0,178718.0,553828.0,-375110.0,32489.0,8.92,1182982.0,243591.0,939391.0,21702.0
2024-02-20,2341883.0,150669.0,563369.0,-412700.0,-37590.0,5.73,1179284.0,232485.0,946799.0,7408.0
2024-02-27,2365269.0,167675.0,595974.0,-428299.0,-15600.0,5.1,1176202.0,234510.0,941692.0,-5107.0
2024-03-05,2401166.0,181513.0,582809.0,-401296.0,27004.0,7.64,1158454.0,238455.0,919999.0,-21693.0
2024-03-12,2704540.0,154339.0,639270.0,-484931.0,-83635.0,4.46,1147222.0,231086.0,916136.0,-3863.0
2024-03-19,2111429.0,114319.0,544704.0,-430385.0,54546.0,5.73,1167000.0,218215.0,948785.0,32650.0
2024-03-26,2128826.0,117757.0,571262.0,-453505.0,-23121.0,5.73,1164898.0,210054.0,954844.0,6058.0
2024-04-02,2110281.0,151898.0,515220.0,-363322.0,90183.0,14.65,1140332.0,203756.0,936576.0,-18267.0
2024-04-09,2115693.0,153065.0,486131.0,-333066.0,30256.0,17.83,1144099.0,197154.0,946945.0,10369.0
2024-04-16,2124352.0,222141.0,416715.0,-194574.0,138492.0,32.48,1087794.0,222601.0,865193.0,-81753.0
2024-04-23,2092629.0,194277.0,392951.0,-198674.0,-4100.0,32.48,1088443.0,244272.0,844171.0,-21022.0
2024-04-30,2031800.0,169983.0,359038.0,-189055.0,9620.0,33.76,1069340.0,241957.0,827383.0,-16788.0
2024-05-07,2056976.0,162959.0,415080.0,-252121.0,-63066.0,30.57,1076754.0,211695.0,865059.0,37676.0
2024-05-14,2107573.0,160172.0,443822.0,-283650.0,-31529.0,28.66,1109863.0,188065.0,921798.0,56740.0
2024-05-21,2176057.0,168594.0,492963.0,-324369.0,-40719.0,19.75,1130648.0,184325.0,946323.0,24524.0
2024-05-28,2207528.0,175982.0,506487.0,-330505.0,-6136.0,18.47,1143395.0,166011.0,977384.0,31061.0
2024-06-04,2189450.0,159209.0,493896.0,-334687.0,-4183.0,17.83,1122228.0,164812.0,957416.0,-19969.0
2024-06-11,2296554.0,157028.0,511028.0,-354000.0,-19312.0,16.56,1138374.0,164489.0,973885.0,16469.0
2024-06-18,2626904.0,169695.0,527840.0,-358145.0,-4147.0,15.92,1147347.0,177191.0,970156.0,-3729.0
2024-06-25,1986672.0,134364.0,424451.0,-290087.0,68058.0,29.3,1148712.0,172082.0,976630.0,6473.0
2024-07-02,2047732.0,174079.0,451285.0,-277206.0,12881.0,33.12,1139133.0,188459.0,950674.0,-25956.0
2024-07-09,2059456.0,155137.0,480425.0,-325288.0,-48082.0,22.29,1166148.0,186462.0,979686.0,29012.0
2024-07-16,2102256.0,178519.0,531786.0,-353267.0,-27979.0,17.83,1179373.0,174757.0,1004616.0,24931.0
2024-07-23,2058317.0,196230.0,472365.0,-276135.0,77132.0,35.03,1168133.0,170472.0,997661.0,-6956.0
2024-07-30,2058295.0,201842.0,449053.0,-247211.0,28925.0,38.22,1148334.0,199145.0,949189.0,-48472.0
2024-08-06,2037394.0,223745.0,437494.0,-213749.0,33462.0,40.13,1110751.0,220066.0,890685.0,-58504.0
2024-08-13,2046062.0,174872.0,453937.0,-279065.0,-65317.0,34.39,1134539.0,183065.0,951474.0,60790.0
2024-08-20,2066099.0,184176.0,539003.0,-354827.0,-75762.0,17.2,1131607.0,161563.0,970044.0,18570.0
2024-08-27,2113787.0,208172.0,551392.0,-343220.0,11608.0,20.38,1149366.0,164950.0,984416.0,14372.0
2024-09-03,2120935.0,224272.0,495136.0,-270864.0,72356.0,38.22,1158488.0,167953.0,990535.0,6119.0
2024-09-10,2169815.0,232210.0,486419.0,-254209.0,16655.0,40.13,1160479.0,175557.0,984922.0,-5613.0
2024-09-17,2597333.0,195393.0,548948.0,-353555.0,-99346.0,18.47,1182111.0,160886.0,1021225.0,36303.0
2024-09-24,2055631.0,167965.0,488161.0,-320196.0,33360.0,26.75,1219333.0,148938.0,1070395.0,49170.0
2024-10-01,2092048.0,174674.0,474796.0,-300122.0,20075.0,31.21,1218052.0,164182.0,1053870.0,-16525.0
2024-10-08,2144160.0,172526.0,499150.0,-326624.0,-26502.0,23.57,1209625.0,161599.0,1048026.0,-5844.0
2024-10-15,2199693.0,187137.0,502109.0,-314972.0,11651.0,29.3,1224087.0,164183.0,1059904.0,11877.0
2024-10-22,2201296.0,199213.0,494746.0,-295533.0,19439.0,33.76,1236284.0,165719.0,1070565.0,10660.0
2024-10-29,2184936.0,188520.0,474454.0,-285934.0,9599.0,37.58,1220228.0,170270.0,1049958.0,-20607.0
2024-11-05,2158810.0,238391.0,423283.0,-184892.0,101042.0,50.96,1175374.0,178221.0,997153.0,-52806.0
2024-11-12,2255574.0,218884.0,487384.0,-268500.0,-83608.0,43.31,1244257.0,160533.0,1083724.0,86572.0
2024-11-19,2280743.0,231926.0,478807.0,-246881.0,21619.0,47.13,1249507.0,165200.0,1084307.0,582.0
2024-11-26,2295861.0,167735.0,467372.0,-299637.0,-52756.0,33.12,1268093.0,162484.0,1105609.0,21302.0
2024-12-03,2303238.0,161513.0,514085.0,-352572.0,-52936.0,19.75,1259805.0,160784.0,1099021.0,-6588.0
2024-12-10,2349247.0,187805.0,478394.0,-290589.0,61984.0,36.31,1250760.0,158951.0,1091809.0,-7212.0
2024-12-17,2623934.0,216575.0,464444.0,-247869.0,42721.0,48.41,1217852.0,174072.0,1043780.0,-48029.0
2024-12-24,2092944.0,157251.0,489859.0,-332608.0,-84741.0,23.57,1193250.0,149599.0,1043651.0,-128.0
2024-12-31,2069072.0,152000.0,477736.0,-325736.0,6873.0,26.75,1159520.0,173554.0,985966.0,-57686.0
2025-01-07,2081903.0,149925.0,490740.0,-340815.0,-15079.0,22.29,1158900.0,164602.0,994298.0,8333.0
2025-01-14,2057030.0,150826.0,451571.0,-300745.0,40070.0,35.03,1116343.0,187836.0,928507.0,-65791.0
2025-01-21,2048587.0,136276.0,526690.0,-390414.0,-89670.0,10.83,1115968.0,180614.0,935354.0,6846.0
2025-01-28,2046711.0,119780.0,518978.0,-399198.0,-8783.0,10.19,1137316.0,170885.0,966431.0,31077.0
2025-02-04,2085692.0,174823.0,501357.0,-326534.0,72664.0,27.39,1109578.0,181663.0,927915.0,-38516.0
2025-02-11,2111106.0,190561.0,549376.0,-358815.0,-32282.0,17.2,1120534.0,184514.0,936020.0,8106.0
2025-02-18,2136225.0,194000.0,550140.0,-356140.0,2675.0,18.47,1138446.0,185718.0,952728.0,16708.0
2025-02-25,2145543.0,185543.0,523860.0,-338317.0,17823.0,25.48,1131624.0,208953.0,922671.0,-30057.0
2025-03-04,2202261.0,240489.0,528463.0,-287974.0,50343.0,44.59,1120326.0,207296.0,913030.0,-9642.0
2025-03-11,2308393.0,269887.0,461887.0,-192000.0,95976.0,61.15,1096672.0,247839.0,848833.0,-64196.0
2025-03-18,2591482.0,238285.0,423487.0,-185202.0,6797.0,62.42,1070090.0,236328.0,833762.0,-15072.0
2025-03-25,2084451.0,167647.0,403415.0,-235768.0,-50566.0,58.6,1119994.0,202623.0,917371.0,83611.0
2025-04-01,2124617.0,169150.0,432438.0,-263288.0,-27520.0,54.14,1094327.0,206681.0,887646.0,-29727.0
2025-04-08,2349923.0,214605.0,487023.0,-272418.0,-9131.0,51.59,1089384.0,273950.0,815434.0,-72212.0
2025-04-15,2197559.0,158122.0,391325.0,-233203.0,39215.0,60.51,1090526.0,276607.0,813919.0,-1515.0
2025-04-22,2224655.0,169005.0,421326.0,-252321.0,-19118.0,56.05,1120304.0,304345.0,815959.0,2040.0
2025-04-29,2150370.0,147981.0,398154.0,-250173.0,2148.0,57.32,1112246.0,280078.0,832168.0,16209.0
2025-05-06,2149796.0,154731.0,414498.0,-259767.0,-9593.0,55.41,1102134.0,283406.0,818728.0,-13439.0
2025-05-13,2142617.0,157321.0,443939.0,-286618.0,-26851.0,46.5,1115694.0,256693.0,859001.0,40272.0
2025-05-20,2130048.0,147979.0,443912.0,-295933.0,-9313.0,41.4,1126011.0,250324.0,875687.0,16688.0
2025-05-27,2129520.0,164254.0,420920.0,-256666.0,39267.0,57.32,1124498.0,265691.0,858807.0,-16880.0
2025-06-03,2140283.0,158686.0,444233.0,-285547.0,-28883.0,49.04,1085879.0,269554.0,816325.0,-42483.0
2025-06-10,2241820.0,148966.0,462641.0,-313675.0,-28127.0,36.31,1091111.0,262328.0,828783.0,12458.0
2025-06-17,2473205.0,151112.0,477994.0,-326882.0,-13207.0,28.66,1087314.0,238150.0,849164.0,20381.0
2025-06-24,1898304.0,138406.0,413729.0,-275323.0,51558.0,54.14,1066737.0,223268.0,843469.0,-5694.0
2025-07-01,1900931.0,143778.0,447202.0,-303424.0,-28101.0,40.13,1097414.0,255143.0,842271.0,-1198.0
2025-07-08,1915351.0,147316.0,492728.0,-345412.0,-41988.0,23.57,1104653.0,238924.0,865729.0,23459.0
2025-07-15,1952930.0,164743.0,509184.0,-344441.0,971.0,24.2,1100376.0,232051.0,868325.0,2596.0
2025-07-22,1937915.0,146493.0,486440.0,-339947.0,4494.0,26.75,1095059.0,241731.0,853328.0,-14997.0
2025-07-29,1965169.0,158368.0,522546.0,-364178.0,-24231.0,15.92,1113916.0,239718.0,874198.0,20870.0
2025-08-05,1928385.0,147105.0,478564.0,-331459.0,32719.0,30.57,1105164.0,255143.0,850021.0,-24177.0
2025-08-12,1990230.0,133667.0,525741.0,-392074.0,-60615.0,11.46,1154745.0,266621.0,888124.0,38103.0
2025-08-19,2001161.0,142386.0,513362.0,-370976.0,21099.0,16.56,1144853.0,272944.0,871909.0,-16214.0
2025-08-26,2043484.0,130322.0,555910.0,-425588.0,-54612.0,7.64,1137003.0,264192.0,872811.0,900.0
2025-09-02,2022728.0,131317.0,516857.0,-385540.0,40048.0,14.65,1126072.0,263943.0,862129.0,-10682.0
2025-09-09,2063255.0,120061.0,540571.0,-420510.0,-34970.0,8.92,1151913.0,262857.0,889056.0,26929.0
2025-09-16,2467095.0,120809.0,598620.0,-477811.0,-57301.0,5.1,1163037.0,264644.0,898393.0,9337.0
2025-09-23,1963507.0,113786.0,566058.0,-452272.0,25539.0,7.01,1156024.0,240181.0,915843.0,17450.0
2025-09-30,1955078.0,117682.0,555746.0,-438064.0,14208.0,7.64,1157476.0,219515.0,937961.0,22119.0
2025-10-07,1965775.0,132281.0,594558.0,-462277.0,-24213.0,5.73,1161814.0,210643.0,951171.0,13210.0
2025-10-14,1943899.0,141062.0,562289.0,-421227.0,41051.0,11.46,1133830.0,209825.0,924005.0,-27166.0
2025-10-21,1900748.0,125008.0,568247.0,-443239.0,-22012.0,8.28,1117981.0,213312.0,904669.0,-19337.0
2025-10-28,1947747.0,141643.0,592852.0,-451209.0,-7970.0,8.28,1134568.0,225808.0,908760.0,4091.0
2025-11-04,1977017.0,167978.0,576026.0,-408048.0,43162.0,14.65,1124077.0,221725.0,902352.0,-6408.0
2025-11-10,2005108.0,168555.0,589557.0,-421002.0,-12954.0,13.38,1129384.0,223847.0,905537.0,3185.0
2025-11-18,2064107.0,195759.0,552811.0,-357052.0,63950.0,28.03,1133330.0,219379.0,913951.0,8414.0
2025-11-25,2100665.0,199433.0,577772.0,-378339.0,-21287.0,22.29,1134473.0,226713.0,907760.0,-6190.0
2025-12-02,2102168.0,174773.0,615460.0,-440687.0,-62348.0,9.55,1158581.0,215431.0,943150.0,35390.0
2025-12-09,2172273.0,163825.0,612587.0,-448762.0,-8074.0,8.92,1170947.0,207956.0,962991.0,19841.0
2025-12-16,2504363.0,207305.0,595952.0,-388647.0,60114.0,21.66,1170231.0,198182.0,972049.0,9058.0
2025-12-23,1923191.0,162773.0,533940.0,-371167.0,17480.0,26.75,1153485.0,213951.0,939534.0,-32515.0
2025-12-30,1949403.0,145527.0,512156.0,-366629.0,4538.0,28.03,1170313.0,225976.0,944337.0,4804.0
2026-01-06,1959833.0,131137.0,546491.0,-415354.0,-48725.0,15.92,1177393.0,213548.0,963845.0,19506.0
2026-01-13,1923938.0,110713.0,557224.0,-446511.0,-31157.0,9.55,1140736.0,207305.0,933431.0,-30414.0
2026-01-20,1944353.0,115887.0,533669.0,-417782.0,28729.0,16.56,1102460.0,207815.0,894645.0,-38786.0
2026-01-27,1915990.0,111728.0,539131.0,-427403.0,-9621.0,13.38,1105862.0,191665.0,914197.0,19552.0
2026-02-03,1949539.0,128956.0,578477.0,-449521.0,-22118.0,8.92,1121718.0,185975.0,935743.0,21546.0
2026-02-10,1955058.0,121150.0,545884.0,-424734.0,24787.0,15.29,1110696.0,183362.0,927334.0,-8409.0
2026-02-17,1987373.0,117577.0,583942.0,-466365.0,-41631.0,5.73,1162764.0,183396.0,979368.0,52034.0
2026-02-24,2038108.0,116481.0,593872.0,-477391.0,-11026.0,5.73,1200221.0,185004.0,1015217.0,35849.0
2026-03-03,2085416.0,155834.0,567192.0,-411358.0,66034.0,21.66,1188827.0,180901.0,1007926.0,-7292.0
2026-03-10,2023096.0,154685.0,512781.0,-358096.0,53262.0,37.58,1098358.0,197292.0,901066.0,-106861.0
2026-03-17,2359720.0,145042.0,492619.0,-347577.0,10519.0,43.95,1089306.0,199864.0,889442.0,-11624.0
2026-03-24,1897311.0,135058.0,476719.0,-341661.0,5917.0,47.13,1108167.0,227099.0,881068.0,-8373.0
2026-03-31,1966743.0,161380.0,391772.0,-230392.0,111268.0,92.36,1142535.0,224168.0,918367.0,37299.0
2026-04-07,1948342.0,147347.0,388220.0,-240873.0,-10481.0,89.81,1162742.0,218886.0,943856.0,25488.0
2026-04-14,1980961.0,124232.0,538757.0,-414525.0,-173651.0,21.02,1205193.0,198055.0,1007138.0,63283.0
2026-04-21,1985777.0,126459.0,532386.0,-405927.0,8599.0,24.2,1213218.0,193890.0,1019328.0,12190.0
2026-04-28,1982697.0,120816.0,521429.0,-400613.0,5313.0,25.48,1193825.0,195617.0,998208.0,-21120.0
2026-05-05,2008969.0,141127.0,539932.0,-398805.0,1808.0,26.11,1208863.0,195462.0,1013401.0,15194.0
2026-05-12,2078428.0,148141.0,577496.0,-429355.0,-30549.0,13.38,1242976.0,184926.0,1058050.0,44649.0
2026-05-19,2097761.0,163924.0,566236.0,-402312.0,27043.0,23.57,1215000.0,206832.0,1008168.0,-49882.0
2026-05-26,2124493.0,149204.0,608619.0,-459415.0,-57103.0,5.73,1208046.0,201544.0,1006502.0,-1666.0
2026-06-02,2183680.0,160224.0,663733.0,-503509.0,-44093.0,1.91,1202632.0,217711.0,984921.0,-21581.0
