"Symbol, Signal, Signal Date/Price[$]",Exit Signal Date/Price[$],Current Mark to Market and Holding Period,"Win Rate [%], History Tested, Number of Trades","Interval, Confirmation Status",Cancellation Level/Date,"Today Trading Date/Price[$], Today price vs Signal",Trading Days between Signal and Today Date,"Level, Trendpulse start Date/Price($)",Trendpulse Breakout Date/Price($),Earliest Unconfirmed Signal Date/Price($),Time from Latest Trading day to Trendpulse Breakout day/Earliest Unconfirmed Signal day/Confirmed Signal day,% Change in Price on Latest Trading day vs Price on Trendpulse Breakout day/Earliest Unconfirmed Signal day/Confirmed Signal day,TrendPulse Start/End (Date and Price($)),Backtested Returns(Win Trades) [%] (Max/Min/Avg),Backtested Returns (Lose Trades) [%] (Max/Min/Avg),"Backtested Max Loss [%], Backtested Worst Single MTM during Hold Period [%]",Backtested Holding Period(Win Trades) (days) (Max/Min/Avg),Backtested Holding Period (All Trades) (days) (Max/Min/Avg),Target Exit Date(Win Trades) (Max/Min/Avg),Backtested Strategy CAGR [%],CAGR of Buy and Hold [%],CAGR difference (Strategy - Buy and Hold) [%],Backtested Strategy Sharpe Ratio,Sharpe Ratio of Buy and Hold,Targets (Historic Rise or Fall to Pivot/Avg % Gain of Historic Winning trades/Function Specific Target/Horizontal/F-Stack 1/F-Stack 2/EMA 200) [$],Stop Loss (Recent Extrema/Horizontal/F-Stack 1/F-Stack 2/F-Track 1/F-Track 2/EMA 200) [$],Latest Past 6 Months Performance[%]/No. of Analysed Trades/Avg Holding Period (days) (Across ALL Assets),Forward Testing Win Rate[%]/No. of Analysed Trades/Avg Holding Period (days) (Across ALL Assets),Signal Open Price
"JETS, Long, 2026-06-25 (Price: 32.98)",No Exit Yet,"0.0%, 0 days","78.26%, Past 4 years, 23","Daily, is CONFIRMED on 2026-06-25",Already confirmed,"2026-06-25 (Price: 32.98), 0.0% below",0 days,"2, 2021-01-14 (Price: 23.249)",2026-06-24 (Price: 32.48),2026-06-25 (Price: 32.98),1/0/0 days,1.54% above/0.0% below/0.0% below,2021-01-14 (Price: 23.249)/2026-06-25 (Price: 32.4615),8.12%/0.83%/2.78%,-4.62%/-14.2%/-8.84%,"14.2%, 35.94%",1.4 month/6 days/17 days,6.3 months/6 days/1.6 month,2026-08-24/2026-07-03/2026-07-19,-11.96%,7.04%,-19.0%,-0.03,0.36,33.0031/33.8968/38.82/No Horizontal Resistance/36.0778/41.7471/No EMA 200 Target,27.25/14.732/32.5771/29.8678/No stop loss/No stop loss/26.89,90.31%/320/1.5 month (Across ALL Assets),80.18%/757/1.6 month (Across ALL Assets),32.63
"ABNB, Long, 2026-06-25 (Price: 141.88)",No Exit Yet,"0.0%, 0 days","85.71%, Past 10 years, 7","Weekly, will be confirmed as valid at the end of this week",Signal Cancelled if Price < 140.9035 prior to 2026-06-26,"2026-06-25 (Price: 141.88), 0.0% below",0 days,"0, 2024-03-24 (Price: 170.1)",2026-06-21 (Price: 142.41),2026-06-24 (Price: 144.4),4/1/0 days,0.37% below/1.75% below/0.0% below,2024-03-24 (Price: 170.1)/2026-06-25 (Price: 134.0723),21.23%/8.06%/17.07%,-25.5%/-25.5%/-25.5%,"25.5%, 58.72%",8.9 months/1.2 month/5 months,1 year/0 days/4.6 months,2027-07-16/2026-08-16/2027-01-28,-8.15%,0.28%,-8.43%,0.28,0.14,No Target/166.0989/158.81/178.025/223.0579/259.8611/No EMA 200 Target,132.28/99.795/No F-Stack Support/No F-Stack Support/136.4114/126.005/129.48,88.72%/133/4.6 months (Across ALL Assets),77.24%/369/4.1 months (Across ALL Assets),140.9035
"ASHR, Long, 2026-06-25 (Price: 36.69)",No Exit Yet,"0.0%, 0 days","100.0%, Past 20 years, 5","Monthly, will be confirmed as valid at the end of this month",Signal Cancelled if Price < 35.41 prior to 2026-06-30,"2026-06-25 (Price: 36.69), 0.0% below",0 days,"4, 2021-12-31 (Price: 40.56)",2026-04-30 (Price: 35.32),2026-06-15 (Price: 36.13),56/10/0 days,3.88% above/1.55% above/0.0% below,2021-12-31 (Price: 40.56)/2026-06-25 (Price: 32.8367),22.45%/16.86%/20.59%,N/A,"-0.0%, 12.65%",6.1 months/6 months/6.1 months,6.1 months/0 days/3.6 months,2027-03-17/2027-03-12/2027-03-17,6.81%,1.91%,4.9%,1.07,0.06,40.4507/44.2445/39.01/39.9467/60.1592/68.9354/No EMA 200 Target,25.82/23.36/No F-Stack Support/No F-Stack Support/No stop loss/No stop loss/33.67,93.94%/66/10.9 months (Across ALL Assets),72.82%/195/9.4 months (Across ALL Assets),35.41
"SOXX, Long, 2026-06-25 (Price: 625.2)",No Exit Yet,"0.0%, 0 days","72.73%, Past 20 years, 11","Monthly, will be confirmed as valid at the end of this month",Signal Cancelled if Price < 563.67 prior to 2026-06-30,"2026-06-25 (Price: 625.2), 0.0% below",0 days,"4, 2002-03-31 (Price: 25.5067)",2026-04-30 (Price: 461.44),2026-06-11 (Price: 586.93),56/14/0 days,35.49% above/6.52% above/0.0% below,2002-03-31 (Price: 25.5067)/2026-06-25 (Price: 436.4433),26.25%/7.49%/19.23%,-12.25%/-12.25%/-12.25%,"12.25%, 59.88%",6.1 months/5 months/5.4 months,1.5 year/0 days/7.4 months,2027-03-17/2027-01-28/2027-02-14,-2.07%,9.56%,-11.63%,0.2,0.49,808.3836/745.426/985.02/No Horizontal Resistance/No Target/674.379/No EMA 200 Target,183.84/110.475/537.0952/505.7611/535.8347/462.0253/367.67,93.94%/66/10.9 months (Across ALL Assets),72.82%/195/9.4 months (Across ALL Assets),563.67
"DIA, Long, 2026-06-25 (Price: 519.26)",No Exit Yet,"0.0%, 0 days","84.21%, Past 20 years, 19","Monthly, will be confirmed as valid at the end of this month",Signal Cancelled if Price < 509.85 prior to 2026-06-30,"2026-06-25 (Price: 519.26), 0.0% below",0 days,"0, 2001-05-31 (Price: 113.64)",2026-05-31 (Price: 510.78),2026-06-25 (Price: 519.26),25/0/0 days,1.66% above/0.0% below/0.0% below,2001-05-31 (Price: 113.64)/2026-06-25 (Price: 493.7471),12.39%/4.81%/9.75%,-26.48%/-27.87%/-27.4%,"27.87%, 49.08%",2.6 years/8.1 months/1.5 year,3.3 years/0 days/1.6 year,2030-03-11/2027-06-11/2028-08-15,1.01%,4.54%,-3.53%,-0.17,0.22,558.1006/569.8878/762.63/No Horizontal Resistance/538.1343/826.9871/No EMA 200 Target,406.34/321.6725/359.6128/249.2814/488.6548/465.3545/483.02,93.94%/66/10.9 months (Across ALL Assets),72.82%/195/9.4 months (Across ALL Assets),509.85
"BDGI.TO, Long, 2026-06-25 (Price: 89.47)",No Exit Yet,"0.0%, 0 days","94.74%, Past 20 years, 19","Monthly, will be confirmed as valid at the end of this month",Signal Cancelled if Price < 87.94 prior to 2026-06-30,"2026-06-25 (Price: 89.47), 0.0% below",0 days,"8, 2002-03-31 (Price: 1.1333)",2026-05-31 (Price: 87.88),2026-06-18 (Price: 90.29),25/7/0 days,1.81% above/0.91% below/0.0% below,2002-03-31 (Price: 1.1333)/2026-06-25 (Price: 77.4911),58.2%/23.28%/37.48%,-37.81%/-37.81%/-37.81%,"37.81%, 54.03%",1.3 year/5 months/7 months,1.8 year/0 days/5.9 months,2028-05-02/2027-01-28/2027-04-25,13.83%,13.98%,-0.15%,0.92,0.67,164.0432/123.0034/142.47/No Horizontal Resistance/97.3919/104.1599/No EMA 200 Target,35.88/24.32/87.1484/73.041/81.1951/72.1338/72.61,93.94%/66/10.9 months (Across ALL Assets),72.82%/195/9.4 months (Across ALL Assets),87.94
"NA.TO, Long, 2026-06-25 (Price: 223.81)",No Exit Yet,"0.0%, 0 days","100.0%, Past 10 years, 26","Weekly, will be confirmed as valid at the end of this week",Signal Cancelled if Price < 221.37 prior to 2026-06-26,"2026-06-25 (Price: 223.81), 0.0% below",0 days,"2, 2016-02-07 (Price: 40.3)",2026-06-21 (Price: 221.68),2026-06-19 (Price: 221.68),4/6/0 days,0.96% above/0.96% above/0.0% below,2016-02-07 (Price: 40.3)/2026-06-25 (Price: 219.5215),14.7%/1.09%/5.71%,N/A,"-0.0%, 33.88%",10.7 months/28 days/3.2 months,10.7 months/0 days/3.1 months,2027-10-02/2026-08-04/2026-11-11,6.5%,8.43%,-1.93%,1.41,0.5,243.1472/236.5896/333.92/No Horizontal Resistance/224.9542/245.2634/No EMA 200 Target,162.25/82.9367/204.2705/185.717/197.9116/180.5334/178.4,88.72%/133/4.6 months (Across ALL Assets),77.24%/369/4.1 months (Across ALL Assets),221.37
"USDCHF=X, Long, 2026-06-25 (Price: 0.8126)",No Exit Yet,"0.0%, 0 days","96.43%, Past 10 years, 28","Weekly, will be confirmed as valid at the end of this week",Signal Cancelled if Price < 0.808 prior to 2026-06-26,"2026-06-25 (Price: 0.8126), 0.0% below",0 days,"2, 2025-08-03 (Price: 0.817)",2026-06-21 (Price: 0.8064),2026-06-23 (Price: 0.8088),4/2/0 days,0.77% above/0.47% above/0.0% below,2025-08-03 (Price: 0.817)/2026-06-25 (Price: 0.8042),6.38%/1.06%/2.63%,-10.0%/-10.0%/-10.0%,"10.0%, 16.78%",1.1 year/28 days/4.1 months,2.4 years/0 days/7.2 months,2028-01-19/2026-08-04/2026-12-18,-2.0%,-0.2%,-1.8%,-0.14,-0.45,0.8185/0.834/0.82/1.0105/1.3738/1.5145/No EMA 200 Target,0.78/0.778/No F-Stack Support/No F-Stack Support/No stop loss/No stop loss/0.79,88.72%/133/4.6 months (Across ALL Assets),77.24%/369/4.1 months (Across ALL Assets),0.808
"PPL.TO, Long, 2026-06-25 (Price: 66.89)",No Exit Yet,"0.0%, 0 days","100.0%, Past 20 years, 16","Monthly, will be confirmed as valid at the end of this month",Signal Cancelled if Price < 64.72 prior to 2026-06-30,"2026-06-25 (Price: 66.89), 0.0% below",0 days,"0, 2017-04-30 (Price: 44.65)",2026-04-30 (Price: 63.23),2026-06-01 (Price: 65.87),56/24/0 days,5.79% above/1.55% above/0.0% below,2017-04-30 (Price: 44.65)/2026-06-25 (Price: 60.324),20.09%/3.94%/10.62%,N/A,"-0.0%, 19.92%",2.5 years/5 months/11.2 months,2.5 years/0 days/9.8 months,2030-01-18/2027-01-28/2027-10-24,6.4%,5.25%,1.15%,1.1,0.27,75.3382/73.9937/80.23/No Horizontal Resistance/No Target/80.6453/No EMA 200 Target,51.13/37.9233/54.5176/No stop loss/64.4348/61.3713/58.22,93.94%/66/10.9 months (Across ALL Assets),72.82%/195/9.4 months (Across ALL Assets),64.72
"WFG.TO, Long, 2026-06-25 (Price: 99.18)",No Exit Yet,"0.0%, 0 days","88.0%, Past 10 years, 25","Weekly, will be confirmed as valid at the end of this week",Signal Cancelled if Price < 98.05 prior to 2026-06-26,"2026-06-25 (Price: 99.18), 0.0% below",0 days,"4, 2024-10-20 (Price: 141.27)",2026-06-14 (Price: 96.52),2026-06-24 (Price: 98.95),11/1/0 days,2.76% above/0.23% above/0.0% below,2024-10-20 (Price: 141.27)/2026-06-25 (Price: 89.5658),23.3%/4.35%/14.15%,-7.37%/-12.12%/-10.53%,"12.12%, 61.12%",6.5 months/1.2 month/3.2 months,2.3 years/0 days/4.7 months,2027-04-03/2026-08-16/2026-11-11,13.07%,6.3%,6.77%,0.5,0.34,102.7802/113.214/124.43/131.52/159.6818/186.4187/No EMA 200 Target,81.57/80.805/89.153/80.7407/No stop loss/No stop loss/90.6,88.72%/133/4.6 months (Across ALL Assets),77.24%/369/4.1 months (Across ALL Assets),98.05
"PERSISTENT.NS, Long, 2026-06-24 (Price: 4928.5)",No Exit Yet,"-1.77%, 1 day","74.07%, Past 4 years, 27","Daily, is CONFIRMED on 2026-06-24",Already confirmed,"2026-06-25 (Price: 4841.5), 1.77% below",1 day,"6, 2025-12-23 (Price: 6599.0)",2026-06-23 (Price: 4836.5),2026-06-24 (Price: 4928.5),2/1/1 days,0.1% above/1.77% below/1.77% below,2025-12-23 (Price: 6599.0)/2026-06-24 (Price: 4816.9339),13.99%/0.64%/5.18%,-5.14%/-22.32%/-10.37%,"22.32%, 34.03%",3.4 months/6 days/25 days,6.7 months/6 days/2.2 months,2026-11-18/2026-07-02/2026-07-30,10.24%,37.82%,-27.58%,0.06,1.82,5247.374/5183.7963/5930.8/6693.95/9957.5854/15965.083/5514.54,4811.0/1548.5125/3950.0879/2531.9096/No F-Track Level/No F-Track Level/No EMA 200 Stop Loss,90.31%/320/1.5 month (Across ALL Assets),80.18%/757/1.6 month (Across ALL Assets),4847.5
"WCN.TO, Long, 2026-06-24 (Price: 236.88)",No Exit Yet,"-0.39%, 1 day","95.0%, Past 4 years, 20","Daily, is CONFIRMED on 2026-06-24",Already confirmed,"2026-06-25 (Price: 235.96), 0.39% below",1 day,"0, 2025-03-04 (Price: 280.08)",2026-06-23 (Price: 226.45),2026-06-24 (Price: 236.88),2/1/1 days,4.2% above/0.39% below/0.39% below,2025-03-04 (Price: 280.08)/2026-06-24 (Price: 225.8883),8.84%/1.31%/3.21%,-4.81%/-4.81%/-4.81%,"4.81%, 17.86%",4.9 months/6 days/1.6 month,5.1 months/0 days/1.5 month,2027-01-22/2026-07-02/2026-09-01,10.67%,6.83%,3.84%,0.62,0.4,247.8239/244.4838/262.8/249.8667/326.6855/354.4788/No EMA 200 Target,205.74/148.255/223.3373/142.2872/No F-Track Level/No F-Track Level/230.38,90.31%/320/1.5 month (Across ALL Assets),80.18%/757/1.6 month (Across ALL Assets),226.89
"NVO, Long, 2026-06-23 (Price: 47.42)",No Exit Yet,"0.46%, 2 days","85.71%, Past 4 years, 14","Daily, is CONFIRMED on 2026-06-23",Already confirmed,"2026-06-25 (Price: 47.64), 0.46% above",2 days,"2, 2025-07-10 (Price: 71.75)",2026-06-22 (Price: 45.88),2026-06-23 (Price: 47.42),3/2/2 days,3.84% above/0.46% above/0.46% above,2025-07-10 (Price: 71.75)/2026-06-23 (Price: 44.1957),9.26%/2.25%/5.18%,-15.27%/-19.24%/-17.26%,"19.24%, 37.28%",1.6 month/7 days/17 days,5.8 months/7 days/1.2 month,2026-08-31/2026-07-03/2026-07-17,5.87%,2.84%,3.03%,0.18,0.19,49.5871/49.8764/62.02/139.01/157.4212/211.8775/48.05,41.02/45.4025/45.3824/37.3162/No F-Track Level/No F-Track Level/No EMA 200 Stop Loss,90.31%/320/1.5 month (Across ALL Assets),80.18%/757/1.6 month (Across ALL Assets),46.8
"BBD-B.TO, Long, 2026-06-22 (Price: 315.05)",No Exit Yet,"0.87%, 3 days","85.71%, Past 4 years, 21","Daily, is CONFIRMED on 2026-06-22",Already confirmed,"2026-06-25 (Price: 317.79), 0.87% above",3 days,"0, 2020-06-09 (Price: 17.25)",2026-06-22 (Price: 315.05),2026-06-22 (Price: 315.05),3/3/3 days,0.87% above/0.87% above/0.87% above,2020-06-09 (Price: 17.25)/2026-06-22 (Price: 308.9002),12.21%/1.21%/5.93%,-3.23%/-20.19%/-14.54%,"20.19%, 66.64%",3.7 months/6 days/1.1 month,6.7 months/6 days/1.8 month,2026-11-29/2026-06-30/2026-08-08,-6.76%,46.7%,-53.46%,0.27,1.75,388.5512/333.7325/493.73/No Horizontal Resistance/675.785/850.042/No EMA 200 Target,301.57/53.275/288.2895/273.2675/No F-Track Level/No F-Track Level/240.87,90.31%/320/1.5 month (Across ALL Assets),80.18%/757/1.6 month (Across ALL Assets),312.81
"BNS.TO, Long, 2026-06-21 (Price: 123.48)",No Exit Yet,"-0.74%, 4 days","95.83%, Past 10 years, 24","Weekly, is CONFIRMED on 2026-06-19",Already confirmed,"2026-06-25 (Price: 122.57), 0.74% below",4 days,"4, 2016-04-03 (Price: 64.13)",2026-06-07 (Price: 112.36),2026-06-21 (Price: 123.48),18/4/4 days,9.09% above/0.74% below/0.74% below,2016-04-03 (Price: 64.13)/2026-06-21 (Price: 110.776),12.4%/0.79%/6.14%,-1.93%/-1.93%/-1.93%,"1.93%, 33.13%",1.1 year/28 days/3.5 months,1.1 year/0 days/3.1 months,2028-01-15/2026-07-31/2026-11-20,7.54%,3.58%,3.96%,0.75,0.13,129.4688/131.0617/159.09/No Horizontal Resistance/No Target/135.0336/No EMA 200 Target,93.61/62.2517/94.4218/69.3218/No F-Track Level/No F-Track Level/99.65,88.72%/133/4.6 months (Across ALL Assets),77.24%/369/4.1 months (Across ALL Assets),118.0
"TLT, Long, 2026-06-21 (Price: 86.75)",No Exit Yet,"0.69%, 4 days","86.67%, Past 10 years, 30","Weekly, is CONFIRMED on 2026-06-19",Already confirmed,"2026-06-25 (Price: 87.35), 0.69% above",4 days,"8, 2019-09-01 (Price: 148.9)",2026-06-14 (Price: 85.77),2026-06-16 (Price: 86.19),11/9/4 days,1.84% above/1.35% above/0.69% above,2019-09-01 (Price: 148.9)/2026-06-21 (Price: 84.861),15.02%/0.97%/7.14%,-11.72%/-12.07%/-11.88%,"12.07%, 46.07%",9.8 months/1.2 month/4.1 months,1.9 year/0 days/4.1 months,2027-08-20/2026-08-12/2026-12-14,0.56%,-0.36%,0.92%,-0.08,-0.28,87.2011/92.9439/124.04/153.455/188.2386/214.0466/87.92,83.66/83.3033/No F-Stack Support/No F-Stack Support/No F-Track Level/No F-Track Level/No EMA 200 Stop Loss,88.72%/133/4.6 months (Across ALL Assets),77.24%/369/4.1 months (Across ALL Assets),85.96
"JPM, Long, 2026-06-21 (Price: 325.22)",No Exit Yet,"3.04%, 4 days","95.65%, Past 10 years, 23","Weekly, is CONFIRMED on 2026-06-19",Already confirmed,"2026-06-25 (Price: 335.12), 3.04% above",4 days,"2, 2026-01-11 (Price: 337.25)",2026-06-14 (Price: 320.72),2026-06-18 (Price: 325.22),11/7/4 days,4.49% above/3.04% above/3.04% above,2026-01-11 (Price: 337.25)/2026-06-21 (Price: 311.168),20.52%/2.53%/10.43%,-21.22%/-21.22%/-21.22%,"21.22%, 39.99%",1.5 year/1.2 month/4.8 months,1.5 year/0 days/5.1 months,2028-08-11/2026-08-12/2027-01-15,11.02%,10.07%,0.95%,0.83,0.54,352.7336/359.1404/332.44/No Horizontal Resistance/328.9175/381.492/No EMA 200 Target,282.84/125.7575/300.9735/287.5071/No F-Track Level/No F-Track Level/307.1,88.72%/133/4.6 months (Across ALL Assets),77.24%/369/4.1 months (Across ALL Assets),323.92
"NOVA.F, Long, 2026-06-21 (Price: 39.2)",No Exit Yet,"6.17%, 4 days","100.0%, Past 10 years, 19","Weekly, is CONFIRMED on 2026-06-19",Already confirmed,"2026-06-25 (Price: 41.62), 6.17% above",4 days,"2, 2026-01-25 (Price: 54.8)",2026-06-14 (Price: 38.08),2026-06-19 (Price: 39.2),11/6/4 days,9.3% above/6.17% above/6.17% above,2026-01-25 (Price: 54.8)/2026-06-21 (Price: 36.936),21.94%/2.36%/11.39%,N/A,"-0.0%, 9.84%",4.7 months/1.2 month/2.4 months,4.7 months/0 days/1.9 month,2027-01-11/2026-08-12/2026-10-03,13.6%,7.27%,6.33%,1.17,0.38,45.5896/43.6649/48.56/126.5/138.0871/146.706/41.15,31.2/No Horizontal Support/33.7767/28.7825/No F-Track Level/No F-Track Level/No EMA 200 Stop Loss,88.72%/133/4.6 months (Across ALL Assets),77.24%/369/4.1 months (Across ALL Assets),39.0
"WFG.TO, Long, 2026-06-21 (Price: 97.37)",No Exit Yet,"1.86%, 4 days","88.0%, Past 10 years, 25","Weekly, is CONFIRMED on 2026-06-19",Already confirmed,"2026-06-25 (Price: 99.18), 1.86% above",4 days,"6, 2024-10-20 (Price: 141.27)",2026-06-14 (Price: 96.52),2026-06-21 (Price: 97.37),11/4/4 days,2.76% above/1.86% above/1.86% above,2024-10-20 (Price: 141.27)/2026-06-21 (Price: 95.1856),23.3%/4.35%/14.15%,-7.37%/-12.12%/-10.53%,"12.12%, 61.12%",6.5 months/1.2 month/3.2 months,2.3 years/0 days/4.7 months,2027-03-30/2026-08-12/2026-11-07,13.07%,6.3%,6.77%,0.5,0.34,100.9045/111.1479/123.71/131.52/170.6139/181.1797/No EMA 200 Target,81.57/80.9467/80.1487/76.1079/No F-Track Level/No F-Track Level/90.71,88.72%/133/4.6 months (Across ALL Assets),77.24%/369/4.1 months (Across ALL Assets),97.22
"NA.TO, Long, 2026-06-18 (Price: 220.41)",2026-06-24 (Price: 224.09),"1.67%, 6 days","77.27%, Past 4 years, 22","Daily, is CONFIRMED on 2026-06-18",Already confirmed,"2026-06-25 (Price: 223.81), 1.54% above",7 days,"6, 2020-01-30 (Price: 74.28)",2026-06-18 (Price: 220.41),2026-06-18 (Price: 220.41),7/7/7 days,1.54% above/1.54% above/1.54% above,2020-01-30 (Price: 74.28)/2026-06-18 (Price: 217.6575),4.34%/1.0%/2.71%,-4.08%/-4.62%/-4.19%,"4.62%, 23.98%",3 months/6 days/20 days,6.1 months/0 days/1.9 month,2026-10-26/2026-06-26/2026-07-16,10.1%,16.0%,-5.9%,0.13,1.22,226.9782/226.3831/308.09/No Horizontal Resistance/No Target/299.9136/No EMA 200 Target,197.89/82.9367/188.6608/134.0186/No F-Track Level/No F-Track Level/176.46,90.31%/320/1.5 month (Across ALL Assets),80.18%/757/1.6 month (Across ALL Assets),218.5
"NOVA.F, Long, 2026-06-17 (Price: 38.52)",2026-06-25 (Price: 41.62),"8.05%, 8 days","92.86%, Past 4 years, 14","Daily, is CONFIRMED on 2026-06-17",Already confirmed,"2026-06-25 (Price: 41.62), 8.05% above",8 days,"2, 2024-04-02 (Price: 121.0)",2026-06-17 (Price: 38.52),2026-06-17 (Price: 38.52),8/8/8 days,8.05% above/8.05% above/8.05% above,2024-04-02 (Price: 121.0)/2026-06-17 (Price: 37.4241),12.24%/1.53%/6.84%,-11.07%/-11.07%/-11.07%,"11.07%, 36.03%",1 month/7 days/17 days,6.1 months/0 days/28 days,2026-07-30/2026-06-27/2026-07-11,12.65%,3.27%,9.38%,0.79,0.21,40.5384/41.1548/88.01/126.5/138.0871/146.706/41.26,35.5/No Horizontal Support/33.7767/28.7825/No F-Track Level/No F-Track Level/No EMA 200 Stop Loss,90.31%/320/1.5 month (Across ALL Assets),80.18%/757/1.6 month (Across ALL Assets),37.22
"XLF, Long, 2026-06-14 (Price: 53.34)",No Exit Yet,"0.21%, 11 days","88.24%, Past 10 years, 17","Weekly, is CONFIRMED on 2026-06-12",Already confirmed,"2026-06-25 (Price: 53.45), 0.21% above",11 days,"2, 2026-01-11 (Price: 56.52)",2026-06-07 (Price: 52.3),2026-06-11 (Price: 52.62),18/14/11 days,2.2% above/1.58% above/0.21% above,2026-01-11 (Price: 56.52)/2026-06-14 (Price: 51.636),8.36%/2.64%/5.23%,-4.76%/-8.87%/-6.82%,"8.87%, 39.33%",1.2 year/28 days/4 months,1.6 year/0 days/5 months,2028-02-29/2026-07-24/2026-12-04,3.8%,6.95%,-3.15%,0.37,0.38,57.2232/56.1297/55.25/No Horizontal Resistance/70.6138/110.4396/No EMA 200 Target,47.81/30.1167/45.9996/No stop loss/No F-Track Level/No F-Track Level/52.55,88.72%/133/4.6 months (Across ALL Assets),77.24%/369/4.1 months (Across ALL Assets),52.24
"MAR, Long, 2026-06-14 (Price: 402.54)",No Exit Yet,"-5.87%, 11 days","82.14%, Past 10 years, 28","Weekly, is CONFIRMED on 2026-06-12",Already confirmed,"2026-06-25 (Price: 378.91), 5.87% below",11 days,"4, 2016-03-20 (Price: 73.89)",2026-06-14 (Price: 402.54),2026-06-12 (Price: 402.54),11/13/11 days,5.87% below/5.87% below/5.87% below,2016-03-20 (Price: 73.89)/2026-06-14 (Price: 393.9623),16.53%/2.51%/7.88%,-9.23%/-12.52%/-10.55%,"12.52%, 61.32%",6.8 months/28 days/2.9 months,1.1 year/0 days/4.5 months,2027-04-05/2026-07-24/2026-10-18,11.78%,12.03%,-0.25%,0.3,0.61,462.5587/434.2602/599.73/No Horizontal Resistance/No Target/597.6434/No EMA 200 Target,313.81/148.7/372.972/275.4012/No F-Track Level/No F-Track Level/316.66,88.72%/133/4.6 months (Across ALL Assets),77.24%/369/4.1 months (Across ALL Assets),392.51
"PG, Long, 2026-06-14 (Price: 149.61)",No Exit Yet,"-0.74%, 11 days","95.24%, Past 10 years, 21","Weekly, is CONFIRMED on 2026-06-12",Already confirmed,"2026-06-25 (Price: 148.5), 0.74% below",11 days,"2, 2026-03-01 (Price: 167.25)",2026-06-07 (Price: 146.54),2026-06-09 (Price: 148.67),18/16/11 days,1.34% above/0.11% below/0.74% below,2026-03-01 (Price: 167.25)/2026-06-14 (Price: 139.4437),10.46%/1.7%/4.36%,-12.19%/-12.19%/-12.19%,"12.19%, 24.03%",1 year/28 days/4.1 months,1.2 year/0 days/4 months,2027-11-17/2026-07-24/2026-12-07,5.97%,4.04%,1.93%,0.37,0.17,157.3897/156.133/160.19/179.4533/186.6499/209.3631/No EMA 200 Target,141.57/137.0167/140.2317/117.5404/No F-Track Level/No F-Track Level/149.09,88.72%/133/4.6 months (Across ALL Assets),77.24%/369/4.1 months (Across ALL Assets),145.79
"TFII.TO, Long, 2026-06-14 (Price: 224.37)",No Exit Yet,"-7.83%, 11 days","96.15%, Past 10 years, 26","Weekly, is CONFIRMED on 2026-06-12",Already confirmed,"2026-06-25 (Price: 206.8), 7.83% below",11 days,"2, 2016-03-20 (Price: 22.99)",2026-06-14 (Price: 224.37),2026-06-12 (Price: 224.37),11/13/11 days,7.83% below/7.83% below/7.83% below,2016-03-20 (Price: 22.99)/2026-06-14 (Price: 220.4175),21.06%/2.82%/14.85%,-26.87%/-26.87%/-26.87%,"26.87%, 44.49%",1.5 year/1.2 month/4.5 months,1.6 year/0 days/4.7 months,2028-08-04/2026-08-05/2026-12-26,12.85%,12.95%,-0.1%,0.98,0.66,244.2043/257.6889/345.2/No Horizontal Resistance/No Target/280.6304/No EMA 200 Target,135.82/115.2/181.8381/150.2411/No F-Track Level/No F-Track Level/153.02,88.72%/133/4.6 months (Across ALL Assets),77.24%/369/4.1 months (Across ALL Assets),223.03
"EIF.TO, Long, 2026-06-14 (Price: 128.97)",No Exit Yet,"1.68%, 11 days","100.0%, Past 10 years, 31","Weekly, is CONFIRMED on 2026-06-12",Already confirmed,"2026-06-25 (Price: 131.14), 1.68% above",11 days,"2, 2016-02-28 (Price: 26.62)",2026-06-14 (Price: 128.97),2026-06-14 (Price: 128.97),11/11/11 days,1.68% above/1.68% above/1.68% above,2016-02-28 (Price: 26.62)/2026-06-14 (Price: 121.4697),22.95%/2.68%/6.81%,N/A,"-0.0%, 42.92%",1.7 year/1.2 month/3.9 months,1.7 year/0 days/3.8 months,2028-11-16/2026-08-05/2026-11-30,7.94%,8.9%,-0.96%,1.38,0.46,138.1785/137.7529/190.38/No Horizontal Resistance/131.8678/156.4734/No EMA 200 Target,47.67/38.41/99.9144/88.2789/No F-Track Level/No F-Track Level/91.63,88.72%/133/4.6 months (Across ALL Assets),77.24%/369/4.1 months (Across ALL Assets),121.61
"3690.HK, Long, 2026-06-14 (Price: 77.9)",No Exit Yet,"-15.15%, 11 days","91.67%, Past 10 years, 12","Weekly, is CONFIRMED on 2026-06-12",Already confirmed,"2026-06-25 (Price: 66.1), 15.15% below",11 days,"0, 2024-10-13 (Price: 217.0)",2026-05-31 (Price: 73.45),2026-06-10 (Price: 79.0),25/15/11 days,10.01% below/16.33% below/15.15% below,2024-10-13 (Price: 217.0)/2026-06-14 (Price: 71.1077),62.36%/7.81%/28.6%,-42.99%/-42.99%/-42.99%,"42.99%, 78.17%",3.5 months/1.2 month/1.8 month,2 years/0 days/3.4 months,2026-11-13/2026-08-05/2026-08-31,8.23%,-0.04%,8.27%,0.59,0.19,94.7731/100.1794/161.36/214.3/No Next Fib Ext/No Next Fib Ext/93.58,73.45/No Horizontal Support/73.844/65.844/No F-Track Level/No F-Track Level/No EMA 200 Stop Loss,88.72%/133/4.6 months (Across ALL Assets),77.24%/369/4.1 months (Across ALL Assets),77.3
"JPM, Long, 2026-06-12 (Price: 320.72)",2026-06-22 (Price: 331.48),"3.35%, 10 days","100.0%, Past 4 years, 29","Daily, is CONFIRMED on 2026-06-12",Already confirmed,"2026-06-25 (Price: 335.12), 4.49% above",13 days,"0, 2026-01-05 (Price: 337.25)",2026-06-11 (Price: 313.49),2026-06-12 (Price: 320.72),14/13/13 days,6.9% above/4.49% above/4.49% above,2026-01-05 (Price: 337.25)/2026-06-12 (Price: 311.6185),7.69%/0.5%/3.59%,N/A,"-0.0%, 16.83%",3.3 months/6 days/1.2 month,3.3 months/0 days/1.2 month,2026-11-02/2026-06-20/2026-08-03,14.85%,15.18%,-0.33%,1.59,0.87,326.8137/332.2338/330.64/No Horizontal Resistance/328.9175/381.492/No EMA 200 Target,296.58/125.7575/300.9735/287.5071/No F-Track Level/No F-Track Level/306.56,90.31%/320/1.5 month (Across ALL Assets),80.18%/757/1.6 month (Across ALL Assets),315.97
"SFTBY, Long, 2026-05-31 (Price: 23.65)",No Exit Yet,"-11.92%, 25 days","100.0%, Past 20 years, 7","Monthly, is CONFIRMED on 2026-05-31",Already confirmed,"2026-06-25 (Price: 20.83), 11.92% below",25 days,"8, 2013-07-31 (Price: 4.3775)",2026-04-30 (Price: 17.0),2026-05-31 (Price: 23.65),56/25/25 days,22.53% above/11.92% below/11.92% below,2013-07-31 (Price: 4.3775)/2026-05-31 (Price: 11.9909),48.64%/36.67%/39.66%,N/A,"-0.0%, 64.04%",1 year/5.1 months/10.4 months,1 year/0 days/5.9 months,2027-11-03/2027-01-07/2027-08-25,14.23%,13.35%,0.88%,1.04,0.6,26.514/33.0296/35.21/No Horizontal Resistance/23.8631/28.656/No EMA 200 Target,12.09/4.205/21.4583/19.7458/No F-Track Level/No F-Track Level/15.18,93.94%/66/10.9 months (Across ALL Assets),72.82%/195/9.4 months (Across ALL Assets),16.84
"AMD, Long, 2026-05-31 (Price: 516.1)",No Exit Yet,"3.19%, 25 days","87.5%, Past 20 years, 16","Monthly, is CONFIRMED on 2026-05-31",Already confirmed,"2026-06-25 (Price: 532.57), 3.19% above",25 days,"0, 2001-05-31 (Price: 34.65)",2026-04-30 (Price: 354.49),2026-05-05 (Price: 355.26),56/51/25 days,50.24% above/49.91% above/3.19% above,2001-05-31 (Price: 34.65)/2026-05-31 (Price: 282.3638),190.68%/3.99%/62.87%,-86.58%/-86.58%/-86.58%,"86.58%, 94.83%",2.1 years/5.1 months/11 months,4.6 years/0 days/1.3 year,2029-05-30/2027-01-07/2027-09-20,19.99%,8.51%,11.48%,0.48,0.5,1047.1669/840.5721/804.97/No Horizontal Resistance/No Target/No Target/No EMA 200 Target,97.35/80.125/346.1753/307.9609/No F-Track Level/No F-Track Level/237.58,93.94%/66/10.9 months (Across ALL Assets),72.82%/195/9.4 months (Across ALL Assets),351.87
"ENZL, Long, 2026-05-31 (Price: 46.73)",No Exit Yet,"-5.29%, 25 days","83.33%, Past 20 years, 6","Monthly, is CONFIRMED on 2026-05-31",Already confirmed,"2026-06-25 (Price: 44.2598), 5.29% below",25 days,"6, 2024-09-30 (Price: 50.41)",2026-04-30 (Price: 44.62),2026-05-26 (Price: 44.87),56/30/25 days,0.81% below/1.36% below/5.29% below,2024-09-30 (Price: 50.41)/2026-05-31 (Price: 42.1355),18.88%/18.88%/18.88%,-9.19%/-9.19%/-9.19%,"9.19%, 22.82%",1 year/1 year/1 year,1.7 year/0 days/7.5 months,2027-11-03 (Max),4.03%,1.48%,2.55%,0.22,-0.04,No Target/55.5526/48.94/64.905/79.7363/84.688/No EMA 200 Target,42.65/39.215/No F-Stack Support/No F-Stack Support/No F-Track Level/No F-Track Level/45.47,93.94%/66/10.9 months (Across ALL Assets),72.82%/195/9.4 months (Across ALL Assets),44.69
"MEL.NZ, Long, 2026-05-31 (Price: 5.87)",No Exit Yet,"-0.85%, 25 days","100.0%, Past 20 years, 11","Monthly, is CONFIRMED on 2026-05-31",Already confirmed,"2026-06-25 (Price: 5.82), 0.85% below",25 days,"2, 2024-07-31 (Price: 6.89)",2026-04-30 (Price: 5.68),2026-05-29 (Price: 5.87),56/27/25 days,2.46% above/0.85% below/0.85% below,2024-07-31 (Price: 6.89)/2026-05-31 (Price: 5.594),24.71%/12.8%/20.43%,N/A,"-0.0%, 41.24%",11.1 months/5 months/7.7 months,11.1 months/0 days/4.2 months,2027-09-25/2027-01-03/2027-04-30,6.94%,7.64%,-0.7%,0.93,0.45,6.9372/7.0692/6.48/6.825/7.4565/8.4213/No EMA 200 Target,5.53/4.3875/4.5145/3.5923/No F-Track Level/No F-Track Level/5.69,93.94%/66/10.9 months (Across ALL Assets),72.82%/195/9.4 months (Across ALL Assets),5.65
"ATZ.TO, Long, 2026-05-31 (Price: 154.8)",No Exit Yet,"1.23%, 25 days","100.0%, Past 20 years, 6","Monthly, is CONFIRMED on 2026-05-31",Already confirmed,"2026-06-25 (Price: 156.71), 1.23% above",25 days,"4, 2018-07-31 (Price: 18.03)",2026-04-30 (Price: 143.37),2026-05-25 (Price: 145.37),56/31/25 days,9.3% above/7.8% above/1.23% above,2018-07-31 (Price: 18.03)/2026-05-31 (Price: 120.2618),9.72%/9.72%/9.72%,N/A,"-0.0%, 27.64%",7.1 months/7.1 months/7.1 months,7.1 months/0 days/3.5 months,2027-04-04 (Max),18.45%,17.17%,1.28%,0.91,0.76,247.1072/169.8466/236.86/No Horizontal Resistance/No Target/179.9964/No EMA 200 Target,21.57/31.98/119.4832/99.4929/No F-Track Level/No F-Track Level/110.94,93.94%/66/10.9 months (Across ALL Assets),72.82%/195/9.4 months (Across ALL Assets),144.06
"HDB, Long, 2026-05-21 (Price: 24.62)",2026-06-22 (Price: 25.09),"1.91%, 1.1 month","87.5%, Past 4 years, 16","Daily, is CONFIRMED on 2026-05-21",Already confirmed,"2026-06-25 (Price: 25.37), 3.05% above",1.2 month,"2, 2026-02-03 (Price: 34.46)",2026-05-20 (Price: 24.63),2026-05-21 (Price: 24.62),36/35/35 days,3.0% above/3.05% above/3.05% above,2026-02-03 (Price: 34.46)/2026-05-21 (Price: 24.0736),5.45%/0.76%/3.48%,-0.81%/-0.81%/-0.81%,"0.81%, 14.63%",1.2 month/6 days/22 days,4.2 months/0 days/1 month,2026-07-12/2026-05-29/2026-06-21,10.96%,1.34%,9.62%,0.69,0.05,25.6565/25.4768/30.52/39.5717/40.717/51.346/32.59,23.88/No Horizontal Support/21.1884/14.0692/No F-Track Level/No F-Track Level/No EMA 200 Stop Loss,90.31%/320/1.5 month (Across ALL Assets),80.18%/757/1.6 month (Across ALL Assets),24.47
"BBTC.NS, Long, 2026-05-14 (Price: 1537.9)",2026-06-25 (Price: 1556.7),"1.22%, 1.4 month","91.3%, Past 4 years, 23","Daily, is CONFIRMED on 2026-05-14",Already confirmed,"2026-06-25 (Price: 1556.7), 1.22% above",1.4 month,"2, 2026-02-11 (Price: 1903.0)",2026-05-12 (Price: 1465.6),2026-05-14 (Price: 1537.9),44/42/42 days,6.22% above/1.22% above/1.22% above,2026-02-11 (Price: 1903.0)/2026-05-14 (Price: 1461.0542),14.78%/0.49%/7.9%,-13.42%/-13.42%/-13.42%,"13.42%, 27.11%",4.4 months/7 days/1.8 month,7.7 months/0 days/2 months,2026-11-21/2026-05-24/2026-07-31,12.03%,4.38%,7.65%,0.5,0.26,1601.4153/1659.3941/1756.96/2145.0/3412.111/3761.7441/1773.69,1465.6/846.25/1057.7422/973.2526/No F-Track Level/No F-Track Level/No EMA 200 Stop Loss,90.31%/320/1.5 month (Across ALL Assets),80.18%/757/1.6 month (Across ALL Assets),1532.5
"PPL.TO, Long, 2026-05-03 (Price: 63.2)",2026-06-14 (Price: 67.59),"6.95%, 1.4 month","88.24%, Past 10 years, 17","Weekly, is CONFIRMED on 2026-05-01",Already confirmed,"2026-06-25 (Price: 66.89), 5.84% above",1.8 month,"0, 2024-10-20 (Price: 59.86)",2026-04-26 (Price: 59.29),2026-05-01 (Price: 63.2),60/55/53 days,12.82% above/5.84% above/5.84% above,2024-10-20 (Price: 59.86)/2026-05-03 (Price: 58.8247),10.91%/2.92%/6.05%,-12.46%/-31.85%/-22.16%,"31.85%, 56.46%",2.3 years/1.2 month/7.7 months,2.3 years/1.2 month/8.3 months,2029-08-12/2026-06-24/2027-04-02,3.29%,4.52%,-1.23%,0.03,0.22,66.9351/67.0236/65.2/No Horizontal Resistance/65.6559/68.3455/No EMA 200 Target,58.17/37.49/56.5867/51.3443/No F-Track Level/No F-Track Level/55.41,88.72%/133/4.6 months (Across ALL Assets),77.24%/369/4.1 months (Across ALL Assets),59.37
"AIA.NZ, Long, 2026-05-01 (Price: 8.37)",2026-06-22 (Price: 8.52),"1.79%, 1.7 month","91.67%, Past 4 years, 36","Daily, is CONFIRMED on 2026-05-01",Already confirmed,"2026-06-25 (Price: 8.45), 0.96% above",1.8 month,"2, 2026-02-27 (Price: 9.18)",2026-04-30 (Price: 8.25),2026-05-01 (Price: 8.37),56/55/55 days,2.42% above/0.96% above/0.96% above,2026-02-27 (Price: 9.18)/2026-05-01 (Price: 8.1055),7.1%/0.39%/3.52%,-3.83%/-6.37%/-5.35%,"6.37%, 18.81%",4.7 months/7 days/1.1 month,11.9 months/0 days/1.6 month,2026-11-21/2026-05-11/2026-06-17,10.06%,3.03%,7.03%,0.58,0.11,8.7266/8.6646/8.86/8.953/11.1706/12.8535/No EMA 200 Target,8.15/7.0/7.3934/6.6643/No F-Track Level/No F-Track Level/8.08,90.31%/320/1.5 month (Across ALL Assets),80.18%/757/1.6 month (Across ALL Assets),8.25
"SFTBY, Long, 2026-04-26 (Price: 19.36)",2026-06-21 (Price: 23.41),"20.92%, 1.9 month","94.44%, Past 10 years, 18","Weekly, is CONFIRMED on 2026-04-24",Already confirmed,"2026-06-25 (Price: 20.83), 7.59% above",2 months,"2, 2025-11-02 (Price: 22.5)",2026-04-19 (Price: 14.74),2026-04-21 (Price: 16.2),67/65/60 days,41.32% above/28.58% above/7.59% above,2025-11-02 (Price: 22.5)/2026-04-26 (Price: 13.0),50.49%/7.64%/21.11%,-54.69%/-54.69%/-54.69%,"54.69%, 65.88%",8.4 months/28 days/2.4 months,1.8 year/28 days/3.5 months,2027-04-26/2026-06-05/2026-08-08,14.97%,13.54%,1.43%,0.71,0.62,22.8738/23.4469/21.24/No Horizontal Resistance/23.8631/28.656/No EMA 200 Target,10.91/4.205/18.3494/16.3581/No F-Track Level/No F-Track Level/14.06,88.72%/133/4.6 months (Across ALL Assets),77.24%/369/4.1 months (Across ALL Assets),15.24
"XIU.TO, Long, 2026-03-01 (Price: 49.71)",2026-06-14 (Price: 51.75),"4.1%, 3.5 months","100.0%, Past 10 years, 17","Weekly, is CONFIRMED on 2026-02-27",Already confirmed,"2026-06-25 (Price: 51.91), 4.43% above",3.9 months,"4, 2016-03-20 (Price: 20.16)",2026-02-22 (Price: 49.57),2026-02-27 (Price: 49.71),123/118/116 days,4.72% above/4.43% above/4.43% above,2016-03-20 (Price: 20.16)/2026-03-01 (Price: 48.8542),4.78%/1.1%/3.1%,N/A,"0%, 32.4%",1.1 year/28 days/3.9 months,1.1 year/28 days/3.9 months,2027-09-25/2026-04-10/2026-08-17,4.9%,4.74%,0.16%,1.7,0.24,50.6793/51.251/67.44/No Horizontal Resistance/53.8646/79.5406/No EMA 200 Target,35.35/27.9467/37.996/28.1885/No F-Track Level/No F-Track Level/44.14,88.72%/133/4.6 months (Across ALL Assets),77.24%/369/4.1 months (Across ALL Assets),49.56
"BBD-B.TO, Long, 2026-03-01 (Price: 281.89)",2026-06-21 (Price: 314.87),"11.7%, 3.7 months","78.26%, Past 10 years, 23","Weekly, is CONFIRMED on 2026-02-27",Already confirmed,"2026-06-25 (Price: 317.79), 12.74% above",3.9 months,"4, 2016-03-27 (Price: 35.75)",2026-03-01 (Price: 281.89),2026-02-27 (Price: 281.89),116/118/116 days,12.74% above/12.74% above/12.74% above,2016-03-27 (Price: 35.75)/2026-03-01 (Price: 278.4989),61.81%/8.33%/25.32%,-51.46%/-88.11%/-70.45%,"88.11%, 94.82%",1.3 year/1.2 month/4 months,2.7 years/1.2 month/8.6 months,2028-01-07/2026-04-22/2026-08-21,3.07%,2.81%,0.26%,0.04,0.31,322.313/353.2645/429.57/No Horizontal Resistance/675.785/850.042/No EMA 200 Target,155.01/53.275/273.2675/206.014/No F-Track Level/No F-Track Level/186.81,88.72%/133/4.6 months (Across ALL Assets),77.24%/369/4.1 months (Across ALL Assets),274.68
"EIF.TO, Long, 2026-03-01 (Price: 108.68)",2026-06-21 (Price: 133.62),"22.95%, 3.7 months","100.0%, Past 10 years, 31","Weekly, is CONFIRMED on 2026-02-27",Already confirmed,"2026-06-25 (Price: 131.14), 20.67% above",3.9 months,"2, 2016-02-28 (Price: 26.62)",2026-03-01 (Price: 108.68),2026-02-26 (Price: 109.23),116/119/116 days,20.67% above/20.06% above/20.67% above,2016-02-28 (Price: 26.62)/2026-03-01 (Price: 98.8018),22.95%/2.68%/6.81%,N/A,"-0.0%, 42.92%",1.7 year/1.2 month/3.9 months,1.7 year/0 days/3.8 months,2028-08-03/2026-04-22/2026-08-17,7.94%,8.9%,-0.96%,1.38,0.46,116.4398/116.0811/157.92/No Horizontal Resistance/No Target/131.8678/No EMA 200 Target,47.67/38.216/88.2789/64.959/No F-Track Level/No F-Track Level/75.7,88.72%/133/4.6 months (Across ALL Assets),77.24%/369/4.1 months (Across ALL Assets),101.48
"AIA.NZ, Long, 2026-02-23 (Price: 8.95)",2026-06-23 (Price: 8.36),"-6.59%, 4 months","91.67%, Past 4 years, 36","Daily, is CONFIRMED on 2026-02-23",Already confirmed,"2026-06-25 (Price: 8.45), 5.59% below",4.1 months,"2, 2024-10-09 (Price: 7.5)",2026-02-20 (Price: 8.88),2026-02-23 (Price: 8.95),125/122/122 days,4.84% below/5.59% below/5.59% below,2024-10-09 (Price: 7.5)/2026-02-23 (Price: 8.7059),7.1%/0.39%/3.52%,-3.83%/-6.37%/-5.35%,"6.37%, 18.81%",4.7 months/7 days/1.1 month,11.9 months/0 days/1.6 month,2026-09-15/2026-03-05/2026-04-11,10.06%,3.03%,7.03%,0.58,0.11,9.3313/9.265/9.82/No Horizontal Resistance/11.1706/12.8535/No EMA 200 Target,8.13/7.0017/7.3934/6.6643/No F-Track Level/No F-Track Level/7.94,90.31%/320/1.5 month (Across ALL Assets),80.18%/757/1.6 month (Across ALL Assets),8.85
"CNR.TO, Long, 2026-02-22 (Price: 151.19)",2026-06-14 (Price: 166.47),"10.11%, 3.7 months","96.15%, Past 10 years, 26","Weekly, is CONFIRMED on 2026-02-20",Already confirmed,"2026-06-25 (Price: 170.79), 12.96% above",4.1 months,"2, 2016-03-20 (Price: 82.04)",2026-02-15 (Price: 146.42),2026-02-22 (Price: 151.19),130/123/123 days,16.64% above/12.96% above/12.96% above,2016-03-20 (Price: 82.04)/2026-02-22 (Price: 142.0066),10.37%/1.53%/6.21%,-2.41%/-2.41%/-2.41%,"2.41%, 28.98%",1.3 year/28 days/4.6 months,1.3 year/28 days/4.8 months,2027-12-31/2026-04-03/2026-09-09,6.53%,6.85%,-0.32%,1.32,0.39,160.6091/160.5789/192.68/167.5729/218.156/349.4971/No EMA 200 Target,130.99/127.536/136.9828/86.815/No F-Track Level/No F-Track Level/136.36,88.72%/133/4.6 months (Across ALL Assets),77.24%/369/4.1 months (Across ALL Assets),146.74
"MAR, Long, 2026-02-15 (Price: 353.89)",2026-06-21 (Price: 396.2),"11.96%, 4.2 months","82.14%, Past 10 years, 28","Weekly, is CONFIRMED on 2026-02-13",Already confirmed,"2026-06-25 (Price: 378.91), 7.07% above",4.3 months,"4, 2016-03-20 (Price: 73.89)",2026-02-01 (Price: 315.3),2026-02-10 (Price: 359.35),144/135/130 days,20.17% above/5.44% above/7.07% above,2016-03-20 (Price: 73.89)/2026-02-15 (Price: 313.7038),16.53%/2.51%/7.88%,-9.23%/-12.52%/-10.55%,"12.52%, 61.32%",6.8 months/28 days/2.9 months,1.1 year/0 days/4.5 months,2026-12-07/2026-03-27/2026-06-21,11.78%,12.03%,-0.25%,0.3,0.61,406.655/381.7765/521.89/No Horizontal Resistance/372.972/399.3723/No EMA 200 Target,260.2/129.12/275.4012/235.5515/No F-Track Level/No F-Track Level/281.31,88.72%/133/4.6 months (Across ALL Assets),77.24%/369/4.1 months (Across ALL Assets),331.25
"GNE.NZ, Long, 2026-02-15 (Price: 2.47)",2026-06-25 (Price: 2.55),"3.24%, 4.3 months","88.89%, Past 10 years, 18","Weekly, is CONFIRMED on 2026-02-13",Already confirmed,"2026-06-25 (Price: 2.55), 3.24% above",4.3 months,"2, 2025-10-19 (Price: 2.56)",2026-02-08 (Price: 2.46),2026-02-13 (Price: 2.47),137/132/130 days,3.66% above/3.24% above/3.24% above,2025-10-19 (Price: 2.56)/2026-02-15 (Price: 2.4173),8.45%/0.78%/4.81%,-9.06%/-22.37%/-15.71%,"22.37%, 34.69%",1.2 year/28 days/3.5 months,1.7 year/0 days/4.7 months,2027-11-02/2026-03-27/2026-07-17,3.48%,2.59%,0.89%,0.1,0.08,2.6377/2.5888/2.52/3.575/No Next Fib Ext/No Next Fib Ext/No EMA 200 Target,2.36/2.0733/No F-Stack Support/No F-Stack Support/No F-Track Level/No F-Track Level/2.38,88.72%/133/4.6 months (Across ALL Assets),77.24%/369/4.1 months (Across ALL Assets),2.46
"005930.KS, Long, 2026-01-31 (Price: 160500.0)",2026-06-25 (Price: 358500.0),"123.36%, 4.8 months","83.33%, Past 20 years, 12","Monthly, is CONFIRMED on 2026-01-31",Already confirmed,"2026-06-25 (Price: 358500.0), 123.36% above",4.8 months,"6, 2002-04-30 (Price: 8640.0)",2025-12-31 (Price: 119900.0),2026-01-28 (Price: 162400.0),176/148/145 days,199.0% above/120.75% above/123.36% above,2002-04-30 (Price: 8640.0)/2026-01-31 (Price: 113523.0769),120.56%/2.02%/52.23%,-10.12%/-23.65%/-16.89%,"23.65%, 39.14%",2.3 years/4.7 months/9.8 months,3 years/4.7 months/1.1 year,2029-05-12/2026-08-23/2027-04-01,12.89%,13.48%,-0.59%,0.75,0.66,215021.85/244329.15/251616.0/No Horizontal Resistance/No Target/177417.2/No EMA 200 Target,52400.0/50833.3333/113095.2/103367.0/No F-Track Level/No F-Track Level/84101.75,93.94%/66/10.9 months (Across ALL Assets),72.82%/195/9.4 months (Across ALL Assets),120200.0
"GS, Long, 2026-01-18 (Price: 962.0)",2026-06-21 (Price: 1096.5601),"13.99%, 5.1 months","100.0%, Past 10 years, 16","Weekly, is CONFIRMED on 2026-01-16",Already confirmed,"2026-06-25 (Price: 1065.09), 10.72% above",5.3 months,"2, 2016-04-24 (Price: 168.9)",2026-01-18 (Price: 962.0),2026-01-15 (Price: 975.86),158/161/158 days,10.72% above/9.14% above/10.72% above,2016-04-24 (Price: 168.9)/2026-01-18 (Price: 938.1843),16.64%/3.13%/7.2%,N/A,"-0.0%, 44.52%",1.5 year/1.2 month/3.9 months,1.5 year/0 days/3.7 months,2028-03-10/2026-03-11/2026-07-06,8.3%,10.2%,-1.9%,1.25,0.53,No Target/1031.264/1437.86/No Horizontal Resistance/No Target/1236.8362/No EMA 200 Target,470.81/288.555/794.5775/634.5288/No F-Track Level/No F-Track Level/727.07,88.72%/133/4.6 months (Across ALL Assets),77.24%/369/4.1 months (Across ALL Assets),934.0
"MSE.PA, Long, 2026-01-18 (Price: 67.23)",2026-06-21 (Price: 71.55),"6.43%, 5.1 months","100.0%, Past 10 years, 22","Weekly, is CONFIRMED on 2026-01-16",Already confirmed,"2026-06-25 (Price: 71.24), 5.96% above",5.3 months,"2, 2016-03-13 (Price: 30.865)",2026-01-18 (Price: 67.23),2026-01-18 (Price: 67.23),158/158/158 days,5.96% above/5.96% above/5.96% above,2016-03-13 (Price: 30.865)/2026-01-18 (Price: 66.601),10.47%/2.5%/5.75%,N/A,"0%, 33.38%",1.4 year/1.2 month/4.4 months,1.4 year/1.2 month/4.4 months,2028-01-16/2026-03-11/2026-07-28,8.07%,4.18%,3.89%,1.84,0.18,71.1293/71.0957/89.05/No Horizontal Resistance/81.1364/117.7989/No EMA 200 Target,61.34/33.6667/58.4776/44.4738/No F-Track Level/No F-Track Level/60.53,88.72%/133/4.6 months (Across ALL Assets),77.24%/369/4.1 months (Across ALL Assets),66.84
"BRK-B, Long, 2026-01-09 (Price: 499.1)",2026-06-23 (Price: 492.81),"-1.26%, 5.5 months","100.0%, Past 4 years, 22","Daily, is CONFIRMED on 2026-01-09",Already confirmed,"2026-06-25 (Price: 487.81), 2.26% below",5.6 months,"2, 2025-11-14 (Price: 516.55)",2026-01-09 (Price: 499.1),2026-01-09 (Price: 499.1),167/167/167 days,2.26% below/2.26% below/2.26% below,2025-11-14 (Price: 516.55)/2026-01-09 (Price: 496.4333),5.02%/0.7%/2.86%,N/A,"-0.0%, 7.4%",1.2 month/6 days/12 days,1.2 month/0 days/10 days,2026-03-02/2026-01-17/2026-01-26,12.87%,12.36%,0.51%,1.33,0.9,524.7038/513.3743/509.57/512.255/630.85/709.9376/No EMA 200 Target,496.12/268.082/491.88/449.7662/No F-Track Level/No F-Track Level/497.22,90.31%/320/1.5 month (Across ALL Assets),80.18%/757/1.6 month (Across ALL Assets),498.94
"MAR, Long, 2025-12-31 (Price: 310.24)",2026-05-31 (Price: 375.6),"21.07%, 5 months","100.0%, Past 20 years, 15","Monthly, is CONFIRMED on 2025-12-31",Already confirmed,"2026-06-25 (Price: 378.91), 22.13% above",5.9 months,"2, 2025-02-28 (Price: 307.52)",2025-11-30 (Price: 304.79),2025-12-31 (Price: 310.24),207/176/176 days,24.32% above/22.13% above/22.13% above,2025-02-28 (Price: 307.52)/2025-12-31 (Price: 259.98),30.2%/3.49%/16.93%,N/A,"0%, 34.42%",1.6 year/5 months/9.2 months,1.6 year/5 months/9.2 months,2028-04-13/2026-08-05/2027-02-03,9.1%,8.41%,0.69%,1.35,0.43,381.6262/362.7636/311.87/No Horizontal Resistance/372.972/399.3723/No EMA 200 Target,136.01/129.12/275.4012/235.5515/No F-Track Level/No F-Track Level/267.22,93.94%/66/10.9 months (Across ALL Assets),72.82%/195/9.4 months (Across ALL Assets),302.43
"NA.TO, Long, 2025-11-30 (Price: 168.95)",2026-06-25 (Price: 223.81),"32.47%, 6.9 months","83.33%, Past 20 years, 12","Monthly, is CONFIRMED on 2025-11-30",Already confirmed,"2026-06-25 (Price: 223.81), 32.47% above",6.9 months,"0, 2002-04-30 (Price: 17.575)",2025-10-31 (Price: 156.7),2025-11-28 (Price: 168.95),237/209/207 days,42.83% above/32.47% above/32.47% above,2002-04-30 (Price: 17.575)/2025-11-30 (Price: 151.5703),31.21%/8.86%/20.0%,-5.23%/-5.23%/-5.23%,"5.23%, 30.62%",1.5 year/5.1 months/9.2 months,1.5 year/5.1 months/10.4 months,2028-01-21/2026-07-09/2027-01-03,8.6%,7.92%,0.68%,1.07,0.47,189.6126/202.74/259.77/No Horizontal Resistance/188.6608/207.1743/No EMA 200 Target,118.77/82.9367/134.0186/119.9028/No F-Track Level/No F-Track Level/138.03,93.94%/66/10.9 months (Across ALL Assets),72.82%/195/9.4 months (Across ALL Assets),157.19
"AEM.TO, Long, 2025-09-30 (Price: 234.4)",2026-05-31 (Price: 253.48),"8.14%, 8.1 months","94.12%, Past 20 years, 17","Monthly, is CONFIRMED on 2025-09-30",Already confirmed,"2026-06-25 (Price: 222.09), 5.25% below",8.9 months,"2, 2001-05-31 (Price: 14.4)",2025-09-30 (Price: 234.4),2025-09-25 (Price: 223.0),268/273/268 days,5.25% below/0.41% below/5.25% below,2001-05-31 (Price: 14.4)/2025-09-30 (Price: 200.3445),119.13%/8.14%/49.17%,-19.32%/-19.32%/-19.32%,"19.32%, 59.99%",2 years/5.1 months/11.5 months,2 years/5.1 months/11.9 months,2028-08-07/2026-05-09/2027-02-11,12.22%,8.38%,3.84%,1.46,0.43,270.1226/349.6545/366.4/No Horizontal Resistance/No Target/No Target/No EMA 200 Target,61.72/60.0025/193.9088/163.0279/No F-Track Level/No F-Track Level/159.65,93.94%/66/10.9 months (Across ALL Assets),72.82%/195/9.4 months (Across ALL Assets),200.18
"IMO.TO, Long, 2025-09-30 (Price: 126.19)",2026-05-31 (Price: 163.57),"29.62%, 8.1 months","100.0%, Past 20 years, 22","Monthly, is CONFIRMED on 2025-09-30",Already confirmed,"2026-06-25 (Price: 160.92), 27.52% above",8.9 months,"0, 2001-09-30 (Price: 15.5)",2025-09-30 (Price: 126.19),2025-09-10 (Price: 126.79),268/288/268 days,27.52% above/26.92% above/27.52% above,2001-09-30 (Price: 15.5)/2025-09-30 (Price: 122.7883),54.37%/11.5%/31.55%,N/A,"-0.0%, 64.29%",4 years/5.1 months/1.1 year,4 years/0 days/11.5 months,2031-06-16/2026-05-09/2027-04-26,9.31%,7.25%,2.06%,1.54,0.38,164.6906/166.0029/192.6/No Horizontal Resistance/129.8192/200.2184/No EMA 200 Target,88.59/60.8067/86.3092/No stop loss/No F-Track Level/No F-Track Level/104.72,93.94%/66/10.9 months (Across ALL Assets),72.82%/195/9.4 months (Across ALL Assets),124.35
"2807.HK, Long, 2025-09-21 (Price: 64.54)",2026-06-21 (Price: 66.2),"2.57%, 9.1 months","100.0%, Past 10 years, 8","Weekly, is CONFIRMED on 2025-09-19",Already confirmed,"2026-06-25 (Price: 64.78), 0.37% above",9.2 months,"6, 2021-02-21 (Price: 76.6)",2025-09-07 (Price: 55.62),2025-09-18 (Price: 64.16),291/280/277 days,16.47% above/0.97% above/0.37% above,2021-02-21 (Price: 76.6)/2025-09-21 (Price: 55.535),26.01%/2.57%/11.5%,N/A,"0%, 37.63%",1 year/1.6 month/6.6 months,1 year/1.6 month/6.6 months,2027-02-24/2025-11-29/2026-07-04,16.34%,1.87%,14.47%,1.03,0.1,65.6049/71.9621/71.78/69.42/No Next Fib Ext/No Next Fib Ext/No EMA 200 Target,44.38/35.45/No F-Stack Support/No F-Stack Support/No F-Track Level/No F-Track Level/49.51,88.72%/133/4.6 months (Across ALL Assets),77.24%/369/4.1 months (Across ALL Assets),59.8
"IMO.TO, Long, 2025-08-31 (Price: 124.62)",2026-05-31 (Price: 163.57),"31.26%, 9.1 months","100.0%, Past 20 years, 22","Monthly, is CONFIRMED on 2025-08-31",Already confirmed,"2026-06-25 (Price: 160.92), 29.13% above",9.9 months,"2, 2024-10-31 (Price: 108.89)",2025-06-30 (Price: 108.18),2025-08-20 (Price: 115.69),360/309/298 days,48.75% above/39.1% above/29.13% above,2024-10-31 (Price: 108.89)/2025-08-31 (Price: 102.61),54.37%/11.5%/31.55%,N/A,"-0.0%, 64.29%",4 years/5.1 months/1.1 year,4 years/0 days/11.5 months,2031-05-17/2026-04-09/2027-03-27,9.31%,7.25%,2.06%,1.54,0.38,162.6416/163.9376/134.06/No Horizontal Resistance/129.8192/200.2184/No EMA 200 Target,88.59/60.8067/86.3092/No stop loss/No F-Track Level/No F-Track Level/102.35,93.94%/66/10.9 months (Across ALL Assets),72.82%/195/9.4 months (Across ALL Assets),114.68
"IMO.TO, Long, 2025-07-31 (Price: 115.53)",2026-05-31 (Price: 163.57),"41.58%, 10.1 months","100.0%, Past 20 years, 22","Monthly, is CONFIRMED on 2025-07-31",Already confirmed,"2026-06-25 (Price: 160.92), 39.29% above",11 months,"2, 2024-10-31 (Price: 108.89)",2025-06-30 (Price: 108.18),2025-07-30 (Price: 116.68),360/330/329 days,48.75% above/37.92% above/39.29% above,2024-10-31 (Price: 108.89)/2025-07-31 (Price: 103.238),54.37%/11.5%/31.55%,N/A,"-0.0%, 64.29%",4 years/5.1 months/1.1 year,4 years/0 days/11.5 months,2031-04-16/2026-03-09/2027-02-24,9.31%,7.25%,2.06%,1.54,0.38,150.7782/151.9797/119.51/No Horizontal Resistance/125.7351/130.9032/No EMA 200 Target,88.59/60.8067/95.1616/91.2096/No F-Track Level/No F-Track Level/100.87,93.94%/66/10.9 months (Across ALL Assets),72.82%/195/9.4 months (Across ALL Assets),110.11
"IHI, Long, 2025-02-28 (Price: 63.77)",2026-05-31 (Price: 48.96),"-23.22%, 1.3 year","71.43%, Past 20 years, 7","Monthly, is CONFIRMED on 2025-02-28",Already confirmed,"2026-06-25 (Price: 50.15), 21.36% below",1.3 year,"2, 2022-08-31 (Price: 55.73)",2025-01-31 (Price: 63.81),2025-02-28 (Price: 63.77),510/482/482 days,21.41% below/21.36% below/21.36% below,2022-08-31 (Price: 55.73)/2025-02-28 (Price: 61.2236),16.7%/2.84%/13.93%,-23.22%/-23.22%/-23.22%,"23.22%, 23.93%",7.1 months/5.1 months/6.7 months,1.3 year/5.1 months/9.1 months,2026-01-02/2025-10-07/2025-12-16,3.78%,6.56%,-2.78%,0.03,0.38,72.1813/72.6532/68.59/66.92/68.9264/76.3906/No EMA 200 Target,45.26/46.8983/56.0899/46.1919/No F-Track Level/No F-Track Level/58.82,93.94%/66/10.9 months (Across ALL Assets),72.82%/195/9.4 months (Across ALL Assets),63.37
"FBU.NZ, Long, 2025-02-28 (Price: 3.39)",2026-05-31 (Price: 3.14),"-7.37%, 1.3 year","80.0%, Past 20 years, 10","Monthly, is CONFIRMED on 2025-02-28",Already confirmed,"2026-06-25 (Price: 3.33), 1.77% below",1.3 year,"2, 2023-08-31 (Price: 5.64)",2024-12-31 (Price: 2.85),2025-02-27 (Price: 3.27),541/483/482 days,16.84% above/1.83% above/1.77% below,2023-08-31 (Price: 5.64)/2025-02-28 (Price: 2.5338),26.1%/3.25%/14.68%,-7.37%/-37.82%/-22.6%,"37.82%, 49.28%",1.3 year/5 months/10.1 months,2.3 years/0 days/8.3 months,2027-01-06/2025-10-03/2026-05-12,4.17%,0.95%,3.22%,-0.05,0.02,3.8192/3.8877/4.74/7.985/12.7156/14.3053/No EMA 200 Target,2.83/3.3133/3.1474/No stop loss/No F-Track Level/No F-Track Level/3.02,93.94%/66/10.9 months (Across ALL Assets),72.82%/195/9.4 months (Across ALL Assets),2.85
"XLY, Long, 2024-12-31 (Price: 112.175)",2026-05-31 (Price: 120.87),"7.75%, 1.4 year","93.75%, Past 20 years, 16","Monthly, is CONFIRMED on 2024-12-31",Already confirmed,"2026-06-25 (Price: 113.35), 1.05% above",1.5 year,"2, 2000-04-30 (Price: 15.9688)",2024-11-30 (Price: 111.15),2024-12-31 (Price: 112.175),572/541/541 days,1.98% above/1.05% above/1.05% above,2000-04-30 (Price: 15.9688)/2024-12-31 (Price: 102.765),32.13%/5.99%/17.93%,-17.44%/-17.44%/-17.44%,"17.44%, 51.92%",1.5 year/5.1 months/11.1 months,2 years/5.1 months/11.9 months,2027-02-21/2025-08-09/2026-04-27,4.58%,6.15%,-1.57%,1.04,0.34,132.961/132.288/169.9/No Horizontal Resistance/125.4815/133.9156/No EMA 200 Target,64.58/67.241/86.1124/56.5683/No F-Track Level/No F-Track Level/96.23,93.94%/66/10.9 months (Across ALL Assets),72.82%/195/9.4 months (Across ALL Assets),111.935
"RINF, Long, 2024-10-13 (Price: 33.01)",2026-06-21 (Price: 32.5),"-1.54%, 1.7 year","80.0%, Past 10 years, 10","Weekly, is CONFIRMED on 2024-10-11",Already confirmed,"2026-06-25 (Price: 32.06), 2.88% below",1.7 year,"4, 2023-10-22 (Price: 35.37)",2024-10-06 (Price: 32.56),2024-10-09 (Price: 32.91),627/624/620 days,1.54% below/2.58% below/2.88% below,2023-10-22 (Price: 35.37)/2024-10-13 (Price: 32.2172),4.91%/1.48%/3.43%,-1.54%/-20.02%/-10.78%,"20.02%, 29.23%",10.7 months/1.2 month/5.6 months,2.7 years/0 days/9.2 months,2026-01-20/2024-12-04/2025-06-13,-0.19%,-0.95%,0.76%,-0.24,-0.45,33.5118/34.1422/34.43/35.755/41.8158/48.2716/No EMA 200 Target,31.41/26.825/No F-Stack Support/No F-Stack Support/No F-Track Level/No F-Track Level/32.53,88.72%/133/4.6 months (Across ALL Assets),77.24%/369/4.1 months (Across ALL Assets),32.68
"ENZL, Long, 2024-09-30 (Price: 49.42)",2026-06-25 (Price: 44.2598),"-10.44%, 1.8 year","83.33%, Past 20 years, 6","Monthly, is CONFIRMED on 2024-09-30",Already confirmed,"2026-06-25 (Price: 44.2598), 10.44% below",1.8 year,"2, 2023-02-28 (Price: 53.35)",2024-08-31 (Price: 49.25),2024-09-26 (Price: 49.69),663/637/633 days,10.13% below/10.93% below/10.44% below,2023-02-28 (Price: 53.35)/2024-09-30 (Price: 44.8266),18.88%/18.88%/18.88%,-9.19%/-9.19%/-9.19%,"9.19%, 22.82%",1 year/1 year/1 year,1.7 year/0 days/7.5 months,2026-03-05 (Max),4.03%,1.48%,2.55%,0.22,-0.04,No Target/58.7505/51.78/65.1933/79.7363/84.688/No EMA 200 Target,41.64/43.9425/No F-Stack Support/No F-Stack Support/No F-Track Level/No F-Track Level/46.44,93.94%/66/10.9 months (Across ALL Assets),72.82%/195/9.4 months (Across ALL Assets),49.2
"XLV, Long, 2024-08-31 (Price: 157.2)",2026-05-31 (Price: 149.47),"-4.92%, 1.8 year","80.95%, Past 20 years, 21","Monthly, is CONFIRMED on 2024-08-31",Already confirmed,"2026-06-25 (Price: 155.63), 1.0% below",1.8 year,"0, 2021-12-31 (Price: 141.98)",2024-08-31 (Price: 157.2),2024-08-30 (Price: 157.2),663/664/663 days,1.0% below/1.0% below/1.0% below,2021-12-31 (Price: 141.98)/2024-08-31 (Price: 149.5927),11.06%/2.58%/6.52%,-0.94%/-5.59%/-3.1%,"5.59%, 36.99%",2.7 years/5.1 months/1.4 year,2.7 years/0 days/1.3 year,2028-07-08/2025-04-09/2026-08-29,3.17%,4.63%,-1.46%,-0.02,0.23,170.9864/167.4494/166.33/No Horizontal Resistance/No Target/174.1807/No EMA 200 Target,124.54/100.54/117.2225/81.225/No F-Track Level/No F-Track Level/143.1,93.94%/66/10.9 months (Across ALL Assets),72.82%/195/9.4 months (Across ALL Assets),150.4
"^NSEI, Long, 2024-07-31 (Price: 24951.1504)",2026-05-31 (Price: 23547.75),"-5.62%, 1.9 year","75.0%, Past 20 years, 8","Monthly, is CONFIRMED on 2024-07-31",Already confirmed,"2026-06-25 (Price: 24056.0), 3.59% below",1.9 year,"10, 2010-04-30 (Price: 5399.6499)",2024-06-30 (Price: 24010.5996),2024-07-31 (Price: 24951.1504),725/694/694 days,0.19% above/3.59% below/3.59% below,2010-04-30 (Price: 5399.6499)/2024-07-31 (Price: 23464.0286),12.44%/2.54%/7.03%,-5.62%/-5.62%/-5.62%,"5.62%, 14.78%",1.6 year/6 months/11.3 months,1.9 year/0 days/1.1 year,2026-11-12/2025-04-17/2025-12-04,5.26%,6.01%,-0.75%,-0.08,0.32,27124.3956/26705.2163/36682.05/No Horizontal Resistance/33071.3292/48196.8152/No EMA 200 Target,15780.25/15428.8669/23723.236/17945.8431/No F-Track Level/No F-Track Level/21921.5,93.94%/66/10.9 months (Across ALL Assets),72.82%/195/9.4 months (Across ALL Assets),23992.9492
"XLV, Long, 2024-02-29 (Price: 144.82)",2026-05-31 (Price: 149.47),"3.21%, 2.3 years","80.95%, Past 20 years, 21","Monthly, is CONFIRMED on 2024-02-29",Already confirmed,"2026-06-25 (Price: 155.63), 7.46% above",2.4 years,"0, 2021-12-31 (Price: 141.98)",2023-12-31 (Price: 136.38),2024-02-01 (Price: 142.2),907/875/847 days,14.11% above/9.44% above/7.46% above,2021-12-31 (Price: 141.98)/2024-02-29 (Price: 134.96),11.06%/2.58%/6.52%,-0.94%/-5.59%/-3.1%,"5.59%, 36.99%",2.7 years/5.1 months/1.4 year,2.7 years/0 days/1.3 year,2028-01-06/2024-10-07/2026-02-26,3.17%,4.63%,-1.46%,-0.02,0.23,157.5207/154.2623/146.52/No Horizontal Resistance/153.114/174.1807/No EMA 200 Target,124.54/86.68/117.2225/81.225/No F-Track Level/No F-Track Level/133.48,93.94%/66/10.9 months (Across ALL Assets),72.82%/195/9.4 months (Across ALL Assets),140.55
"RELIANCE.NS, Long, 2024-02-29 (Price: 1460.8)",2026-05-31 (Price: 1321.2),"-9.56%, 2.3 years","84.62%, Past 20 years, 13","Monthly, is CONFIRMED on 2024-02-29",Already confirmed,"2026-06-25 (Price: 1318.1), 9.77% below",2.4 years,"0, 2021-10-31 (Price: 1269.7476)",2024-01-31 (Price: 1426.625),2024-02-29 (Price: 1460.8),876/847/847 days,7.61% below/9.77% below/9.77% below,2021-10-31 (Price: 1269.7476)/2024-02-29 (Price: 1334.1423),42.45%/7.3%/18.13%,-9.56%/-9.56%/-9.56%,"9.56%, 36.79%",1.4 year/7.1 months/1.1 year,2.3 years/7.1 months/1.3 year,2026-02-26/2025-01-02/2025-09-24,6.39%,11.54%,-5.15%,0.63,0.59,2144.8926/1725.643/1575.43/No Horizontal Resistance/1503.6962/2250.6285/No EMA 200 Target,1071.86/853.4344/1393.886/957.4297/No F-Track Level/No F-Track Level/1244.6,93.94%/66/10.9 months (Across ALL Assets),72.82%/195/9.4 months (Across ALL Assets),1435.0
"BYD.TO, Long, 2023-12-31 (Price: 278.49)",2026-06-25 (Price: 135.27),"-51.43%, 2.5 years","93.75%, Past 20 years, 16","Monthly, is CONFIRMED on 2023-12-31",Already confirmed,"2026-06-25 (Price: 135.27), 51.43% below",2.5 years,"0, 2021-02-28 (Price: 245.0)",2023-11-30 (Price: 258.74),2023-12-29 (Price: 278.49),938/909/907 days,47.72% below/51.43% below/51.43% below,2021-02-28 (Price: 245.0)/2023-12-31 (Price: 256.8514),21.68%/5.8%/10.46%,-53.77%/-53.77%/-53.77%,"53.77%, 59.58%",1.1 year/5.1 months/9.9 months,2.5 years/0 days/9.9 months,2025-07-26/2024-08-08/2025-03-05,12.45%,8.21%,4.24%,0.12,0.41,408.6841/307.6201/298.58/No Horizontal Resistance/312.8053/367.2583/No EMA 200 Target,138.66/166.48/229.0045/147.1212/No F-Track Level/No F-Track Level/241.57,93.94%/66/10.9 months (Across ALL Assets),72.82%/195/9.4 months (Across ALL Assets),258.84
