Function,"Symbol, Signal, Signal Date/Price[$]",Interval,Exit Signal Date/Price[$],Target for which Price has achieved over 90 percent of gain %,Backtested Target Exit Date,Next Two Target Price % from Latest Trading Price,"% Gain, Holding Period (days)","Today Trading Date/Price[$], Today price vs Signal",Remaining Potential Exit Prices [$],Remaining Potential Exit Dates,Stop Loss (Recent Extrema/Horizontal/F-Stack 1/F-Stack 2/F-Track 1/F-Track 2/EMA 200) [$],"Win Rate [%], History Tested, Number of Trades",Signal Open Price,"Sigmashell, Success Rate of Past Analysis [%]","Divergence observed with, Signal Type",Maxima Broken Date/Price[$],"Track Level/Price($), Price on Latest Trading day vs Track Level, Signal Type","Reference Upmove or Downmove start Date/Price($), end Date/Price($)",% Change in Price on Latest Trading day vs Price on Trendpulse Breakout day/Earliest Unconfirmed Signal day/Confirmed Signal day,Backtested Returns(Win Trades) [%] (Max/Min/Avg),Backtested Returns (Lose Trades) [%] (Max/Min/Avg),"Backtested Max Loss [%], Backtested Worst Single MTM during Hold Period [%]",Backtested Holding Period(Win Trades) (days) (Max/Min/Avg),Backtested Holding Period (All Trades) (days) (Max/Min/Avg),Backtested Strategy CAGR [%],CAGR of Buy and Hold [%],CAGR difference (Strategy - Buy and Hold) [%],Backtested Strategy Sharpe Ratio,Sharpe Ratio of Buy and Hold,Latest Past 6 Months Performance[%]/No. of Analysed Trades/Avg Holding Period (days) (Across ALL Assets),Forward Testing Win Rate[%]/No. of Analysed Trades/Avg Holding Period (days) (Across ALL Assets),Asset Class,Expected Return E[R] [%],Signal Alpha Per Trade [%],R:R Static,R:R Dynamic,Theoretical Entry Price [$],Reward Remaining [%],Signal Quality Composite Score,Timeliness Score
TRENDPULSE,"BRK-B, Long, 2026-06-15 (Price: 495.52)",Daily,No Exit Yet,No Price Target,2026-06-23 (Min),2.29%/4.49%,"-1.56%, 10 days","2026-06-25 (Price: 487.81), 1.56% below",520.9402 (Historic Rise or Fall to Pivot)/509.6919 (Avg % Gain of Historic Winning trades)/523.45 (Function Specific Target)/512.2133 (Horizontal)/630.85 (F-Stack 1)/709.9376 (F-Stack 2)/520.3951 (Backtested Max)/498.9886 (Backtested Min),2026-08-06 (Max)/2026-07-02 (Avg),470.29/267.42/491.88/449.7662/No F-Track Level/No F-Track Level/490.39,"100.0%, Past 4 years, 22",487.56,No Information,No Information,No Information,No Information,No Information,0.29% below/1.56% below/1.56% below,5.02%/0.7%/2.86%,N/A,"-0.0%, 7.4%",1.2 month/6 days/12 days,1.2 month/0 days/10 days,12.87%,12.36%,0.51%,1.33,0.9,90.31%/320/1.5 month (Across ALL Assets),80.18%/757/1.6 month (Across ALL Assets),equity,2.86%,2.37%,0.80,0.78,486.3994,100.0%,74.0,0
TRENDPULSE,"BRK-B, Long, 2026-01-09 (Price: 499.1)",Daily,2026-06-23 (Price: 492.81),No Price Target,No Date Target,4.46%/5.01%,"-2.26%, 5.6 months","2026-06-25 (Price: 487.81), 2.26% below",524.7038 (Historic Rise or Fall to Pivot)/513.3743 (Avg % Gain of Historic Winning trades)/509.57 (Function Specific Target)/512.255 (Horizontal)/630.85 (F-Stack 1)/709.9376 (F-Stack 2)/524.1548 (Backtested Max),No Next Date Target,496.12/268.082/491.88/449.7662/No F-Track Level/No F-Track Level/497.22,"100.0%, Past 4 years, 22",498.94,No Information,No Information,No Information,No Information,No Information,2.26% below/2.26% below/2.26% below,5.02%/0.7%/2.86%,N/A,"-0.0%, 7.4%",1.2 month/6 days/12 days,1.2 month/0 days/10 days,12.87%,12.36%,0.51%,1.33,0.9,90.31%/320/1.5 month (Across ALL Assets),80.18%/757/1.6 month (Across ALL Assets),equity,2.86%,2.37%,0.37,0.67,477.0291,100.0%,74.0,0
PULSEGAUGE,"BRK-B, Long, 2026-04-23 (Price: 470.55)",Weekly,No Exit Yet,No Price Target,2026-06-27 (Min),0.46%/5.0%,"3.67%, 2.1 months","2026-06-25 (Price: 487.81), 3.67% above",538.168 (Avg % Gain of Historic Winning trades)/630.85 (Function Specific Target)/512.2133 (Horizontal)/630.85 (F-Stack 1)/709.9376 (F-Stack 2)/490.06 (EMA 200)/557.4135 (Backtested Max)/532.3803 (Backtested Min),2028-02-29 (Max)/2026-06-27 (Min)/2027-02-12 (Avg),468.49/268.082/449.7662/405.99/No F-Track Level/No F-Track Level/No EMA 200 Stop Loss,"75.0%, Past 25 years, 20",474.38,No Information,No Information,No Information,No Information,No Information,No Information,18.46%/13.14%/14.37%,-20.65%/-33.7%/-24.91%,"33.7%, 24.78%",1.3 year/1.5 month/6.8 months,1.3 year/0 days/5.2 months,3.17%,6.9%,-3.73%,0.05,-0.22,67.21%/61/6.6 months (Across ALL Assets),73.72%/331/5.3 months (Across ALL Assets),equity,4.55%,0.28%,3.63,2.83,470.5500,74.5%,-4.7,87
DELTADRIFT,"HDFCBANK.NS, Long, 2026-06-14 (Price: 772.45)",Weekly,No Exit Yet,No Price Target,2026-06-24 (Min),1.69%/3.47%,"3.09%, 11 days","2026-06-25 (Price: 796.3), 3.09% above",823.8952 (Historic Rise or Fall to Pivot)/837.5675 (Avg % Gain of Historic Winning trades)/830.73 (Function Specific Target)/1009.6 (Horizontal)/1098.0619 (F-Stack 1)/1180.6259 (F-Stack 2)/898.07 (EMA 200)/862.9039 (Backtested Max)/809.7593 (Backtested Min),2026-09-21 (Max)/2026-08-13 (Avg),744.55/640.9/765.1075/697.8792/No F-Track Level/No F-Track Level/No EMA 200 Stop Loss,"85.71%, Past 15 years, 7",738.0,No Information,No Information,No Information,No Information,No Information,No Information,11.71%/4.83%/8.43%,-12.08%/-12.08%/-12.08%,"12.08%, 16.27%",2.3 months/7 days/1.4 month,2.3 months/0 days/1.2 month,8.0%,9.15%,-1.15%,0.49,0.54,82.76%/29/1.6 month (Across ALL Assets),86.61%/127/2.1 months (Across ALL Assets),equity,5.50%,4.19%,2.15,0.13,772.4500,63.4%,47.3,27
SIGMASHELL,"HDFCBANK.NS, Long, 2026-03-23 (Price: 744.15)",Daily,2026-06-23 (Price: 774.65),No Price Target,No Date Target,12.78%/26.79%,"7.01%, 3.1 months","2026-06-25 (Price: 796.3), 7.01% above",1098.0619 (Function Specific Target)/1009.6 (Horizontal)/1098.0619 (F-Stack 1)/1305.7899 (F-Stack 2)/898.07 (EMA 200),2026-11-03 (Max)/2026-07-05 (Min)/2026-08-30 (Avg),No Recent Minima/640.9/697.8792/606.5732/No F-Track Level/No F-Track Level/No EMA 200 Stop Loss,"100.0%, Past 5 years, 7",763.15,"-3.21, 100.0%",No Information,No Information,No Information,No Information,No Information,8.69%/0.8%/4.88%,N/A,"-0.0%, 22.66%",5.2 months/2.4 months/3.7 months,5.2 months/0 days/2.1 months,6.75%,12.02%,-5.27%,0.68,0.64,68.18%/44/3.8 months (Across ALL Assets),69.36%/297/3.8 months (Across ALL Assets),equity,4.88%,1.88%,0.39,0.04,744.1500,-43.6%,14.8,40
SIGMASHELL,"HDFCBANK.NS, Long, 2026-03-02 (Price: 879.4)",Daily,2026-06-23 (Price: 774.65),No Price Target,No Date Target,11.32%/12.69%,"-9.45%, 3.8 months","2026-06-25 (Price: 796.3), 9.45% below",897.3398 (Historic Rise or Fall to Pivot)/922.3147 (Avg % Gain of Historic Winning trades)/1098.0619 (Function Specific Target)/1009.6 (Horizontal)/1098.0619 (F-Stack 1)/1305.7899 (F-Stack 2)/898.07 (EMA 200)/955.8199 (Backtested Max)/886.4352 (Backtested Min),2026-10-13 (Max)/2026-08-09 (Avg),878.85/640.9/765.1075/697.8792/No F-Track Level/No F-Track Level/No EMA 200 Stop Loss,"100.0%, Past 5 years, 7",876.2,"-3.0, 69.44%",No Information,No Information,No Information,No Information,No Information,8.69%/0.8%/4.88%,N/A,"-0.0%, 22.66%",5.2 months/2.4 months/3.7 months,5.2 months/0 days/2.1 months,6.75%,12.02%,-5.27%,0.68,0.64,68.18%/44/3.8 months (Across ALL Assets),69.36%/297/3.8 months (Across ALL Assets),equity,4.88%,1.88%,1.25,3.93,879.4000,100.0%,14.8,40
FRACTAL TRACK,"KWEB, Long, 2026-04-19 (Price: 30.45)",Weekly,No Exit Yet,No Price Target,2026-06-27 (Min),43.12%/48.28%,"-22.4%, 2.2 months","2026-06-25 (Price: 23.63), 22.4% below",36.1716 (Avg % Gain of Historic Winning trades)/42.86 (Function Specific Target)/54.865 (Horizontal)/112.1402 (F-Stack 1)/127.8094 (F-Stack 2)/33.82 (EMA 200)/39.6215 (Backtested Max)/35.0388 (Backtested Min),2029-07-29 (Max)/2026-06-27 (Min)/2027-06-10 (Avg),27.91/24.5062/No F-Stack Support/No F-Stack Support/No F-Track Level/No F-Track Level/No EMA 200 Stop Loss,"100.0%, Past 12 years, 9",28.35,No Information,No Information,No Information,"78.6% (Price: 27.1066), 12.83% below, Upmove Bounce Back","2024-01-28 (Price: 22.68), 2025-10-05 (Price: 43.365)",No Information,30.12%/15.07%/18.79%,N/A,"-0.0%, 42.44%",2.3 years/1.6 month/9.6 months,2.3 years/0 days/6.4 months,12.25%,-0.22%,12.47%,1.18,0.04,89.09%/55/1.4 year (Across ALL Assets),61.63%/172/7.4 months (Across ALL Assets),equity_etf,18.79%,18.96%,N/A,N/A,30.4500,100.0%,42.8,87
TRENDPULSE,"KWEB, Long, 2026-04-15 (Price: 29.64)",Daily,No Exit Yet,No Price Target,2026-06-27 (Avg),31.42%/33.94%,"-20.28%, 2.4 months","2026-06-25 (Price: 23.63), 20.28% below",31.0538 (Historic Rise or Fall to Pivot)/31.6496 (Avg % Gain of Historic Winning trades)/34.49 (Function Specific Target)/54.865 (Horizontal)/112.1402 (F-Stack 1)/127.8094 (F-Stack 2)/35.9 (EMA 200)/34.4031 (Backtested Max),2027-04-19 (Max)/2026-06-27 (Avg),27.78/24.5062/No F-Stack Support/No F-Stack Support/No F-Track Level/No F-Track Level/No EMA 200 Stop Loss,"100.0%, Past 4 years, 20",29.27,No Information,No Information,No Information,No Information,No Information,17.72% below/20.28% below/20.28% below,16.07%/2.37%/6.78%,N/A,"-0.0%, 44.9%",8.5 months/4 days/1.7 month,8.5 months/0 days/1.6 month,17.43%,-9.9%,27.33%,1.18,-0.19,90.31%/320/1.5 month (Across ALL Assets),80.18%/757/1.6 month (Across ALL Assets),equity_etf,6.78%,8.67%,N/A,N/A,20.0731,100.0%,59.7,60
OSCILLATOR DELTA,"KWEB, Long, 2026-06-01 (Price: 27.36)",Daily,2026-06-23 (Price: 24.49),No Price Target,No Date Target,21.37%/22.73%,"-13.63%, 24 days","2026-06-25 (Price: 23.63), 13.63% below",29.1876 (Historic Rise or Fall to Pivot)/28.6788 (Avg % Gain of Historic Winning trades)/29.0 (Function Specific Target)/54.865 (Horizontal)/33.82 (EMA 200)/31.5844 (Backtested Max),2026-07-05 (Max),No Recent Minima/24.5062/No F-Stack Support/No F-Stack Support/No F-Track Level/No F-Track Level/No EMA 200 Stop Loss,"86.21%, Past 6 years, 29",26.95,No Information,No Information,No Information,No Information,No Information,No Information,15.44%/0.28%/4.82%,-10.01%/-13.22%/-11.25%,"13.22%, 14.33%",24 days/1 day/8 days,1.6 month/0 days/10 days,15.21%,-9.9%,25.11%,0.34,-0.19,90.26%/154/25 days (Across ALL Assets),79.53%/513/25 days (Across ALL Assets),equity_etf,2.60%,3.00%,N/A,N/A,27.3600,100.0%,75.5,0
TRENDPULSE,"NFLX, Long, 2026-04-10 (Price: 103.01)",Daily,No Exit Yet,No Price Target,2026-06-27 (Avg),55.33%/71.61%,"-31.17%, 2.5 months","2026-06-25 (Price: 70.9), 31.17% below",121.67 (Function Specific Target)/139.352 (F-Stack 1)/152.4292 (F-Stack 2)/110.128 (Backtested Max),2026-08-05 (Max)/2026-06-27 (Avg),90.92/34.8663/100.8852/86.4764/No F-Track Level/No F-Track Level/No EMA 200 Stop Loss,"88.24%, Past 4 years, 17",102.47,No Information,No Information,No Information,No Information,No Information,28.66% below/31.17% below/31.17% below,6.91%/0.45%/3.8%,-0.57%/-25.85%/-13.21%,"25.85%, 39.95%",2.7 months/7 days/1.8 month,7.7 months/0 days/2 months,4.57%,6.04%,-1.47%,0.07,0.35,90.31%/320/1.5 month (Across ALL Assets),80.18%/757/1.6 month (Across ALL Assets),equity,1.80%,0.36%,0.07,0.98,55.1065,100.0%,0.9,60
PULSEGAUGE,"NFLX, Long, 2025-10-15 (Price: 120.329)",Weekly,2026-06-24 (Price: 71.84),No Price Target,No Date Target,83.68%/96.55%,"-41.08%, 8.4 months","2026-06-25 (Price: 70.9), 41.08% below",130.2321 (Historic Rise or Fall to Pivot)/165.5968 (Avg % Gain of Historic Winning trades)/139.352 (Function Specific Target)/139.352 (F-Stack 1)/152.4292 (F-Stack 2)/177.6417 (Backtested Max)/161.674 (Backtested Min),2029-01-24 (Max)/2026-07-24 (Avg),115.33/34.8663/116.3145/100.8852/No F-Track Level/No F-Track Level/97.3,"94.44%, Past 24 years, 18",122.135,No Information,No Information,No Information,No Information,No Information,No Information,47.63%/34.36%/37.62%,-57.74%/-57.74%/-57.74%,"57.74%, 57.13%",2.3 years/15 days/6.5 months,2.3 years/0 days/5.5 months,20.7%,20.65%,0.05%,1.09,0.18,67.21%/61/6.6 months (Across ALL Assets),73.72%/331/5.3 months (Across ALL Assets),equity,32.32%,18.80%,0.74,2.70,120.3290,100.0%,63.5,47
FRACTAL TRACK,"TRI.TO, Long, 2025-10-26 (Price: 227.55)",Weekly,No Exit Yet,No Price Target,2026-06-26 (Avg),100.6%/109.44%,"-49.45%, 8.1 months","2026-06-25 (Price: 115.02), 49.45% below",266.7569 (Historic Rise or Fall to Pivot)/253.1949 (Avg % Gain of Historic Winning trades)/375.05 (Function Specific Target)/240.8933 (Horizontal)/293.2329 (F-Stack 1)/316.3836 (F-Stack 2)/267.2575 (Backtested Max)/230.7357 (Backtested Min),2027-12-17 (Max)/2026-06-26 (Avg),212.03/116.89/193.124/131.2534/No F-Track Level/No F-Track Level/159.98,"92.31%, Past 20 years, 13",222.85,No Information,No Information,No Information,"38.2% (Price: 205.33), 43.98% below, Upmove Bounce Back","2018-05-13 (Price: 53.4023), 2025-07-20 (Price: 299.24)",No Information,17.45%/1.4%/11.27%,-1.51%/-1.51%/-1.51%,"1.51%, 22.04%",1.5 year/1.6 month/5.6 months,1.6 year/0 days/5.7 months,8.85%,4.0%,4.85%,0.91,0.18,89.09%/55/1.4 year (Across ALL Assets),61.63%/172/7.4 months (Across ALL Assets),equity,10.29%,7.57%,N/A,N/A,227.5500,100.0%,36.0,47
TRENDPULSE,"TRI.TO, Long, 2026-04-21 (Price: 132.44)",Daily,No Exit Yet,No Price Target,2026-06-25 (Avg),16.2%/18.59%,"-13.15%, 2.2 months","2026-06-25 (Price: 115.02), 13.15% below",136.4 (Historic Rise or Fall to Pivot)/137.7376 (Avg % Gain of Historic Winning trades)/190.98 (Function Specific Target)/240.8933 (Horizontal)/293.2329 (F-Stack 1)/372.3374 (F-Stack 2)/192.39 (EMA 200)/142.426 (Backtested Max)/133.6584 (Backtested Min),2026-12-20 (Max),115.28/No Horizontal Support/131.2534/93.0152/No F-Track Level/No F-Track Level/No EMA 200 Stop Loss,"100.0%, Past 4 years, 25",129.0,No Information,No Information,No Information,No Information,No Information,9.75% below/13.15% below/13.15% below,7.54%/0.92%/4.0%,N/A,"-0.0%, 12.09%",5.6 months/4 days/1.5 month,5.6 months/0 days/1.2 month,14.27%,1.96%,12.31%,1.14,0.06,90.31%/320/1.5 month (Across ALL Assets),80.18%/757/1.6 month (Across ALL Assets),equity,4.00%,3.72%,0.21,0.87,104.8018,100.0%,54.9,60
TRENDPULSE,"FPH.NZ, Long, 2026-06-11 (Price: 38.78)",Daily,No Exit Yet,No Price Target,2026-06-26 (Min),3.77%/4.32%,"-0.26%, 14 days","2026-06-25 (Price: 38.68), 0.26% below",41.1146 (Historic Rise or Fall to Pivot)/40.1373 (Avg % Gain of Historic Winning trades)/40.35 (Function Specific Target)/40.93 (Horizontal)/40.9296 (F-Stack 1)/48.5677 (F-Stack 2)/43.0458 (Backtested Max),2027-01-18 (Max)/2026-06-26 (Min)/2026-09-01 (Avg),32.38/22.5167/30.9793/26.1935/No F-Track Level/No F-Track Level/37.51,"85.71%, Past 4 years, 42",38.59,No Information,No Information,No Information,No Information,No Information,0.26% below/0.26% below/0.26% below,11.0%/0.47%/3.5%,-1.17%/-35.07%/-13.04%,"35.07%, 42.38%",5.1 months/11 days/1.9 month,7.9 months/0 days/2.2 months,-2.25%,3.17%,-5.42%,0.02,0.16,90.31%/320/1.5 month (Across ALL Assets),80.18%/757/1.6 month (Across ALL Assets),equity,1.14%,0.31%,1.16,1.08,38.5797,100.0%,-9.6,0
TRENDPULSE,"FPH.NZ, Long, 2026-06-10 (Price: 38.7)",Daily,No Exit Yet,No Price Target,2026-06-25 (Min),3.55%/4.24%,"-0.05%, 15 days","2026-06-25 (Price: 38.68), 0.05% below",41.0297 (Historic Rise or Fall to Pivot)/40.0545 (Avg % Gain of Historic Winning trades)/40.32 (Function Specific Target)/40.93 (Horizontal)/40.9296 (F-Stack 1)/48.5677 (F-Stack 2)/42.957 (Backtested Max),2027-01-17 (Max)/2026-08-31 (Avg),32.38/22.5167/30.9793/26.1935/No F-Track Level/No F-Track Level/37.51,"85.71%, Past 4 years, 42",38.3,No Information,No Information,No Information,No Information,No Information,0.99% above/0.05% below/0.05% below,11.0%/0.47%/3.5%,-1.17%/-35.07%/-13.04%,"35.07%, 42.38%",5.1 months/11 days/1.9 month,7.9 months/0 days/2.2 months,-2.25%,3.17%,-5.42%,0.02,0.16,90.31%/320/1.5 month (Across ALL Assets),80.18%/757/1.6 month (Across ALL Assets),equity,1.14%,0.31%,1.16,0.82,38.3008,100.0%,-9.6,0
TRENDPULSE,"XIU.TO, Long, 2026-03-01 (Price: 49.71)",Weekly,2026-06-14 (Price: 51.75),52.0861 (Backtested Max),No Date Target,3.77%/29.92%,"4.43%, 3.9 months","2026-06-25 (Price: 51.91), 4.43% above",67.44 (Function Specific Target)/53.8646 (F-Stack 1)/79.5406 (F-Stack 2),2027-09-25 (Max)/2026-08-17 (Avg),35.35/27.9467/37.996/28.1885/No F-Track Level/No F-Track Level/44.14,"100.0%, Past 10 years, 17",49.56,No Information,No Information,No Information,No Information,No Information,4.72% above/4.43% above/4.43% above,4.78%/1.1%/3.1%,N/A,"0%, 32.4%",1.1 year/28 days/3.9 months,1.1 year/28 days/3.9 months,4.9%,4.74%,0.16%,1.7,0.24,88.72%/133/4.6 months (Across ALL Assets),77.24%/369/4.1 months (Across ALL Assets),equity_etf,3.10%,0.90%,0.21,-0.10,49.5703,-42.8%,13.6,80
TRENDPULSE,"XIU.TO, Long, 2025-11-30 (Price: 46.43)",Monthly,No Exit Yet,52.322 (Backtested Max),No Date Target,1.53%/3.77%,"11.8%, 6.9 months","2026-06-25 (Price: 51.91), 11.8% above",52.7027 (Historic Rise or Fall to Pivot)/67.39 (Function Specific Target)/53.8646 (F-Stack 1)/79.5406 (F-Stack 2),2027-08-17 (Max)/2026-09-30 (Avg),28.76/27.9467/37.996/28.1885/No F-Track Level/No F-Track Level/41.03,"100.0%, Past 20 years, 14",45.21,No Information,No Information,No Information,No Information,No Information,15.95% above/14.41% above/11.8% above,12.69%/2.94%/7.95%,N/A,"-0.0%, 19.49%",1.2 year/4 months/7 months,1.2 year/0 days/6.5 months,5.69%,4.39%,1.3%,2.04,0.21,93.94%/66/10.9 months (Across ALL Assets),72.82%/195/9.4 months (Across ALL Assets),equity_etf,7.95%,4.55%,0.38,-0.29,44.7693,-48.5%,18.3,76
TRENDPULSE,"FSF.NZ, Long, 2025-09-30 (Price: 8.35)",Monthly,No Exit Yet,No Price Target,2026-06-22 (Min),19.86%/20.16%,"-14.97%, 8.9 months","2026-06-25 (Price: 7.1), 14.97% below",10.4283 (Historic Rise or Fall to Pivot)/11.4036 (Avg % Gain of Historic Winning trades)/8.51 (Function Specific Target)/8.5311 (F-Stack 1)/12.0421 (F-Stack 2)/12.029 (Backtested Max)/10.7506 (Backtested Min),2027-09-28 (Max)/2026-10-30 (Avg),3.0/2.942/6.3611/No stop loss/No F-Track Level/No F-Track Level/6.05,"100.0%, Past 20 years, 7",7.37,No Information,No Information,No Information,No Information,No Information,14.97% below/10.13% below/14.97% below,44.06%/28.75%/36.57%,N/A,"-0.0%, 15.01%",1.4 year/6.1 months/9.1 months,1.4 year/0 days/6.5 months,14.08%,0.16%,13.92%,1.42,-0.11,93.94%/66/10.9 months (Across ALL Assets),72.82%/195/9.4 months (Across ALL Assets),equity,36.57%,36.45%,3.51,4.01,6.1755,100.0%,80.8,68
SIGMASHELL,"FSF.NZ, Long, 2026-05-04 (Price: 6.57)",Daily,No Exit Yet,No Price Target,2026-06-25 (Min),3.3%/9.44%,"8.07%, 1.7 month","2026-06-25 (Price: 7.1), 8.07% above",7.3341 (Avg % Gain of Historic Winning trades)/8.4284 (Function Specific Target)/8.4284 (F-Stack 1)/9.6034 (F-Stack 2)/7.77 (EMA 200)/8.3754 (Backtested Max),2027-01-02 (Max)/2026-10-16 (Avg),6.4/2.942/6.3611/No stop loss/No F-Track Level/No F-Track Level/No EMA 200 Stop Loss,"85.71%, Past 5 years, 14",6.561,"-10.0, 100.0%",No Information,No Information,No Information,No Information,No Information,27.48%/1.18%/11.63%,-0.87%/-3.66%/-2.27%,"3.66%, 28.57%",5.6 months/1.2 month/3.8 months,9.6 months/0 days/4.1 months,22.08%,0.18%,21.9%,0.89,-0.08,68.18%/44/3.8 months (Across ALL Assets),69.36%/297/3.8 months (Across ALL Assets),equity,9.64%,9.56%,1.18,0.32,6.5700,30.6%,44.8,80
FRACTAL TRACK,"NVDA, Long, 2026-04-19 (Price: 201.68)",Weekly,2026-06-25 (Price: 195.74),No Price Target,No Date Target,18.71%/20.43%,"-2.95%, 2.2 months","2026-06-25 (Price: 195.74), 2.95% below",235.7236 (Historic Rise or Fall to Pivot)/241.1689 (Avg % Gain of Historic Winning trades)/277.02 (Function Specific Target)/239.8943 (F-Stack 1)/283.6698 (F-Stack 2)/249.9622 (Backtested Max)/232.3555 (Backtested Min),2031-07-31 (Max)/2027-09-22 (Avg),167.52/13.9695/176.5924/152.8996/No F-Track Level/No F-Track Level/190.53,"100.0%, Past 20 years, 10",186.03,No Information,No Information,No Information,"38.2% (Price: 164.2223), 19.19% above, Upmove Bounce Back","2025-04-13 (Price: 86.62), 2025-11-02 (Price: 212.19)",No Information,23.94%/15.21%/19.58%,N/A,"-0.0%, 43.1%",3.7 years/21 days/1 year,3.7 years/0 days/10.9 months,12.26%,25.02%,-12.76%,1.84,1.04,89.09%/55/1.4 year (Across ALL Assets),61.63%/172/7.4 months (Across ALL Assets),equity,19.58%,-12.89%,7.36,5.13,201.6800,100.0%,4.5,87
DELTADRIFT,"MSFT, Long, 2026-06-12 (Price: 390.74)",Daily,No Exit Yet,No Price Target,2026-06-27 (Avg),14.35%/14.5%,"-9.7%, 13 days","2026-06-25 (Price: 352.83), 9.7% below",403.4781 (Historic Rise or Fall to Pivot)/404.494 (Avg % Gain of Historic Winning trades)/403.99 (Function Specific Target)/554.585 (Horizontal)/553.3726 (F-Stack 1)/615.9924 (F-Stack 2)/448.61 (EMA 200)/411.1757 (Backtested Max),2026-09-24 (Max)/2026-06-27 (Avg),390.34/216.39/386.873/350.287/No F-Track Level/No F-Track Level/No EMA 200 Stop Loss,"71.43%, Past 4 years, 14",391.43,No Information,No Information,No Information,No Information,No Information,No Information,5.23%/2.02%/3.52%,-6.0%/-8.2%/-7.09%,"8.2%, 14.53%",2.4 months/1 day/11 days,2.4 months/0 days/14 days,3.71%,5.12%,-1.41%,0.02,0.26,79.59%/196/16 days (Across ALL Assets),75.96%/570/16 days (Across ALL Assets),equity,0.49%,0.20%,4.88,20.60,390.7400,100.0%,2.5,0
DELTADRIFT,"AMZN, Long, 2026-06-09 (Price: 244.19)",Daily,No Exit Yet,No Price Target,2026-06-23 (Avg),9.71%/12.49%,"-7.04%, 16 days","2026-06-25 (Price: 227.01), 7.04% below",255.3739 (Historic Rise or Fall to Pivot)/257.2542 (Avg % Gain of Historic Winning trades)/256.31 (Function Specific Target)/317.6152 (F-Stack 1)/339.3352 (F-Stack 2)/270.5137 (Backtested Max)/249.0494 (Backtested Min),2026-07-16 (Max),199.34/86.995/231.81/213.1321/No F-Track Level/No F-Track Level/232.8,"80.0%, Past 4 years, 15",247.73,No Information,No Information,No Information,No Information,No Information,No Information,10.78%/1.99%/5.35%,-9.24%/-17.68%/-12.9%,"17.68%, 17.68%",26 days/2 days/10 days,1.3 month/0 days/12 days,6.68%,4.76%,1.92%,0.15,0.26,79.59%/196/16 days (Across ALL Assets),75.96%/570/16 days (Across ALL Assets),equity,1.70%,1.47%,0.88,2.45,244.1900,100.0%,47.6,0
DELTADRIFT,"BABA, Long, 2026-06-15 (Price: 112.55)",Daily,2026-06-23 (Price: 102.6),No Price Target,No Date Target,23.09%/26.41%,"-15.53%, 10 days","2026-06-25 (Price: 95.07), 15.53% below",125.043 (Historic Rise or Fall to Pivot)/120.1809 (Avg % Gain of Historic Winning trades)/122.61 (Function Specific Target)/181.595 (Horizontal)/399.1612 (F-Stack 1)/524.2534 (F-Stack 2)/148.48 (EMA 200)/126.3486 (Backtested Max)/117.0182 (Backtested Min),2026-08-06 (Max)/2026-07-05 (Avg),103.83/67.495/No F-Stack Support/No F-Stack Support/No F-Track Level/No F-Track Level/No EMA 200 Stop Loss,"85.71%, Past 4 years, 14",112.66,No Information,No Information,No Information,No Information,No Information,No Information,12.26%/3.97%/6.78%,-9.87%/-17.99%/-13.93%,"17.99%, 17.99%",1.2 month/1 day/14 days,1.8 month/0 days/15 days,12.56%,-9.07%,21.63%,0.39,-0.1,79.59%/196/16 days (Across ALL Assets),75.96%/570/16 days (Across ALL Assets),equity,3.82%,4.36%,0.23,0.91,112.5500,100.0%,76.2,0
OSCILLATOR DELTA,"RELIANCE.NS, Long, 2026-06-15 (Price: 1307.0)",Daily,2026-06-24 (Price: 1313.6),No Price Target,No Date Target,2.05%/3.91%,"0.85%, 10 days","2026-06-25 (Price: 1318.1), 0.85% above",1369.6053 (Historic Rise or Fall to Pivot)/1345.1644 (Avg % Gain of Historic Winning trades)/1489.98 (Function Specific Target)/1610.3 (Horizontal)/1879.7264 (F-Stack 1)/2065.5547 (F-Stack 2)/1421.12 (EMA 200)/1486.7125 (Backtested Max),2026-12-05 (Max)/2026-07-19 (Avg),No Recent Minima/1016.3918/1288.3015/1032.6763/No F-Track Level/No F-Track Level/No EMA 200 Stop Loss,"95.24%, Past 6 years, 21",1315.3,No Information,No Information,No Information,No Information,No Information,No Information,13.75%/0.08%/2.92%,-11.14%/-11.14%/-11.14%,"11.14%, 12.26%",4 months/2 days/24 days,4 months/0 days/25 days,10.52%,5.82%,4.7%,0.42,0.3,90.26%/154/25 days (Across ALL Assets),79.53%/513/25 days (Across ALL Assets),equity,2.25%,1.67%,1.29,1.19,1307.0000,70.9%,38.5,0
PULSEGAUGE,"ATD.TO, Long, 2023-11-29 (Price: 76.23)",Weekly,2026-06-23 (Price: 91.87),95.0969 (Avg % Gain of Historic Winning trades)/93.6409 (Backtested Min),No Date Target,2.75%/9.52%,"22.75%, 2.6 years","2026-06-25 (Price: 93.57), 22.75% above",96.14 (F-Stack 2)/102.476 (Backtested Max),2028-03-11 (Max),68.98/39.8362/59.8475/53.4732/No F-Track Level/No F-Track Level/No EMA 200 Stop Loss,"89.47%, Past 25 years, 19",79.2,No Information,No Information,No Information,No Information,No Information,No Information,34.43%/22.84%/24.75%,-34.5%/-35.58%/-35.04%,"35.58%, 43.13%",3 years/7 days/7.9 months,3 years/0 days/7.3 months,12.64%,14.04%,-1.4%,0.69,0.05,67.21%/61/6.6 months (Across ALL Assets),73.72%/331/5.3 months (Across ALL Assets),equity,18.45%,6.25%,0.94,0.21,76.2300,8.1%,23.4,87
DELTADRIFT,"EFN.TO, Long, 2026-06-07 (Price: 26.79)",Weekly,2026-06-25 (Price: 29.59),29.3511 (Historic Rise or Fall to Pivot)/29.82 (Function Specific Target),No Date Target,2.39%/10.7%,"10.45%, 18 days","2026-06-25 (Price: 29.59), 10.45% above",30.2968 (Avg % Gain of Historic Winning trades)/34.925 (Horizontal)/45.1741 (F-Stack 1)/70.5281 (F-Stack 2)/33.46 (EMA 200)/32.7561 (Backtested Max),2026-09-27 (Max)/2026-07-17 (Avg),21.35/12.67/No F-Stack Support/No F-Stack Support/No F-Track Level/No F-Track Level/No EMA 200 Stop Loss,"83.33%, Past 15 years, 6",26.92,No Information,No Information,No Information,No Information,No Information,No Information,22.27%/6.58%/13.09%,-43.16%/-43.16%/-43.16%,"43.16%, 45.87%",2.6 months/7 days/28 days,7.9 months/0 days/1.9 month,2.99%,9.0%,-6.01%,0.04,0.45,82.76%/29/1.6 month (Across ALL Assets),86.61%/127/2.1 months (Across ALL Assets),equity,3.71%,1.68%,0.47,0.10,26.7900,20.2%,3.8,0
DELTADRIFT,"NAUKRI.NS, Long, 2026-05-31 (Price: 995.0)",Weekly,No Exit Yet,No Price Target,2026-06-26 (Avg),8.44%/11.52%,"-1.62%, 25 days","2026-06-25 (Price: 978.85), 1.62% below",1419.1685 (Historic Rise or Fall to Pivot)/1091.6145 (Avg % Gain of Historic Winning trades)/1255.39 (Function Specific Target)/1483.595 (Horizontal)/2223.4618 (F-Stack 1)/2377.3661 (F-Stack 2)/1182.64 (EMA 200)/1111.7135 (Backtested Max)/1061.466 (Backtested Min),2026-07-22 (Max)/2026-06-26 (Avg),928.1/662.12/920.5126/832.4874/No F-Track Level/No F-Track Level/No EMA 200 Stop Loss,"80.0%, Past 15 years, 5",964.45,No Information,No Information,No Information,No Information,No Information,No Information,11.73%/6.68%/9.71%,-22.33%/-22.33%/-22.33%,"22.33%, 28.55%",1.2 month/7 days/18 days,8.4 months/0 days/2 months,3.62%,12.8%,-9.18%,0.05,0.62,82.76%/29/1.6 month (Across ALL Assets),86.61%/127/2.1 months (Across ALL Assets),equity,3.30%,0.25%,1.87,1.56,995.0000,100.0%,-1.6,0
PULSEGAUGE,"MEL.NZ, Long, 2026-04-28 (Price: 5.53)",Weekly,No Exit Yet,No Price Target,2026-06-23 (Min),11.53%/13.69%,"5.24%, 1.9 month","2026-06-25 (Price: 5.82), 5.24% above",6.6166 (Avg % Gain of Historic Winning trades)/7.4565 (Function Specific Target)/6.825 (Horizontal)/7.4565 (F-Stack 1)/8.4564 (F-Stack 2)/6.9484 (Backtested Max)/6.4911 (Backtested Min),2027-09-27 (Max)/2027-03-06 (Avg),5.35/4.3875/4.8318/4.5145/No F-Track Level/No F-Track Level/No EMA 200 Stop Loss,"85.71%, Past 12 years, 7",5.59,No Information,No Information,No Information,No Information,No Information,No Information,25.65%/17.38%/19.65%,-26.08%/-26.08%/-26.08%,"26.08%, 32.1%",11.9 months/1.3 month/7.2 months,11.9 months/0 days/5.3 months,7.79%,7.68%,0.11%,0.52,-0.12,67.21%/61/6.6 months (Across ALL Assets),73.72%/331/5.3 months (Across ALL Assets),equity,13.12%,8.27%,2.43,1.85,5.5300,73.3%,27.1,93
TRENDPULSE,"AIA.NZ, Long, 2026-02-23 (Price: 8.95)",Daily,2026-06-23 (Price: 8.36),No Price Target,No Date Target,9.64%/10.43%,"-5.59%, 4.1 months","2026-06-25 (Price: 8.45), 5.59% below",9.3313 (Historic Rise or Fall to Pivot)/9.265 (Avg % Gain of Historic Winning trades)/9.82 (Function Specific Target)/11.1706 (F-Stack 1)/12.8535 (F-Stack 2)/9.5854 (Backtested Max),2026-09-15 (Max),8.13/7.0017/7.3934/6.6643/No F-Track Level/No F-Track Level/7.94,"91.67%, Past 4 years, 36",8.85,No Information,No Information,No Information,No Information,No Information,4.84% below/5.59% below/5.59% below,7.1%/0.39%/3.52%,-3.83%/-6.37%/-5.35%,"6.37%, 18.81%",4.7 months/7 days/1.1 month,11.9 months/0 days/1.6 month,10.06%,3.03%,7.03%,0.58,0.11,90.31%/320/1.5 month (Across ALL Assets),80.18%/757/1.6 month (Across ALL Assets),equity,2.78%,2.20%,0.93,2.22,8.0599,100.0%,31.8,20
TRENDPULSE,"BYD.TO, Long, 2023-12-31 (Price: 278.49)",Monthly,2026-06-25 (Price: 135.27),No Price Target,No Date Target,150.51%/171.5%,"-51.43%, 2.5 years","2026-06-25 (Price: 135.27), 51.43% below",408.6841 (Historic Rise or Fall to Pivot)/367.2583 (F-Stack 2)/338.8666 (Backtested Max),No Next Date Target,138.66/166.48/229.0045/147.1212/No F-Track Level/No F-Track Level/241.57,"93.75%, Past 20 years, 16",258.84,No Information,No Information,No Information,No Information,No Information,47.72% below/51.43% below/51.43% below,21.68%/5.8%/10.46%,-53.77%/-53.77%/-53.77%,"53.77%, 59.58%",1.1 year/5.1 months/9.9 months,2.5 years/0 days/9.9 months,12.45%,8.21%,4.24%,0.12,0.41,93.94%/66/10.9 months (Across ALL Assets),72.82%/195/9.4 months (Across ALL Assets),equity,6.45%,-3.23%,N/A,N/A,91.5719,100.0%,8.9,92
PULSEGAUGE,"EBO.NZ, Long, 2026-04-23 (Price: 21.21)",Weekly,No Exit Yet,No Price Target,2026-06-22 (Min),5.94%/18.52%,"-3.63%, 2.1 months","2026-06-25 (Price: 20.44), 3.63% below",21.6533 (Historic Rise or Fall to Pivot)/24.453 (Avg % Gain of Historic Winning trades)/51.6772 (Function Specific Target)/46.625 (Horizontal)/51.6772 (F-Stack 1)/55.325 (F-Stack 2)/25.23 (EMA 200)/24.7436 (Backtested Max)/24.2261 (Backtested Min),2028-08-04 (Max)/2027-04-01 (Avg),No Recent Minima/No Horizontal Support/19.4238/18.0692/No F-Track Level/No F-Track Level/No EMA 200 Stop Loss,"76.47%, Past 25 years, 17",22.23,No Information,No Information,No Information,No Information,No Information,No Information,16.66%/14.22%/15.29%,-20.57%/-22.77%/-21.86%,"22.77%, 29.62%",1.6 year/1.4 month/7.9 months,1.6 year/0 days/7.7 months,5.08%,6.36%,-1.28%,0.21,-0.22,67.21%/61/6.6 months (Across ALL Assets),73.72%/331/5.3 months (Across ALL Assets),equity,6.55%,0.72%,3.08,5.11,21.2100,100.0%,2.4,87
SIGMASHELL,"SUM.NZ, Long, 2026-05-01 (Price: 8.2)",Daily,No Exit Yet,No Price Target,2026-06-26 (Min),6.69%/20.68%,"2.93%, 1.8 month","2026-06-25 (Price: 8.44), 2.93% above",9.0044 (Avg % Gain of Historic Winning trades)/16.1691 (Function Specific Target)/12.6867 (Horizontal)/16.1691 (F-Stack 1)/19.8479 (F-Stack 2)/10.43 (EMA 200)/10.1852 (Backtested Max),2026-12-25 (Max)/2026-06-26 (Min)/2026-08-17 (Avg),7.99/No Horizontal Support/No F-Stack Support/No F-Stack Support/No F-Track Level/No F-Track Level/No EMA 200 Stop Loss,"73.33%, Past 5 years, 15",8.16,"-15.41, 61.37%",No Information,No Information,No Information,No Information,No Information,24.21%/0.1%/9.81%,-5.59%/-25.59%/-14.12%,"25.59%, 38.29%",5.5 months/1.3 month/2.5 months,1.5 year/0 days/3.7 months,0.05%,8.98%,-8.93%,0.03,0.49,68.18%/44/3.8 months (Across ALL Assets),69.36%/297/3.8 months (Across ALL Assets),equity,3.43%,-0.53%,1.84,1.16,8.2000,70.2%,-8.0,80
TRENDPULSE,"ASHR, Long, 2026-01-31 (Price: 33.44)",Monthly,No Exit Yet,36.8676 (Historic Rise or Fall to Pivot),No Date Target,6.51%/8.88%,"9.72%, 4.8 months","2026-06-25 (Price: 36.69), 9.72% above",40.3253 (Avg % Gain of Historic Winning trades)/41.23 (Function Specific Target)/39.9467 (Horizontal)/60.2967 (F-Stack 1)/80.3432 (F-Stack 2)/40.9473 (Backtested Max)/39.078 (Backtested Min),2026-10-23 (Max)/2026-10-18 (Min)/2026-10-23 (Max),25.82/23.68/No F-Stack Support/No F-Stack Support/No F-Track Level/No F-Track Level/30.41,"100.0%, Past 20 years, 5",33.26,No Information,No Information,No Information,No Information,No Information,11.69% above/10.11% above/9.72% above,22.45%/16.86%/20.59%,N/A,"-0.0%, 12.65%",6.1 months/6 months/6.1 months,6.1 months/0 days/3.6 months,6.81%,1.91%,4.9%,1.07,0.06,93.94%/66/10.9 months (Across ALL Assets),72.82%/195/9.4 months (Across ALL Assets),equity_etf,20.59%,19.77%,1.20,0.54,32.8499,52.8%,62.1,84
TRENDPULSE,"BBTC.NS, Long, 2026-05-14 (Price: 1537.9)",Daily,2026-06-25 (Price: 1556.7),No Price Target,No Date Target,2.87%/6.6%,"1.22%, 1.4 month","2026-06-25 (Price: 1556.7), 1.22% above",1601.4153 (Historic Rise or Fall to Pivot)/1659.3941 (Avg % Gain of Historic Winning trades)/1756.96 (Function Specific Target)/2145.0 (Horizontal)/3412.111 (F-Stack 1)/3761.7441 (F-Stack 2)/1773.69 (EMA 200)/1765.2016 (Backtested Max),2026-11-21 (Max)/2026-07-31 (Avg),1465.6/846.25/1057.7422/973.2526/No F-Track Level/No F-Track Level/No EMA 200 Stop Loss,"91.3%, Past 4 years, 23",1532.5,No Information,No Information,No Information,No Information,No Information,6.22% above/1.22% above/1.22% above,14.78%/0.49%/7.9%,-13.42%/-13.42%/-13.42%,"13.42%, 27.11%",4.4 months/7 days/1.8 month,7.7 months/0 days/2 months,12.03%,4.38%,7.65%,0.5,0.26,90.31%/320/1.5 month (Across ALL Assets),80.18%/757/1.6 month (Across ALL Assets),equity,6.05%,5.00%,1.35,1.06,1465.5432,84.5%,44.6,80
TRENDPULSE,"BEL.NS, Long, 2026-06-18 (Price: 428.6)",Daily,No Exit Yet,No Price Target,2026-06-23 (Min),6.42%/6.46%,"-4.99%, 7 days","2026-06-25 (Price: 407.2), 4.99% below",465.9311 (Historic Rise or Fall to Pivot)/453.2874 (Avg % Gain of Historic Winning trades)/455.51 (Function Specific Target)/433.5 (Horizontal)/456.8119 (F-Stack 1)/613.9011 (F-Stack 2)/520.4061 (Backtested Max)/433.3575 (Backtested Min),2026-11-12 (Max)/2026-07-31 (Avg),402.3/61.7416/382.9941/287.8162/No F-Track Level/No F-Track Level/418.33,"100.0%, Past 4 years, 28",422.5,No Information,No Information,No Information,No Information,No Information,3.01% below/4.99% below/4.99% below,21.42%/1.11%/5.76%,N/A,"-0.0%, 22.01%",3.4 months/4 days/1 month,3.4 months/0 days/29 days,27.61%,37.89%,-10.28%,0.99,1.93,90.31%/320/1.5 month (Across ALL Assets),80.18%/757/1.6 month (Across ALL Assets),equity,5.76%,1.40%,4.79,8.09,395.3014,100.0%,44.8,0
DELTADRIFT,"NZDUSD=X, Long, 2026-06-25 (Price: 0.5647)",Daily,No Exit Yet,No Price Target,2026-06-26 (Min),0.9%/0.94%,"0.0%, 0 days","2026-06-25 (Price: 0.5647), 0.0% below",0.577 (Historic Rise or Fall to Pivot)/0.572 (Avg % Gain of Historic Winning trades)/0.57 (Function Specific Target)/0.714 (Horizontal)/0.58 (EMA 200)/0.5767 (Backtested Max)/0.5698 (Backtested Min),2026-10-15 (Max)/2026-06-26 (Min)/2026-07-26 (Avg),0.56/0.5528/No F-Stack Support/No F-Stack Support/No stop loss/No stop loss/No EMA 200 Stop Loss,"76.47%, Past 4 years, 17",0.565,No Information,No Information,No Information,No Information,No Information,No Information,2.12%/0.9%/1.3%,-2.05%/-4.65%/-3.03%,"4.65%, 5.12%",2.6 months/1 day/22 days,2.6 months/1 day/25 days,3.87%,-2.71%,6.58%,0.02,-0.75,79.59%/196/16 days (Across ALL Assets),75.96%/570/16 days (Across ALL Assets),currency,0.28%,0.55%,1.56,1.62,0.5647,100.0%,12.7,100
DELTADRIFT,"ZM, Long, 2026-06-23 (Price: 86.445)",Daily,No Exit Yet,No Price Target,2026-06-24 (Min),5.26%/7.76%,"-4.12%, 2 days","2026-06-25 (Price: 82.88), 4.12% below",91.4156 (Historic Rise or Fall to Pivot)/91.139 (Avg % Gain of Historic Winning trades)/91.28 (Function Specific Target)/96.845 (Horizontal)/87.24 (EMA 200)/93.5854 (Backtested Max)/89.315 (Backtested Min),2026-07-27 (Max)/2026-07-04 (Avg),84.34/55.345/80.6919/No stop loss/No F-Track Level/No F-Track Level/No EMA 200 Stop Loss,"73.33%, Past 4 years, 15",84.3,No Information,No Information,No Information,No Information,No Information,No Information,8.26%/3.32%/5.43%,-12.99%/-20.11%/-15.67%,"20.11%, 21.62%",24 days/1 day/8 days,1.2 month/1 day/12 days,0.93%,-18.57%,19.5%,-0.03,-0.5,79.59%/196/16 days (Across ALL Assets),75.96%/570/16 days (Across ALL Assets),equity,-0.20%,0.69%,2.06,2.74,86.4450,100.0%,13.6,60
DELTADRIFT,"CAD=X, Short, 2026-06-23 (Price: 1.4158)",Daily,No Exit Yet,No Price Target,2026-06-24 (Min),-12.34%/-3.06%,"-0.54%, 2 days","2026-06-25 (Price: 1.4235), 0.54% above",1.415 (Historic Rise or Fall to Pivot)/1.409 (Avg % Gain of Historic Winning trades)/1.41 (Function Specific Target)/1.2478 (Horizontal)/1.38 (EMA 200),2026-07-08 (Max)/2026-06-30 (Avg),1.42/No Horizontal Resistance/No Next Fib Ext/No Next Fib Ext/No F-Track Level/No F-Track Level/No EMA 200 Stop Loss,"85.71%, Past 4 years, 7",1.4157,No Information,No Information,No Information,No Information,No Information,No Information,0.9%/0.24%/0.48%,-1.05%/-1.05%/-1.05%,"1.05%, 2.05%",11 days/1 day/5 days,11 days/1 day/5 days,3.98%,3.82%,0.16%,0.33,-0.27,79.41%/34/4 days (Across ALL Assets),62.71%/118/6 days (Across ALL Assets),currency,0.26%,0.26%,N/A,N/A,1.4158,100.0%,41.3,60
