Function,"Symbol, Signal, Signal Date/Price[$]",Exit Signal Date/Price[$],Current Mark to Market and Holding Period,"Win Rate [%], History Tested, Number of Trades","Interval, Confirmation Status",Cancellation Level/Date,"Today Trading Date/Price[$], Today price vs Signal",Trading Days between Signal and Today Date,Signal Open Price,"Sigmashell, Success Rate of Past Analysis [%]","Divergence observed with, Signal Type",Maxima Broken Date/Price[$],"Track Level/Price($), Price on Latest Trading day vs Track Level, Signal Type","Reference Upmove or Downmove start Date/Price($), end Date/Price($)",% Change in Price on Latest Trading day vs Price on Trendpulse Breakout day/Earliest Unconfirmed Signal day/Confirmed Signal day,Backtested Returns(Win Trades) [%] (Max/Min/Avg),Backtested Returns (Lose Trades) [%] (Max/Min/Avg),"Backtested Max Loss [%], Backtested Worst Single MTM during Hold Period [%]",Backtested Holding Period(Win Trades) (days) (Max/Min/Avg),Backtested Holding Period (All Trades) (days) (Max/Min/Avg),Target Exit Date(Win Trades) (Max/Min/Avg),Backtested Strategy CAGR [%],CAGR of Buy and Hold [%],CAGR difference (Strategy - Buy and Hold) [%],Backtested Strategy Sharpe Ratio,Sharpe Ratio of Buy and Hold,Targets (Historic Rise or Fall to Pivot/Avg % Gain of Historic Winning trades/Function Specific Target/Horizontal/F-Stack 1/F-Stack 2/EMA 200) [$],Stop Loss (Recent Extrema/Horizontal/F-Stack 1/F-Stack 2/F-Track 1/F-Track 2/EMA 200) [$],Latest Past 6 Months Performance[%]/No. of Analysed Trades/Avg Holding Period (days) (Across ALL Assets),Forward Testing Win Rate[%]/No. of Analysed Trades/Avg Holding Period (days) (Across ALL Assets),Asset Class,Expected Return E[R] [%],Signal Alpha Per Trade [%],R:R Static,R:R Dynamic,Theoretical Entry Price [$],Reward Remaining [%],Signal Quality Composite Score,Timeliness Score,window_remaining_pct,tier,exit_fired,alpha_interpretation,er_annualized,signal_alpha_annualized,composite_score,timeliness_score,er,signal_alpha_per_trade,rr_static,fwd_wr,cagr_diff,direction,symbol,asset_class,avg_hold_days,days_elapsed
DELTADRIFT,"EURUSD=X, Long, 2026-06-25 (Price: 1.1375)",No Exit Yet,"0.0%, 0 days","73.33%, Past 4 years, 15","Daily, is CONFIRMED on 2026-06-25",Already confirmed,"2026-06-25 (Price: 1.1375), 0.0% below",0 days,1.1378,No Information,No Information,No Information,No Information,No Information,No Information,1.61%/0.52%/1.0%,-1.51%/-2.53%/-1.91%,"2.53%, 3.21%",1.8 month/1 day/16 days,1.8 month/1 day/20 days,2026-09-11/2026-06-26/2026-07-18,3.83%,-0.53%,4.36%,0.02,-0.66,1.1529/1.1489/1.15/1.1894/1.7416/2.0466/1.17,No stop loss/1.0207/No F-Stack Support/No F-Stack Support/No stop loss/No stop loss/No EMA 200 Stop Loss,79.59%/196/16 days (Across ALL Assets),75.96%/570/16 days (Across ALL Assets),currency,0.22%,0.27%,0.10,0.10,1.1375,100.0%,8.5,100,100.0,ok,True,neutral,,,8.54,100,0.2239,0.266,0.1,,4.36,,,currency,,
DELTADRIFT,"NZDUSD=X, Long, 2026-06-25 (Price: 0.5647)",No Exit Yet,"0.0%, 0 days","76.47%, Past 4 years, 17","Daily, is CONFIRMED on 2026-06-25",Already confirmed,"2026-06-25 (Price: 0.5647), 0.0% below",0 days,0.565,No Information,No Information,No Information,No Information,No Information,No Information,2.12%/0.9%/1.3%,-2.05%/-4.65%/-3.03%,"4.65%, 5.12%",2.6 months/1 day/22 days,2.6 months/1 day/25 days,2026-10-15/2026-06-26/2026-07-26,3.87%,-2.71%,6.58%,0.02,-0.75,0.577/0.572/0.57/0.714/No Next Fib Ext/No Next Fib Ext/0.58,0.56/0.5528/No F-Stack Support/No F-Stack Support/No stop loss/No stop loss/No EMA 200 Stop Loss,79.59%/196/16 days (Across ALL Assets),75.96%/570/16 days (Across ALL Assets),currency,0.28%,0.55%,1.56,1.62,0.5647,100.0%,12.7,100,100.0,ok,True,neutral,,,12.65,100,0.2812,0.55,1.56,,6.58,,,currency,,
DELTADRIFT,"BYDDY, Long, 2026-06-25 (Price: 9.67)",No Exit Yet,"0.0%, 0 days","75.0%, Past 4 years, 12","Daily, is CONFIRMED on 2026-06-25",Already confirmed,"2026-06-25 (Price: 9.67), 0.0% below",0 days,9.7,No Information,No Information,No Information,No Information,No Information,No Information,10.96%/3.25%/5.32%,-13.39%/-19.69%/-15.84%,"19.69%, 23.05%",24 days/5 days/11 days,2.4 months/5 days/16 days,2026-07-29/2026-07-02/2026-07-10,2.05%,1.12%,0.93%,-0.01,0.18,10.3073/10.1844/10.25/14.0754/17.1567/19.0613/12.67,9.6/7.1633/7.4613/6.9107/No stop loss/No stop loss/No EMA 200 Stop Loss,79.59%/196/16 days (Across ALL Assets),75.96%/570/16 days (Across ALL Assets),equity,0.03%,-0.04%,7.35,7.80,9.6700,100.0%,-2.2,100,100.0,watch,True,neutral,,,-2.25,100,0.03,-0.0411,7.35,,0.93,,,equity,,
TRENDPULSE,"JETS, Long, 2026-06-25 (Price: 32.98)",No Exit Yet,"0.0%, 0 days","78.26%, Past 4 years, 23","Daily, is CONFIRMED on 2026-06-25",Already confirmed,"2026-06-25 (Price: 32.98), 0.0% below",0 days,32.63,No Information,No Information,No Information,No Information,No Information,1.54% above/0.0% below/0.0% below,8.12%/0.83%/2.78%,-4.62%/-14.2%/-8.84%,"14.2%, 35.94%",1.4 month/6 days/17 days,6.3 months/6 days/1.6 month,2026-08-24/2026-07-03/2026-07-19,-11.96%,7.04%,-19.0%,-0.03,0.36,33.0031/33.8968/38.82/No Horizontal Resistance/36.0778/41.7471/No EMA 200 Target,27.25/14.732/32.5771/29.8678/No stop loss/No stop loss/26.89,90.31%/320/1.5 month (Across ALL Assets),80.18%/757/1.6 month (Across ALL Assets),equity_etf,0.25%,-1.09%,2.28,1.38,32.4798,100.0%,-15.5,100,100.0,watch,True,neutral,,,-15.49,100,0.2538,-1.0872,2.28,,-19.0,,,equity_etf,,
OSCILLATOR DELTA,"SFTBY, Long, 2026-06-25 (Price: 20.83)",No Exit Yet,"0.0%, 0 days","80.0%, Past 6 years, 25","Daily, is Confirmed on 2026-06-25",No Cancellation Possible,"2026-06-25 (Price: 20.83), 0.0% below",0 days,22.0,No Information,No Information,No Information,No Information,No Information,No Information,16.32%/0.15%/6.02%,-10.24%/-12.86%/-11.21%,"12.86%, 14.83%",28 days/2 days/12 days,1.1 month/2 days/14 days,2026-08-04/2026-06-27/2026-07-12,13.19%,16.21%,-3.02%,0.3,0.72,23.7774/22.084/23.12/No Horizontal Resistance/24.0279/27.667/No EMA 200 Target,No Recent Minima/4.205/16.241/14.7555/19.8001/16.9675/16.04,90.26%/154/25 days (Across ALL Assets),79.53%/513/25 days (Across ALL Assets),equity,2.57%,1.67%,1.22,2.42,20.8300,100.0%,47.8,100,100.0,tA,True,pass,,,47.76,100,2.574,1.6734,1.22,,-3.02,,,equity,,
TRENDPULSE,"PERSISTENT.NS, Long, 2026-06-24 (Price: 4928.5)",No Exit Yet,"-1.77%, 1 day","74.07%, Past 4 years, 27","Daily, is CONFIRMED on 2026-06-24",Already confirmed,"2026-06-25 (Price: 4841.5), 1.77% below",1 day,4847.5,No Information,No Information,No Information,No Information,No Information,0.1% above/1.77% below/1.77% below,13.99%/0.64%/5.18%,-5.14%/-22.32%/-10.37%,"22.32%, 34.03%",3.4 months/6 days/25 days,6.7 months/6 days/2.2 months,2026-11-18/2026-07-02/2026-07-30,10.24%,37.82%,-27.58%,0.06,1.82,5247.374/5183.7963/5930.8/6693.95/9957.5854/15965.083/5514.54,4811.0/1548.5125/3950.0879/2531.9096/No F-Track Level/No F-Track Level/No EMA 200 Stop Loss,90.31%/320/1.5 month (Across ALL Assets),80.18%/757/1.6 month (Across ALL Assets),equity,1.15%,-8.76%,8.22,8.43,4836.6633,100.0%,-28.3,80,98.48,watch,True,warn,,,-28.27,80,1.1479,-8.7573,8.22,,-27.58,,,equity,,
TRENDPULSE,"WCN.TO, Long, 2026-06-24 (Price: 236.88)",No Exit Yet,"-0.39%, 1 day","95.0%, Past 4 years, 20","Daily, is CONFIRMED on 2026-06-24",Already confirmed,"2026-06-25 (Price: 235.96), 0.39% below",1 day,226.89,No Information,No Information,No Information,No Information,No Information,4.2% above/0.39% below/0.39% below,8.84%/1.31%/3.21%,-4.81%/-4.81%/-4.81%,"4.81%, 17.86%",4.9 months/6 days/1.6 month,5.1 months/0 days/1.5 month,2027-01-22/2026-07-02/2026-09-01,10.67%,6.83%,3.84%,0.62,0.4,247.8239/244.4838/262.8/249.8667/326.6855/354.4788/No EMA 200 Target,205.74/148.255/223.3373/142.2872/No F-Track Level/No F-Track Level/230.38,90.31%/320/1.5 month (Across ALL Assets),80.18%/757/1.6 month (Across ALL Assets),equity,2.81%,1.59%,1.36,-0.32,226.4491,100.0%,29.5,80,97.78,best,True,pass,,,29.48,80,2.809,1.5894,1.36,,3.84,,,equity,,
OSCILLATOR DELTA,"WCN.TO, Long, 2026-06-24 (Price: 236.88)",No Exit Yet,"-0.39%, 1 day","90.0%, Past 6 years, 20","Daily, is Confirmed on 2026-06-24",No Cancellation Possible,"2026-06-25 (Price: 235.96), 0.39% below",1 day,226.89,No Information,No Information,No Information,No Information,No Information,No Information,7.19%/0.07%/2.17%,-10.02%/-10.68%/-10.35%,"10.68%, 12.26%",1.9 month/6 days/20 days,5.7 months/6 days/1.1 month,2026-09-14/2026-07-02/2026-07-22,4.92%,6.83%,-1.91%,0.13,0.4,249.6005/242.0203/303.21/249.8667/326.6855/354.4788/No EMA 200 Target,No Recent Minima/148.255/223.3373/142.2872/No F-Track Level/No F-Track Level/230.33,90.26%/154/25 days (Across ALL Assets),79.53%/513/25 days (Across ALL Assets),equity,0.92%,0.02%,0.91,-0.74,236.8800,100.0%,-0.4,80,96.97,watch,True,neutral,,,-0.38,80,0.918,0.0236,0.91,,-1.91,,,equity,,
TRENDPULSE,"NVO, Long, 2026-06-23 (Price: 47.42)",No Exit Yet,"0.46%, 2 days","85.71%, Past 4 years, 14","Daily, is CONFIRMED on 2026-06-23",Already confirmed,"2026-06-25 (Price: 47.64), 0.46% above",2 days,46.8,No Information,No Information,No Information,No Information,No Information,3.84% above/0.46% above/0.46% above,9.26%/2.25%/5.18%,-15.27%/-19.24%/-17.26%,"19.24%, 37.28%",1.6 month/7 days/17 days,5.8 months/7 days/1.2 month,2026-08-31/2026-07-03/2026-07-17,5.87%,2.84%,3.03%,0.18,0.19,49.5871/49.8764/62.02/139.01/157.4212/211.8775/48.05,41.02/45.4025/45.3824/37.3162/No F-Track Level/No F-Track Level/No EMA 200 Stop Loss,90.31%/320/1.5 month (Across ALL Assets),80.18%/757/1.6 month (Across ALL Assets),equity,1.97%,1.57%,1.10,0.71,45.8783,91.0%,21.6,60,94.44,best,True,pass,,,21.61,60,1.9733,1.5676,1.1,,3.03,,,equity,,
OSCILLATOR DELTA,"^BVSP, Long, 2026-06-23 (Price: 171258.875)",No Exit Yet,"0.43%, 2 days","88.24%, Past 6 years, 17","Daily, is Confirmed on 2026-06-23",No Cancellation Possible,"2026-06-25 (Price: 171990.2031), 0.43% above",2 days,170367.4062,No Information,No Information,No Information,No Information,No Information,No Information,12.47%/0.77%/3.72%,-11.08%/-11.51%/-11.3%,"11.51%, 11.76%",1.4 month/7 days/23 days,1.9 month/0 days/25 days,2026-08-22/2026-07-03/2026-07-26,7.79%,6.85%,0.94%,0.25,0.41,178691.5102/177629.7051/190097.35/No Horizontal Resistance/192289.6/275648.698/No EMA 200 Target,No Recent Minima/96132.0/121313.6/110617.73/No F-Track Level/No F-Track Level/168209.16,90.26%/154/25 days (Across ALL Assets),79.53%/513/25 days (Across ALL Assets),index,1.95%,1.27%,1.69,1.25,171258.8750,88.5%,26.4,60,92.0,best,True,pass,,,26.36,60,1.9536,1.274,1.69,,0.94,,,index,,
OSCILLATOR DELTA,"BTI, Long, 2026-06-23 (Price: 60.74)",No Exit Yet,"2.86%, 2 days","94.74%, Past 6 years, 19","Daily, is Confirmed on 2026-06-23",No Cancellation Possible,"2026-06-25 (Price: 62.48), 2.86% above",2 days,60.36,No Information,No Information,No Information,No Information,No Information,No Information,14.51%/0.09%/3.91%,-11.01%/-11.01%/-11.01%,"11.01%, 12.8%",4.8 months/4 days/1 month,4.8 months/4 days/1.1 month,2027-01-17/2026-06-28/2026-08-05,12.76%,4.71%,8.05%,0.57,0.23,66.9294/63.1149/69.85/No Horizontal Resistance/82.226/92.0468/No EMA 200 Target,No Recent Minima/28.5067/52.4418/49.3734/No F-Track Level/No F-Track Level/57.66,90.26%/154/25 days (Across ALL Assets),79.53%/513/25 days (Across ALL Assets),equity,3.13%,2.51%,0.51,0.05,60.7400,26.7%,43.3,60,93.94,best,True,pass,,,43.33,60,3.1252,2.5084,0.51,,8.05,,,equity,,
OSCILLATOR DELTA,"NAUKRI.NS, Long, 2026-06-23 (Price: 1011.6)",No Exit Yet,"-3.24%, 2 days","82.35%, Past 6 years, 17","Daily, is Confirmed on 2026-06-23",No Cancellation Possible,"2026-06-25 (Price: 978.85), 3.24% below",2 days,1010.0,No Information,No Information,No Information,No Information,No Information,No Information,12.76%/0.42%/5.85%,-10.2%/-11.15%/-10.82%,"11.15%, 13.62%",2.4 months/4 days/20 days,2.4 months/4 days/19 days,2026-10-05/2026-06-28/2026-07-21,11.39%,6.93%,4.46%,0.37,0.36,1096.4732/1070.7786/1062.18/1483.595/2223.4618/2377.3661/1182.64,No Recent Minima/662.12/920.5126/832.4874/No F-Track Level/No F-Track Level/No EMA 200 Stop Loss,90.26%/154/25 days (Across ALL Assets),79.53%/513/25 days (Across ALL Assets),equity,2.91%,2.39%,0.98,1.55,1011.6000,100.0%,58.3,60,89.47,best,True,pass,,,58.28,60,2.9077,2.3852,0.98,,4.46,,,equity,,
DELTADRIFT,"ZM, Long, 2026-06-23 (Price: 86.445)",No Exit Yet,"-4.12%, 2 days","73.33%, Past 4 years, 15","Daily, was CONFIRMED on 2026-06-23",Already confirmed,"2026-06-25 (Price: 82.88), 4.12% below",2 days,84.3,No Information,No Information,No Information,No Information,No Information,No Information,8.26%/3.32%/5.43%,-12.99%/-20.11%/-15.67%,"20.11%, 21.62%",24 days/1 day/8 days,1.2 month/1 day/12 days,2026-07-27/2026-06-24/2026-07-04,0.93%,-18.57%,19.5%,-0.03,-0.5,91.4156/91.139/91.28/96.845/No Next Fib Ext/No Next Fib Ext/87.24,84.34/55.345/80.6919/No stop loss/No F-Track Level/No F-Track Level/No EMA 200 Stop Loss,79.59%/196/16 days (Across ALL Assets),75.96%/570/16 days (Across ALL Assets),equity,-0.20%,0.69%,2.06,2.74,86.4450,100.0%,13.6,60,83.33,ok,True,neutral,,,13.61,60,-0.1974,0.6869,2.06,,19.5,,,equity,,
TRENDPULSE,"BBD-B.TO, Long, 2026-06-22 (Price: 315.05)",No Exit Yet,"0.87%, 3 days","85.71%, Past 4 years, 21","Daily, is CONFIRMED on 2026-06-22",Already confirmed,"2026-06-25 (Price: 317.79), 0.87% above",3 days,312.81,No Information,No Information,No Information,No Information,No Information,0.87% above/0.87% above/0.87% above,12.21%/1.21%/5.93%,-3.23%/-20.19%/-14.54%,"20.19%, 66.64%",3.7 months/6 days/1.1 month,6.7 months/6 days/1.8 month,2026-11-29/2026-06-30/2026-08-08,-6.76%,46.7%,-53.46%,0.27,1.75,388.5512/333.7325/493.73/No Horizontal Resistance/675.785/850.042/No EMA 200 Target,301.57/53.275/288.2895/273.2675/No F-Track Level/No F-Track Level/240.87,90.31%/320/1.5 month (Across ALL Assets),80.18%/757/1.6 month (Across ALL Assets),equity,3.00%,-7.00%,1.16,0.84,315.0491,85.3%,-17.3,40,94.44,watch,True,warn,,,-17.34,40,3.0048,-7.0023,1.16,,-53.46,,,equity,,
OSCILLATOR DELTA,"DBC, Long, 2026-06-22 (Price: 27.41)",No Exit Yet,"-1.75%, 3 days","81.25%, Past 6 years, 16","Daily, is Confirmed on 2026-06-22",No Cancellation Possible,"2026-06-25 (Price: 26.93), 1.75% below",3 days,27.51,No Information,No Information,No Information,No Information,No Information,No Information,8.2%/0.16%/2.81%,-10.06%/-10.93%/-10.58%,"10.93%, 12.27%",3.9 months/3 days/23 days,5.3 months/3 days/1.2 month,2026-12-08/2026-06-26/2026-07-25,3.11%,9.73%,-6.62%,-0.01,0.62,29.3506/28.1802/28.78/28.58/61.3269/86.3141/No EMA 200 Target,No Recent Minima/20.84/22.4363/No stop loss/No F-Track Level/No F-Track Level/25.54,90.26%/154/25 days (Across ALL Assets),79.53%/513/25 days (Across ALL Assets),commodity_etf,0.30%,-1.09%,0.54,0.97,27.4100,100.0%,-9.8,40,91.67,watch,True,neutral,,,-9.82,40,0.2994,-1.0906,0.54,,-6.62,,,commodity_etf,,
OSCILLATOR DELTA,"MCY.NZ, Long, 2026-06-22 (Price: 6.89)",No Exit Yet,"-0.87%, 3 days","91.3%, Past 6 years, 23","Daily, is Confirmed on 2026-06-22",No Cancellation Possible,"2026-06-25 (Price: 6.83), 0.87% below",3 days,6.94,No Information,No Information,No Information,No Information,No Information,No Information,10.44%/0.07%/2.64%,-10.05%/-11.21%/-10.63%,"11.21%, 12.74%",3 months/4 days/24 days,3 months/4 days/27 days,2026-10-30/2026-06-27/2026-07-26,8.21%,4.61%,3.6%,0.25,0.23,7.3089/7.0719/7.23/7.072/7.8394/8.9737/No EMA 200 Target,No Recent Minima/5.13/6.4223/5.8309/No F-Track Level/No F-Track Level/6.56,90.26%/154/25 days (Across ALL Assets),79.53%/513/25 days (Across ALL Assets),equity,1.49%,0.99%,0.67,1.09,6.8900,100.0%,22.8,40,88.89,best,True,neutral,,,22.77,40,1.4855,0.9916,0.67,,3.6,,,equity,,
DELTADRIFT,"XLE, Long, 2026-06-22 (Price: 54.06)",No Exit Yet,"0.06%, 3 days","100.0%, Past 4 years, 13","Daily, was CONFIRMED on 2026-06-22",Already confirmed,"2026-06-25 (Price: 54.09), 0.06% above",3 days,53.53,No Information,No Information,No Information,No Information,No Information,No Information,4.81%/1.81%/3.0%,N/A,"0%, 11.71%",2.2 months/1 day/20 days,2.2 months/1 day/20 days,2026-09-25/2026-06-23/2026-07-20,13.97%,10.0%,3.97%,3.32,0.54,57.6712/55.6818/56.68/No Horizontal Resistance/63.4977/77.4405/No EMA 200 Target,53.77/37.6833/53.7738/37.4998/No F-Track Level/No F-Track Level/51.11,79.59%/196/16 days (Across ALL Assets),75.96%/570/16 days (Across ALL Assets),equity,3.00%,2.21%,5.13,3.31,54.0600,98.2%,61.6,40,85.0,tA,True,pass,,,61.62,40,3.0,2.2063,5.13,,3.97,,,equity,,
DELTADRIFT,"IMO.TO, Long, 2026-06-22 (Price: 161.61)",No Exit Yet,"-0.43%, 3 days","84.62%, Past 4 years, 13","Daily, was CONFIRMED on 2026-06-22",Already confirmed,"2026-06-25 (Price: 160.92), 0.43% below",3 days,159.13,No Information,No Information,No Information,No Information,No Information,No Information,6.75%/2.89%/4.81%,-8.07%/-9.11%/-8.59%,"9.11%, 9.29%",21 days/2 days/12 days,21 days/2 days/11 days,2026-07-22/2026-06-24/2026-07-09,10.84%,21.26%,-10.42%,0.51,1.11,182.0698/169.3834/175.73/No Horizontal Resistance/191.1726/226.9244/No EMA 200 Target,158.2/60.8067/143.048/130.9032/No F-Track Level/No F-Track Level/149.43,79.59%/196/16 days (Across ALL Assets),75.96%/570/16 days (Across ALL Assets),equity,2.75%,1.82%,2.85,2.16,161.6100,100.0%,56.0,40,72.73,tA,True,pass,,,55.98,40,2.7491,1.8211,2.85,,-10.42,,,equity,,
TRENDPULSE,"BNS.TO, Long, 2026-06-21 (Price: 123.48)",No Exit Yet,"-0.74%, 4 days","95.83%, Past 10 years, 24","Weekly, is CONFIRMED on 2026-06-19",Already confirmed,"2026-06-25 (Price: 122.57), 0.74% below",4 days,118.0,No Information,No Information,No Information,No Information,No Information,9.09% above/0.74% below/0.74% below,12.4%/0.79%/6.14%,-1.93%/-1.93%/-1.93%,"1.93%, 33.13%",1.1 year/28 days/3.5 months,1.1 year/0 days/3.1 months,2028-01-15/2026-07-31/2026-11-20,7.54%,3.58%,3.96%,0.75,0.13,129.4688/131.0617/159.09/No Horizontal Resistance/No Target/135.0336/No EMA 200 Target,93.61/62.2517/94.4218/69.3218/No F-Track Level/No F-Track Level/99.65,88.72%/133/4.6 months (Across ALL Assets),77.24%/369/4.1 months (Across ALL Assets),equity,5.80%,4.48%,0.33,0.12,112.3568,100.0%,33.2,73,95.7,best,True,pass,,,33.25,73,5.8035,4.4823,0.33,,3.96,,,equity,,
TRENDPULSE,"TLT, Long, 2026-06-21 (Price: 86.75)",No Exit Yet,"0.69%, 4 days","86.67%, Past 10 years, 30","Weekly, is CONFIRMED on 2026-06-19",Already confirmed,"2026-06-25 (Price: 87.35), 0.69% above",4 days,85.96,No Information,No Information,No Information,No Information,No Information,1.84% above/1.35% above/0.69% above,15.02%/0.97%/7.14%,-11.72%/-12.07%/-11.88%,"12.07%, 46.07%",9.8 months/1.2 month/4.1 months,1.9 year/0 days/4.1 months,2027-08-20/2026-08-12/2026-12-14,0.56%,-0.36%,0.92%,-0.08,-0.28,87.2011/92.9439/124.04/153.455/188.2386/214.0466/87.92,83.66/83.3033/No F-Stack Support/No F-Stack Support/No F-Track Level/No F-Track Level/No EMA 200 Stop Loss,88.72%/133/4.6 months (Across ALL Assets),77.24%/369/4.1 months (Across ALL Assets),bond_etf,4.60%,4.78%,1.69,1.29,85.7718,90.3%,25.4,73,96.72,best,True,pass,,,25.41,73,4.6046,4.7789,1.69,,0.92,,,bond_etf,,
TRENDPULSE,"JPM, Long, 2026-06-21 (Price: 325.22)",No Exit Yet,"3.04%, 4 days","95.65%, Past 10 years, 23","Weekly, is CONFIRMED on 2026-06-19",Already confirmed,"2026-06-25 (Price: 335.12), 3.04% above",4 days,323.92,No Information,No Information,No Information,No Information,No Information,4.49% above/3.04% above/3.04% above,20.52%/2.53%/10.43%,-21.22%/-21.22%/-21.22%,"21.22%, 39.99%",1.5 year/1.2 month/4.8 months,1.5 year/0 days/5.1 months,2028-08-11/2026-08-12/2027-01-15,11.02%,10.07%,0.95%,0.83,0.54,352.7336/359.1404/332.44/No Horizontal Resistance/328.9175/381.492/No EMA 200 Target,282.84/125.7575/300.9735/287.5071/No F-Track Level/No F-Track Level/307.1,88.72%/133/4.6 months (Across ALL Assets),77.24%/369/4.1 months (Across ALL Assets),equity,9.05%,2.94%,1.25,0.81,320.7197,70.8%,23.6,73,97.39,best,True,pass,,,23.59,73,9.0532,2.9393,1.25,,0.95,,,equity,,
TRENDPULSE,"NOVA.F, Long, 2026-06-21 (Price: 39.2)",No Exit Yet,"6.17%, 4 days","100.0%, Past 10 years, 19","Weekly, is CONFIRMED on 2026-06-19",Already confirmed,"2026-06-25 (Price: 41.62), 6.17% above",4 days,39.0,No Information,No Information,No Information,No Information,No Information,9.3% above/6.17% above/6.17% above,21.94%/2.36%/11.39%,N/A,"-0.0%, 9.84%",4.7 months/1.2 month/2.4 months,4.7 months/0 days/1.9 month,2027-01-11/2026-08-12/2026-10-03,13.6%,7.27%,6.33%,1.17,0.38,45.5896/43.6649/48.56/126.5/138.0871/146.706/41.15,31.2/No Horizontal Support/33.7767/28.7825/No F-Track Level/No F-Track Level/No EMA 200 Stop Loss,88.72%/133/4.6 months (Across ALL Assets),77.24%/369/4.1 months (Across ALL Assets),equity,11.39%,9.75%,0.60,0.23,38.0787,45.8%,81.9,73,92.98,best,True,pass,,,81.94,73,11.39,9.7456,0.6,,6.33,,,equity,,
TRENDPULSE,"WFG.TO, Long, 2026-06-21 (Price: 97.37)",No Exit Yet,"1.86%, 4 days","88.0%, Past 10 years, 25","Weekly, is CONFIRMED on 2026-06-19",Already confirmed,"2026-06-25 (Price: 99.18), 1.86% above",4 days,97.22,No Information,No Information,No Information,No Information,No Information,2.76% above/1.86% above/1.86% above,23.3%/4.35%/14.15%,-7.37%/-12.12%/-10.53%,"12.12%, 61.12%",6.5 months/1.2 month/3.2 months,2.3 years/0 days/4.7 months,2027-03-30/2026-08-12/2026-11-07,13.07%,6.3%,6.77%,0.5,0.34,100.9045/111.1479/123.71/131.52/170.6139/181.1797/No EMA 200 Target,81.57/80.9467/80.1487/76.1079/No F-Track Level/No F-Track Level/90.71,88.72%/133/4.6 months (Across ALL Assets),77.24%/369/4.1 months (Across ALL Assets),equity,11.19%,7.66%,1.66,1.39,96.5162,86.9%,36.3,73,97.16,best,True,pass,,,36.27,73,11.1884,7.6634,1.66,,6.77,,,equity,,
FRACTAL TRACK,"BTC-USD, Long, 2026-06-21 (Price: 63237.5391)",No Exit Yet,"-3.53%, 4 days","85.71%, Past 11 years, 7","Weekly, was CONFIRMED on 2026-06-21",Already confirmed,"2026-06-25 (Price: 61003.1094), 3.53% below",4 days,65710.0938,No Information,No Information,No Information,"88.6% (Price: 57907.9971), 5.34% above, Upmove Bounce Back","2024-08-11 (Price: 49121.2383), 2025-10-12 (Price: 126198.0703)",No Information,23.7%/15.62%/20.0%,-5.43%/-5.43%/-5.43%,"5.43%, 65.2%",2 years/14 days/6.6 months,2 years/0 days/4 months,2029-04-28/2026-07-11/2027-04-03,15.82%,35.1%,-19.28%,0.85,1.3,No Target/75885.0469/109483.64/124582.2656/128961.5315/139224.439/77679.6,61579.05/18304.4229/57447.2152/51395.9501/No F-Track Level/No F-Track Level/No EMA 200 Stop Loss,89.09%/55/1.4 year (Across ALL Assets),61.63%/172/7.4 months (Across ALL Assets),crypto,16.37%,-0.35%,3.43,5.02,63237.5391,100.0%,2.2,73,96.67,ok,True,neutral,,,2.18,73,16.3661,-0.3482,3.43,,-19.28,,,crypto,,
FRACTAL TRACK,"XLU, Long, 2026-06-21 (Price: 44.76)",No Exit Yet,"2.44%, 4 days","100.0%, Past 20 years, 23","Weekly, was CONFIRMED on 2026-06-21",Already confirmed,"2026-06-25 (Price: 45.85), 2.44% above",4 days,44.48,No Information,No Information,No Information,"38.2% (Price: 43.1052), 6.37% above, Upmove Bounce Back","2025-04-13 (Price: 35.51), 2026-03-01 (Price: 47.8)",No Information,18.94%/4.73%/14.11%,N/A,"-0.0%, 43.89%",6.8 years/4.2 months/1.5 year,6.8 years/0 days/1.4 year,2036-03-05/2026-12-20/2028-08-11,9.74%,3.63%,6.11%,1.27,0.14,45.9551/51.0756/52.13/47.3425/49.4858/65.2454/No EMA 200 Target,43.87/29.8725/43.7042/35.4254/No F-Track Level/No F-Track Level/44.62,89.09%/55/1.4 year (Across ALL Assets),61.63%/172/7.4 months (Across ALL Assets),equity_etf,14.11%,6.86%,5.26,3.99,44.7600,82.7%,18.4,73,99.2,ok,True,pass,,,18.35,73,14.11,6.8644,5.26,,6.11,,,equity_etf,,
FRACTAL TRACK,"XLF, Long, 2026-06-21 (Price: 53.57)",No Exit Yet,"-0.22%, 4 days","100.0%, Past 20 years, 19","Weekly, was CONFIRMED on 2026-06-21",Already confirmed,"2026-06-25 (Price: 53.45), 0.22% below",4 days,53.76,No Information,No Information,No Information,"23.66% (Price: 50.1484), 6.58% above, Upmove Bounce Back","2022-10-16 (Price: 29.59), 2026-01-11 (Price: 56.52)",No Information,18.9%/6.5%/15.52%,N/A,"-0.0%, 39.33%",2.9 years/2.1 months/1.1 year,2.9 years/0 days/1 year,2030-08-11/2026-09-20/2028-01-15,11.04%,2.52%,8.52%,2.08,0.11,58.7984/61.8841/69.73/No Horizontal Resistance/70.6138/110.4396/No EMA 200 Target,47.81/30.1167/45.9996/No stop loss/No F-Track Level/No F-Track Level/52.56,89.09%/55/1.4 year (Across ALL Assets),61.63%/172/7.4 months (Across ALL Assets),equity_etf,15.52%,11.92%,9.32,9.72,53.5700,100.0%,24.4,73,98.89,best,True,pass,,,24.42,73,15.52,11.92,9.32,,8.52,,,equity_etf,,
FRACTAL TRACK,"BTI, Long, 2026-06-21 (Price: 58.91)",No Exit Yet,"6.06%, 4 days","92.31%, Past 20 years, 13","Weekly, was CONFIRMED on 2026-06-21",Already confirmed,"2026-06-25 (Price: 62.48), 6.06% above",4 days,62.13,No Information,No Information,No Information,"23.66% (Price: 58.0608), 7.61% above, Upmove Bounce Back","2024-04-21 (Price: 28.25), 2026-05-17 (Price: 67.3)",No Information,18.23%/0.47%/14.35%,-9.4%/-9.4%/-9.4%,"9.4%, 36.12%",3.2 years/3.3 months/1.4 year,3.2 years/0 days/11.6 months,2031-01-14/2026-11-11/2028-06-18,7.54%,2.99%,4.55%,0.67,0.12,63.935/67.3636/82.34/59.135/82.226/92.0468/No EMA 200 Target,56.68/28.5067/52.4418/49.3734/No F-Track Level/No F-Track Level/57.66,89.09%/55/1.4 year (Across ALL Assets),61.63%/172/7.4 months (Across ALL Assets),equity,12.52%,8.39%,1.86,1.78,58.9100,57.8%,24.7,73,98.85,best,True,pass,,,24.67,73,12.5236,8.3946,1.86,,4.55,,,equity,,
FRACTAL TRACK,"RHHBY, Long, 2026-06-21 (Price: 49.74)",No Exit Yet,"4.42%, 4 days","100.0%, Past 20 years, 15","Weekly, was CONFIRMED on 2026-06-21",Already confirmed,"2026-06-25 (Price: 51.94), 4.42% above",4 days,51.43,No Information,No Information,No Information,"38.2% (Price: 48.7597), 6.52% above, Upmove Bounce Back","2024-05-05 (Price: 29.2), 2026-03-01 (Price: 60.85)",No Information,20.21%/3.05%/15.15%,N/A,"0%, 43.58%",5.7 years/2.8 months/2.8 years,5.7 years/2.8 months/2.8 years,2034-08-10/2026-10-20/2030-06-18,5.8%,3.11%,2.69%,0.51,0.12,56.3902/57.2756/68.73/52.46/65.2057/86.6196/49.86,47.39/34.5167/41.5794/31.0544/No F-Track Level/No F-Track Level/No EMA 200 Stop Loss,89.09%/55/1.4 year (Across ALL Assets),61.63%/172/7.4 months (Across ALL Assets),equity,15.15%,2.72%,1.73,1.60,49.7400,70.8%,11.6,73,99.6,ok,True,pass,,,11.59,73,15.15,2.7223,1.73,,2.69,,,equity,,
TRENDPULSE,"NA.TO, Long, 2026-06-18 (Price: 220.41)",2026-06-24 (Price: 224.09),"1.67%, 6 days","77.27%, Past 4 years, 22","Daily, is CONFIRMED on 2026-06-18",Already confirmed,"2026-06-25 (Price: 223.81), 1.54% above",7 days,218.5,No Information,No Information,No Information,No Information,No Information,1.54% above/1.54% above/1.54% above,4.34%/1.0%/2.71%,-4.08%/-4.62%/-4.19%,"4.62%, 23.98%",3 months/6 days/20 days,6.1 months/0 days/1.9 month,2026-10-26/2026-06-26/2026-07-16,10.1%,16.0%,-5.9%,0.13,1.22,226.9782/226.3831/308.09/No Horizontal Resistance/No Target/299.9136/No EMA 200 Target,197.89/82.9367/188.6608/134.0186/No F-Track Level/No F-Track Level/176.46,90.31%/320/1.5 month (Across ALL Assets),80.18%/757/1.6 month (Across ALL Assets),equity,1.14%,-2.48%,0.23,0.02,220.4156,43.1%,-14.3,0,87.72,watch,True,neutral,,,-14.31,0,1.1416,-2.4774,0.23,,-5.9,,,equity,,
TRENDPULSE,"NOVA.F, Long, 2026-06-17 (Price: 38.52)",2026-06-25 (Price: 41.62),"8.05%, 8 days","92.86%, Past 4 years, 14","Daily, is CONFIRMED on 2026-06-17",Already confirmed,"2026-06-25 (Price: 41.62), 8.05% above",8 days,37.22,No Information,No Information,No Information,No Information,No Information,8.05% above/8.05% above/8.05% above,12.24%/1.53%/6.84%,-11.07%/-11.07%/-11.07%,"11.07%, 36.03%",1 month/7 days/17 days,6.1 months/0 days/28 days,2026-07-30/2026-06-27/2026-07-11,12.65%,3.27%,9.38%,0.79,0.21,40.5384/41.1548/88.01/126.5/138.0871/146.706/41.26,35.5/No Horizontal Support/33.7767/28.7825/No F-Track Level/No F-Track Level/No EMA 200 Stop Loss,90.31%/320/1.5 month (Across ALL Assets),80.18%/757/1.6 month (Across ALL Assets),equity,5.56%,5.20%,0.47,-0.30,38.5192,-17.7%,81.5,0,71.43,best,True,pass,,,81.53,0,5.5612,5.1979,0.47,,9.38,,,equity,,
OSCILLATOR DELTA,"RELIANCE.NS, Long, 2026-06-15 (Price: 1307.0)",2026-06-24 (Price: 1313.6),"0.5%, 9 days","95.24%, Past 6 years, 21","Daily, is Confirmed on 2026-06-15",No Cancellation Possible,"2026-06-25 (Price: 1318.1), 0.85% above",10 days,1315.3,No Information,No Information,No Information,No Information,No Information,No Information,13.75%/0.08%/2.92%,-11.14%/-11.14%/-11.14%,"11.14%, 12.26%",4 months/2 days/24 days,4 months/0 days/25 days,2026-12-05/2026-06-17/2026-07-19,10.52%,5.82%,4.7%,0.42,0.3,1369.6053/1345.1644/1489.98/1610.3/1879.7264/2065.5547/1421.12,No Recent Minima/1016.3918/1288.3015/1032.6763/No F-Track Level/No F-Track Level/No EMA 200 Stop Loss,90.26%/154/25 days (Across ALL Assets),79.53%/513/25 days (Across ALL Assets),equity,2.25%,1.67%,1.29,1.19,1307.0000,70.9%,38.5,0,60.0,best,True,pass,,,38.52,0,2.2507,1.6733,1.29,,4.7,,,equity,,
DELTADRIFT,"BABA, Long, 2026-06-15 (Price: 112.55)",2026-06-23 (Price: 102.6),"-8.84%, 8 days","85.71%, Past 4 years, 14","Daily, was CONFIRMED on 2026-06-15",Already confirmed,"2026-06-25 (Price: 95.07), 15.53% below",10 days,112.66,No Information,No Information,No Information,No Information,No Information,No Information,12.26%/3.97%/6.78%,-9.87%/-17.99%/-13.93%,"17.99%, 17.99%",1.2 month/1 day/14 days,1.8 month/0 days/15 days,2026-08-06/2026-06-16/2026-07-05,12.56%,-9.07%,21.63%,0.39,-0.1,125.043/120.1809/122.61/181.595/399.1612/524.2534/148.48,103.83/67.495/No F-Stack Support/No F-Stack Support/No F-Track Level/No F-Track Level/No EMA 200 Stop Loss,79.59%/196/16 days (Across ALL Assets),75.96%/570/16 days (Across ALL Assets),equity,3.82%,4.36%,0.23,0.91,112.5500,100.0%,76.2,0,33.33,best,True,pass,,,76.2,0,3.8205,4.3604,0.23,,21.63,,,equity,,
TRENDPULSE,"JPM, Long, 2026-06-12 (Price: 320.72)",2026-06-22 (Price: 331.48),"3.35%, 10 days","100.0%, Past 4 years, 29","Daily, is CONFIRMED on 2026-06-12",Already confirmed,"2026-06-25 (Price: 335.12), 4.49% above",13 days,315.97,No Information,No Information,No Information,No Information,No Information,6.9% above/4.49% above/4.49% above,7.69%/0.5%/3.59%,N/A,"-0.0%, 16.83%",3.3 months/6 days/1.2 month,3.3 months/0 days/1.2 month,2026-11-02/2026-06-20/2026-08-03,14.85%,15.18%,-0.33%,1.59,0.87,326.8137/332.2338/330.64/No Horizontal Resistance/328.9175/381.492/No EMA 200 Target,296.58/125.7575/300.9735/287.5071/No F-Track Level/No F-Track Level/306.56,90.31%/320/1.5 month (Across ALL Assets),80.18%/757/1.6 month (Across ALL Assets),equity,3.59%,1.42%,0.42,-0.27,313.4892,-25.1%,33.0,0,63.89,best,True,pass,,,32.97,0,3.59,1.4214,0.42,,-0.33,,,equity,,
OSCILLATOR DELTA,"URNM, Long, 2026-06-12 (Price: 54.58)",2026-06-22 (Price: 56.18),"2.93%, 10 days","80.0%, Past 6 years, 25","Daily, is Confirmed on 2026-06-12",No Cancellation Possible,"2026-06-25 (Price: 53.26), 2.42% below",13 days,54.19,No Information,No Information,No Information,No Information,No Information,No Information,13.73%/2.46%/6.78%,-10.29%/-12.78%/-11.08%,"12.78%, 16.39%",1.8 month/2 days/13 days,1.8 month/0 days/12 days,2026-08-29/2026-06-14/2026-06-30,15.43%,18.54%,-3.11%,0.37,0.81,62.5978/58.2805/66.04/58.7883/95.5076/134.4852/62.3,No Recent Minima/27.3005/No F-Stack Support/No F-Stack Support/No F-Track Level/No F-Track Level/No EMA 200 Stop Loss,90.26%/154/25 days (Across ALL Assets),79.53%/513/25 days (Across ALL Assets),equity,3.21%,2.33%,0.14,0.18,54.5800,100.0%,59.7,0,-8.33,ok,True,pass,,,59.71,0,3.208,2.3251,0.14,,-3.11,,,equity,,
OSCILLATOR DELTA,"NVO, Long, 2026-06-10 (Price: 42.81)",2026-06-22 (Price: 45.88),"7.17%, 12 days","81.82%, Past 6 years, 22","Daily, is Confirmed on 2026-06-10",No Cancellation Possible,"2026-06-25 (Price: 47.64), 11.28% above",15 days,41.67,No Information,No Information,No Information,No Information,No Information,No Information,8.75%/2.56%/5.86%,-10.26%/-11.39%/-10.79%,"11.39%, 12.74%",1.7 month/4 days/16 days,1.7 month/0 days/16 days,2026-08-22/2026-06-15/2026-07-03,13.3%,2.84%,10.46%,0.35,0.19,47.1681/45.3187/44.95/139.01/157.4212/208.2418/47.98,No Recent Minima/No Horizontal Support/37.3162/32.5538/No F-Track Level/No F-Track Level/No EMA 200 Stop Loss,90.26%/154/25 days (Across ALL Assets),79.53%/513/25 days (Across ALL Assets),equity,2.83%,2.65%,0.27,-0.34,42.8100,-92.5%,69.6,0,6.25,ok,True,pass,,,69.57,0,2.833,2.6527,0.27,,10.46,,,equity,,
DELTADRIFT,"EFN.TO, Long, 2026-06-07 (Price: 26.79)",2026-06-25 (Price: 29.59),"10.45%, 18 days","83.33%, Past 15 years, 6","Weekly, was CONFIRMED on 2026-06-07",Already confirmed,"2026-06-25 (Price: 29.59), 10.45% above",18 days,26.92,No Information,No Information,No Information,No Information,No Information,No Information,22.27%/6.58%/13.09%,-43.16%/-43.16%/-43.16%,"43.16%, 45.87%",2.6 months/7 days/28 days,7.9 months/0 days/1.9 month,2026-09-27/2026-06-17/2026-07-17,2.99%,9.0%,-6.01%,0.04,0.45,29.3511/30.2968/29.82/34.925/45.1741/70.5281/33.46,21.35/12.67/No F-Stack Support/No F-Stack Support/No F-Track Level/No F-Track Level/No EMA 200 Stop Loss,82.76%/29/1.6 month (Across ALL Assets),86.61%/127/2.1 months (Across ALL Assets),equity,3.71%,1.68%,0.47,0.10,26.7900,20.2%,3.8,0,68.42,ok,True,pass,,,3.79,0,3.7131,1.6774,0.47,,-6.01,,,equity,,
OSCILLATOR DELTA,"KWEB, Long, 2026-06-01 (Price: 27.36)",2026-06-23 (Price: 24.49),"-10.49%, 22 days","86.21%, Past 6 years, 29","Daily, is Confirmed on 2026-06-01",No Cancellation Possible,"2026-06-25 (Price: 23.63), 13.63% below",24 days,26.95,No Information,No Information,No Information,No Information,No Information,No Information,15.44%/0.28%/4.82%,-10.01%/-13.22%/-11.25%,"13.22%, 14.33%",24 days/1 day/8 days,1.6 month/0 days/10 days,2026-07-05/2026-06-02/2026-06-12,15.21%,-9.9%,25.11%,0.34,-0.19,29.1876/28.6788/29.0/54.865/No Next Fib Ext/No Next Fib Ext/33.82,No Recent Minima/24.5062/No F-Stack Support/No F-Stack Support/No F-Track Level/No F-Track Level/No EMA 200 Stop Loss,90.26%/154/25 days (Across ALL Assets),79.53%/513/25 days (Across ALL Assets),equity_etf,2.60%,3.00%,N/A,N/A,27.3600,100.0%,75.5,0,-140.0,ok,True,pass,,,75.53,0,2.6039,2.9968,,,25.11,,,equity_etf,,
TRENDPULSE,"HDB, Long, 2026-05-21 (Price: 24.62)",2026-06-22 (Price: 25.09),"1.91%, 1.1 month","87.5%, Past 4 years, 16","Daily, is CONFIRMED on 2026-05-21",Already confirmed,"2026-06-25 (Price: 25.37), 3.05% above",1.2 month,24.47,No Information,No Information,No Information,No Information,No Information,3.0% above/3.05% above/3.05% above,5.45%/0.76%/3.48%,-0.81%/-0.81%/-0.81%,"0.81%, 14.63%",1.2 month/6 days/22 days,4.2 months/0 days/1 month,2026-07-12/2026-05-29/2026-06-21,10.96%,1.34%,9.62%,0.69,0.05,25.6565/25.4768/30.52/39.5717/40.717/51.346/32.59,23.88/No Horizontal Support/21.1884/14.0692/No F-Track Level/No F-Track Level/No EMA 200 Stop Loss,90.31%/320/1.5 month (Across ALL Assets),80.18%/757/1.6 month (Across ALL Assets),equity,2.94%,2.78%,0.59,-0.03,24.6311,12.5%,48.0,80,96.67,best,True,pass,,,47.98,80,2.9438,2.7843,0.59,,9.62,,,equity,,
OSCILLATOR DELTA,"HDB, Long, 2026-05-18 (Price: 24.63)",2026-06-22 (Price: 25.09),"1.87%, 1.2 month","88.46%, Past 6 years, 26","Daily, is Confirmed on 2026-05-18",No Cancellation Possible,"2026-06-25 (Price: 25.37), 3.0% above",1.3 month,24.47,No Information,No Information,No Information,No Information,No Information,No Information,11.75%/0.27%/5.01%,-10.01%/-10.41%/-10.17%,"10.41%, 13.52%",2.3 months/3 days/23 days,2.3 months/0 days/24 days,2026-08-25/2026-05-22/2026-06-20,14.85%,1.34%,13.51%,0.51,0.05,26.6521/25.864/26.6/39.5717/40.717/51.346/31.17,No Recent Minima/No Horizontal Support/21.1884/14.0692/No F-Track Level/No F-Track Level/No EMA 200 Stop Loss,90.26%/154/25 days (Across ALL Assets),79.53%/513/25 days (Across ALL Assets),equity,3.26%,3.13%,0.30,0.08,24.6300,40.0%,58.4,80,95.83,best,True,pass,,,58.43,80,3.2582,3.1306,0.3,,13.51,,,equity,,
TRENDPULSE,"BBTC.NS, Long, 2026-05-14 (Price: 1537.9)",2026-06-25 (Price: 1556.7),"1.22%, 1.4 month","91.3%, Past 4 years, 23","Daily, is CONFIRMED on 2026-05-14",Already confirmed,"2026-06-25 (Price: 1556.7), 1.22% above",1.4 month,1532.5,No Information,No Information,No Information,No Information,No Information,6.22% above/1.22% above/1.22% above,14.78%/0.49%/7.9%,-13.42%/-13.42%/-13.42%,"13.42%, 27.11%",4.4 months/7 days/1.8 month,7.7 months/0 days/2 months,2026-11-21/2026-05-24/2026-07-31,12.03%,4.38%,7.65%,0.5,0.26,1601.4153/1659.3941/1756.96/2145.0/3412.111/3761.7441/1773.69,1465.6/846.25/1057.7422/973.2526/No F-Track Level/No F-Track Level/No EMA 200 Stop Loss,90.31%/320/1.5 month (Across ALL Assets),80.18%/757/1.6 month (Across ALL Assets),equity,6.05%,5.00%,1.35,1.06,1465.5432,84.5%,44.6,80,98.33,tA,True,pass,,,44.65,80,6.0452,5.0023,1.35,,7.65,,,equity,,
TRENDPULSE,"AIA.NZ, Long, 2026-05-01 (Price: 8.37)",2026-06-22 (Price: 8.52),"1.79%, 1.7 month","91.67%, Past 4 years, 36","Daily, is CONFIRMED on 2026-05-01",Already confirmed,"2026-06-25 (Price: 8.45), 0.96% above",1.8 month,8.25,No Information,No Information,No Information,No Information,No Information,2.42% above/0.96% above/0.96% above,7.1%/0.39%/3.52%,-3.83%/-6.37%/-5.35%,"6.37%, 18.81%",4.7 months/7 days/1.1 month,11.9 months/0 days/1.6 month,2026-11-21/2026-05-11/2026-06-17,10.06%,3.03%,7.03%,0.58,0.11,8.7266/8.6646/8.86/8.953/11.1706/12.8535/No EMA 200 Target,8.15/7.0/7.3934/6.6643/No F-Track Level/No F-Track Level/8.08,90.31%/320/1.5 month (Across ALL Assets),80.18%/757/1.6 month (Across ALL Assets),equity,2.78%,2.20%,0.99,0.30,8.2503,72.8%,31.8,80,97.92,best,True,pass,,,31.84,80,2.7811,2.204,0.99,,7.03,,,equity,,
FRACTAL TRACK,"NVDA, Long, 2026-04-19 (Price: 201.68)",2026-06-25 (Price: 195.74),"-2.95%, 2.2 months","100.0%, Past 20 years, 10","Weekly, was CONFIRMED on 2026-04-19",Already confirmed,"2026-06-25 (Price: 195.74), 2.95% below",2.2 months,186.03,No Information,No Information,No Information,"38.2% (Price: 164.2223), 19.19% above, Upmove Bounce Back","2025-04-13 (Price: 86.62), 2025-11-02 (Price: 212.19)",No Information,23.94%/15.21%/19.58%,N/A,"-0.0%, 43.1%",3.7 years/21 days/1 year,3.7 years/0 days/10.9 months,2031-07-31/2026-05-19/2027-09-22,12.26%,25.02%,-12.76%,1.84,1.04,235.7236/241.1689/277.02/No Horizontal Resistance/239.8943/283.6698/No EMA 200 Target,167.52/13.9695/176.5924/152.8996/No F-Track Level/No F-Track Level/190.53,89.09%/55/1.4 year (Across ALL Assets),61.63%/172/7.4 months (Across ALL Assets),equity,19.58%,-12.89%,7.36,5.13,201.6800,100.0%,4.5,87,99.39,ok,True,warn,,,4.55,87,19.58,-12.8864,7.36,,-12.76,,,equity,,
SIGMASHELL,"PG, Long, 2026-04-07 (Price: 141.3)",2026-06-22 (Price: 147.68),"4.52%, 2.5 months","92.86%, Past 5 years, 14","Daily, was CONFIRMED on 2026-04-07",Already confirmed,"2026-06-25 (Price: 148.5), 5.1% above",2.6 months,142.52,"-4.8, 62.5%",No Information,No Information,No Information,No Information,No Information,21.97%/0.84%/7.88%,-3.1%/-3.1%/-3.1%,"3.1%, 11.76%",5.3 months/1.2 month/2.4 months,5.3 months/0 days/2.2 months,2026-11-23/2026-05-29/2026-07-20,16.99%,6.26%,10.73%,0.82,0.33,144.8466/152.4344/186.6499/179.4533/186.6499/209.3631/148.78,138.04/132.4233/140.2317/117.5404/No F-Track Level/No F-Track Level/No EMA 200 Stop Loss,68.18%/44/3.8 months (Across ALL Assets),69.36%/297/3.8 months (Across ALL Assets),equity,7.10%,5.46%,1.42,0.64,141.3000,35.3%,50.2,60,96.97,tA,True,pass,,,50.18,60,7.096,5.4565,1.42,,10.73,,,equity,,
SIGMASHELL,"HDFCBANK.NS, Long, 2026-03-23 (Price: 744.15)",2026-06-23 (Price: 774.65),"4.1%, 3.1 months","100.0%, Past 5 years, 7","Daily, was CONFIRMED on 2026-03-23",Already confirmed,"2026-06-25 (Price: 796.3), 7.01% above",3.1 months,763.15,"-3.21, 100.0%",No Information,No Information,No Information,No Information,No Information,8.69%/0.8%/4.88%,N/A,"-0.0%, 22.66%",5.2 months/2.4 months/3.7 months,5.2 months/0 days/2.1 months,2026-11-03/2026-07-05/2026-08-30,6.75%,12.02%,-5.27%,0.68,0.64,759.3307/780.4645/1098.0619/1009.6/1098.0619/1305.7899/898.07,No Recent Minima/640.9/697.8792/606.5732/No F-Track Level/No F-Track Level/No EMA 200 Stop Loss,68.18%/44/3.8 months (Across ALL Assets),69.36%/297/3.8 months (Across ALL Assets),equity,4.88%,1.88%,0.39,0.04,744.1500,-43.6%,14.8,40,95.24,ok,True,pass,,,14.85,40,4.88,1.875,0.39,,-5.27,,,equity,,
SIGMASHELL,"HDFCBANK.NS, Long, 2026-03-02 (Price: 879.4)",2026-06-23 (Price: 774.65),"-11.91%, 3.8 months","100.0%, Past 5 years, 7","Daily, was CONFIRMED on 2026-03-02",Already confirmed,"2026-06-25 (Price: 796.3), 9.45% below",3.8 months,876.2,"-3.0, 69.44%",No Information,No Information,No Information,No Information,No Information,8.69%/0.8%/4.88%,N/A,"-0.0%, 22.66%",5.2 months/2.4 months/3.7 months,5.2 months/0 days/2.1 months,2026-10-13/2026-06-14/2026-08-09,6.75%,12.02%,-5.27%,0.68,0.64,897.3398/922.3147/1098.0619/1009.6/1098.0619/1305.7899/898.07,878.85/640.9/765.1075/697.8792/No F-Track Level/No F-Track Level/No EMA 200 Stop Loss,68.18%/44/3.8 months (Across ALL Assets),69.36%/297/3.8 months (Across ALL Assets),equity,4.88%,1.88%,1.25,3.93,879.4000,100.0%,14.8,40,95.24,ok,True,pass,,,14.85,40,4.88,1.875,1.25,,-5.27,,,equity,,
TRENDPULSE,"AIA.NZ, Long, 2026-02-23 (Price: 8.95)",2026-06-23 (Price: 8.36),"-6.59%, 4 months","91.67%, Past 4 years, 36","Daily, is CONFIRMED on 2026-02-23",Already confirmed,"2026-06-25 (Price: 8.45), 5.59% below",4.1 months,8.85,No Information,No Information,No Information,No Information,No Information,4.84% below/5.59% below/5.59% below,7.1%/0.39%/3.52%,-3.83%/-6.37%/-5.35%,"6.37%, 18.81%",4.7 months/7 days/1.1 month,11.9 months/0 days/1.6 month,2026-09-15/2026-03-05/2026-04-11,10.06%,3.03%,7.03%,0.58,0.11,9.3313/9.265/9.82/No Horizontal Resistance/11.1706/12.8535/No EMA 200 Target,8.13/7.0017/7.3934/6.6643/No F-Track Level/No F-Track Level/7.94,90.31%/320/1.5 month (Across ALL Assets),80.18%/757/1.6 month (Across ALL Assets),equity,2.78%,2.20%,0.93,2.22,8.0599,100.0%,31.8,20,91.67,best,True,pass,,,31.84,20,2.7811,2.204,0.93,,7.03,,,equity,,
TRENDPULSE,"GNE.NZ, Long, 2026-02-15 (Price: 2.47)",2026-06-25 (Price: 2.55),"3.24%, 4.3 months","88.89%, Past 10 years, 18","Weekly, is CONFIRMED on 2026-02-13",Already confirmed,"2026-06-25 (Price: 2.55), 3.24% above",4.3 months,2.46,No Information,No Information,No Information,No Information,No Information,3.66% above/3.24% above/3.24% above,8.45%/0.78%/4.81%,-9.06%/-22.37%/-15.71%,"22.37%, 34.69%",1.2 year/28 days/3.5 months,1.7 year/0 days/4.7 months,2027-11-02/2026-03-27/2026-07-17,3.48%,2.59%,0.89%,0.1,0.08,2.6377/2.5888/2.52/3.575/No Next Fib Ext/No Next Fib Ext/No EMA 200 Target,2.36/2.0733/No F-Stack Support/No F-Stack Support/No F-Track Level/No F-Track Level/2.38,88.72%/133/4.6 months (Across ALL Assets),77.24%/369/4.1 months (Across ALL Assets),equity,2.53%,1.08%,0.72,0.17,2.4600,32.7%,3.8,73,97.16,ok,True,pass,,,3.8,73,2.5302,1.081,0.72,,0.89,,,equity,,
TRENDPULSE,"005930.KS, Long, 2026-01-31 (Price: 160500.0)",2026-06-25 (Price: 358500.0),"123.36%, 4.8 months","83.33%, Past 20 years, 12","Monthly, is CONFIRMED on 2026-01-31",Already confirmed,"2026-06-25 (Price: 358500.0), 123.36% above",4.8 months,120200.0,No Information,No Information,No Information,No Information,No Information,199.0% above/120.75% above/123.36% above,120.56%/2.02%/52.23%,-10.12%/-23.65%/-16.89%,"23.65%, 39.14%",2.3 years/4.7 months/9.8 months,3 years/4.7 months/1.1 year,2029-05-12/2026-08-23/2027-04-01,12.89%,13.48%,-0.59%,0.75,0.66,215021.85/244329.15/251616.0/No Horizontal Resistance/No Target/177417.2/No EMA 200 Target,52400.0/50833.3333/113095.2/103367.0/No F-Track Level/No F-Track Level/84101.75,93.94%/66/10.9 months (Across ALL Assets),72.82%/195/9.4 months (Across ALL Assets),equity,40.71%,19.52%,0.76,-0.72,119899.6656,-136.2%,32.5,84,98.99,best,True,pass,,,32.45,84,40.7077,19.5248,0.76,,-0.59,,,equity,,
TRENDPULSE,"BRK-B, Long, 2026-01-09 (Price: 499.1)",2026-06-23 (Price: 492.81),"-1.26%, 5.5 months","100.0%, Past 4 years, 22","Daily, is CONFIRMED on 2026-01-09",Already confirmed,"2026-06-25 (Price: 487.81), 2.26% below",5.6 months,498.94,No Information,No Information,No Information,No Information,No Information,2.26% below/2.26% below/2.26% below,5.02%/0.7%/2.86%,N/A,"-0.0%, 7.4%",1.2 month/6 days/12 days,1.2 month/0 days/10 days,2026-03-02/2026-01-17/2026-01-26,12.87%,12.36%,0.51%,1.33,0.9,524.7038/513.3743/509.57/512.255/630.85/709.9376/No EMA 200 Target,496.12/268.082/491.88/449.7662/No F-Track Level/No F-Track Level/497.22,90.31%/320/1.5 month (Across ALL Assets),80.18%/757/1.6 month (Across ALL Assets),equity,2.86%,2.37%,0.37,0.67,477.0291,100.0%,74.0,0,50.0,best,True,pass,,,74.02,0,2.86,2.3695,0.37,,0.51,,,equity,,
TRENDPULSE,"NA.TO, Long, 2025-11-30 (Price: 168.95)",2026-06-25 (Price: 223.81),"32.47%, 6.9 months","83.33%, Past 20 years, 12","Monthly, is CONFIRMED on 2025-11-30",Already confirmed,"2026-06-25 (Price: 223.81), 32.47% above",6.9 months,157.19,No Information,No Information,No Information,No Information,No Information,42.83% above/32.47% above/32.47% above,31.21%/8.86%/20.0%,-5.23%/-5.23%/-5.23%,"5.23%, 30.62%",1.5 year/5.1 months/9.2 months,1.5 year/5.1 months/10.4 months,2028-01-21/2026-07-09/2027-01-03,8.6%,7.92%,0.68%,1.07,0.47,189.6126/202.74/259.77/No Horizontal Resistance/188.6608/207.1743/No EMA 200 Target,118.77/82.9367/134.0186/119.9028/No F-Track Level/No F-Track Level/138.03,93.94%/66/10.9 months (Across ALL Assets),72.82%/195/9.4 months (Across ALL Assets),equity,15.79%,5.99%,0.52,-0.41,156.6968,-62.4%,22.2,76,98.08,best,True,pass,,,22.25,76,15.7942,5.9885,0.52,,0.68,,,equity,,
PULSEGAUGE,"NFLX, Long, 2025-10-15 (Price: 120.329)",2026-06-24 (Price: 71.84),"-40.3%, 8.4 months","94.44%, Past 24 years, 18","Weekly, was CONFIRMED on 2025-10-15",No Cancellation Possible,"2026-06-25 (Price: 70.9), 41.08% below",8.4 months,122.135,No Information,No Information,No Information,No Information,No Information,No Information,47.63%/34.36%/37.62%,-57.74%/-57.74%/-57.74%,"57.74%, 57.13%",2.3 years/15 days/6.5 months,2.3 years/0 days/5.5 months,2029-01-24/2025-11-05/2026-07-24,20.7%,20.65%,0.05%,1.09,0.18,130.2321/165.5968/139.352/No Horizontal Resistance/139.352/152.4292/No EMA 200 Target,115.33/34.8663/116.3145/100.8852/No F-Track Level/No F-Track Level/97.3,67.21%/61/6.6 months (Across ALL Assets),73.72%/331/5.3 months (Across ALL Assets),equity,32.32%,18.80%,0.74,2.70,120.3290,100.0%,63.5,47,95.15,best,True,pass,,,63.54,47,32.318,18.7972,0.74,,0.05,,,equity,,
TRENDPULSE,"ENZL, Long, 2024-09-30 (Price: 49.42)",2026-06-25 (Price: 44.2598),"-10.44%, 1.8 year","83.33%, Past 20 years, 6","Monthly, is CONFIRMED on 2024-09-30",Already confirmed,"2026-06-25 (Price: 44.2598), 10.44% below",1.8 year,49.2,No Information,No Information,No Information,No Information,No Information,10.13% below/10.93% below/10.44% below,18.88%/18.88%/18.88%,-9.19%/-9.19%/-9.19%,"9.19%, 22.82%",1 year/1 year/1 year,1.7 year/0 days/7.5 months,2026-03-05 (Max),4.03%,1.48%,2.55%,0.22,-0.04,No Target/58.7505/51.78/65.1933/79.7363/84.688/No EMA 200 Target,41.64/43.9425/No F-Stack Support/No F-Stack Support/No F-Track Level/No F-Track Level/46.44,93.94%/66/10.9 months (Across ALL Assets),72.82%/195/9.4 months (Across ALL Assets),equity_etf,14.20%,12.88%,26.34,44.84,40.1887,100.0%,17.1,96,99.56,ok,True,pass,,,17.15,96,14.2007,12.8793,26.34,,2.55,,,equity_etf,,
TRENDPULSE,"BYD.TO, Long, 2023-12-31 (Price: 278.49)",2026-06-25 (Price: 135.27),"-51.43%, 2.5 years","93.75%, Past 20 years, 16","Monthly, is CONFIRMED on 2023-12-31",Already confirmed,"2026-06-25 (Price: 135.27), 51.43% below",2.5 years,258.84,No Information,No Information,No Information,No Information,No Information,47.72% below/51.43% below/51.43% below,21.68%/5.8%/10.46%,-53.77%/-53.77%/-53.77%,"53.77%, 59.58%",1.1 year/5.1 months/9.9 months,2.5 years/0 days/9.9 months,2025-07-26/2024-08-08/2025-03-05,12.45%,8.21%,4.24%,0.12,0.41,408.6841/307.6201/298.58/No Horizontal Resistance/312.8053/367.2583/No EMA 200 Target,138.66/166.48/229.0045/147.1212/No F-Track Level/No F-Track Level/241.57,93.94%/66/10.9 months (Across ALL Assets),72.82%/195/9.4 months (Across ALL Assets),equity,6.45%,-3.23%,N/A,N/A,91.5719,100.0%,8.9,92,99.33,ok,True,neutral,,,8.93,92,6.4456,-3.2305,,,4.24,,,equity,,
PULSEGAUGE,"ATD.TO, Long, 2023-11-29 (Price: 76.23)",2026-06-23 (Price: 91.87),"20.52%, 2.6 years","89.47%, Past 25 years, 19","Weekly, was CONFIRMED on 2023-11-29",No Cancellation Possible,"2026-06-25 (Price: 93.57), 22.75% above",2.6 years,79.2,No Information,No Information,No Information,No Information,No Information,No Information,34.43%/22.84%/24.75%,-34.5%/-35.58%/-35.04%,"35.58%, 43.13%",3 years/7 days/7.9 months,3 years/0 days/7.3 months,2028-03-11/2023-12-09/2024-11-06,12.64%,14.04%,-1.4%,0.69,0.05,81.1011/95.0969/85.3936/No Horizontal Resistance/85.3936/96.14/76.82,68.98/39.8362/59.8475/53.4732/No F-Track Level/No F-Track Level/No EMA 200 Stop Loss,67.21%/61/6.6 months (Across ALL Assets),73.72%/331/5.3 months (Across ALL Assets),equity,18.45%,6.25%,0.94,0.21,76.2300,8.1%,23.4,87,99.09,best,True,pass,,,23.39,87,18.4541,6.2527,0.94,,-1.4,,,equity,,
FRACTAL TRACK,"RELIANCE.NS, Long, 2026-06-25 (Price: 1318.1)",No Exit Yet,"0.0%, 0 days","92.31%, Past 20 years, 26","Weekly, will be confirmed as valid at the end of this week",Signal Cancelled if Price < 1253.2 prior to 2026-06-26,"2026-06-25 (Price: 1318.1), 0.0% below",0 days,1316.7,No Information,No Information,No Information,"23.66% (Price: 1231.8512), 7.0% above, Upmove Bounce Back","1996-07-21 (Price: 5.9303), 2026-01-11 (Price: 1611.8)",No Information,22.17%/4.72%/16.12%,-0.8%/-1.69%/-1.24%,"1.69%, 33.1%",2.6 years/14 days/7.4 months,2.6 years/0 days/5.8 months,2030-03-11/2026-07-15/2027-05-12,15.14%,8.68%,6.46%,1.43,0.44,1393.3635/1530.5777/2281.62/1610.3/1617.1679/1804.6011/1421.12,1291.0/1016.3918/1138.1652/796.5557/1308.9348/1237.4586/No EMA 200 Stop Loss,89.09%/55/1.4 year (Across ALL Assets),61.63%/172/7.4 months (Across ALL Assets),equity,14.79%,8.79%,23.18,23.01,1318.1000,100.0%,42.2,100,100.0,tA,True,pass,,,42.2,100,14.785,8.7917,23.18,,6.46,,,equity,,
FRACTAL TRACK,"WPM.TO, Long, 2026-06-25 (Price: 160.34)",No Exit Yet,"0.0%, 0 days","90.91%, Past 20 years, 11","Weekly, will be confirmed as valid at the end of this week",Signal Cancelled if Price < 148.91 prior to 2026-06-26,"2026-06-25 (Price: 160.34), 0.0% below",0 days,167.26,No Information,No Information,No Information,"38.2% (Price: 147.6786), 8.57% above, Upmove Bounce Back","2018-09-16 (Price: 19.87), 2026-03-08 (Price: 226.68)",No Information,23.39%/15.45%/17.55%,-5.77%/-5.77%/-5.77%,"5.77%, 59.53%",7.2 years/14 days/1.4 year,7.2 years/14 days/1.3 year,2036-10-04/2026-07-15/2028-06-22,9.59%,10.1%,-0.51%,1.3,0.49,164.8937/188.4797/284.43/No Horizontal Resistance/225.4868/255.4169/171.39,157.08/52.6167/150.925/140.5976/160.0095/139.415/No EMA 200 Stop Loss,89.09%/55/1.4 year (Across ALL Assets),61.63%/172/7.4 months (Across ALL Assets),equity,15.43%,-3.33%,85.14,109.76,160.3400,100.0%,12.6,100,100.0,ok,True,neutral,,,12.63,100,15.4302,-3.3269,85.14,,-0.51,,,equity,,
FRACTAL TRACK,"GDX, Long, 2026-06-25 (Price: 75.67)",No Exit Yet,"0.0%, 0 days","92.31%, Past 20 years, 13","Weekly, will be confirmed as valid at the end of this week",Signal Cancelled if Price < 73.63 prior to 2026-06-26,"2026-06-25 (Price: 75.67), 0.0% below",0 days,80.42,No Information,No Information,No Information,"50% (Price: 75.3), 0.49% above, Upmove Bounce Back","2025-01-05 (Price: 33.42), 2026-03-08 (Price: 117.18)",No Information,22.1%/15.36%/18.33%,-13.0%/-13.0%/-13.0%,"13.0%, 77.47%",14 years/1.9 month/3.4 years,14 years/1.9 month/3.2 years,2046-06-20/2026-09-15/2031-05-02,5.28%,2.68%,2.6%,0.16,0.19,87.5351/89.5403/125.93/No Horizontal Resistance/118.8531/124.216/87.3,34.26/25.645/74.1385/66.8312/71.4/60.5959/No EMA 200 Stop Loss,89.09%/55/1.4 year (Across ALL Assets),61.63%/172/7.4 months (Across ALL Assets),equity_etf,15.92%,3.67%,9.06,12.73,75.6700,100.0%,2.6,100,100.0,ok,True,pass,,,2.64,100,15.9207,3.6693,9.06,,2.6,,,equity_etf,,
FRACTAL TRACK,"WPM, Long, 2026-06-25 (Price: 113.08)",No Exit Yet,"0.0%, 0 days","100.0%, Past 20 years, 11","Weekly, will be confirmed as valid at the end of this week",Signal Cancelled if Price < 106.82 prior to 2026-06-26,"2026-06-25 (Price: 113.08), 0.0% below",0 days,118.13,No Information,No Information,No Information,"38.2% (Price: 108.2002), 4.51% above, Upmove Bounce Back","2018-11-18 (Price: 15.08), 2026-03-08 (Price: 165.76)",No Information,19.72%/2.72%/14.53%,N/A,"0%, 71.32%",7.4 years/14 days/1.5 year,7.4 years/14 days/1.5 year,2037-01-16/2026-07-15/2028-08-15,7.75%,9.38%,-1.63%,0.81,0.47,116.8569/129.5105/203.49/113.875/173.0479/184.1364/123.9,96.52/38.3375/102.4252/95.3086/102.065/87.033/No EMA 200 Stop Loss,89.09%/55/1.4 year (Across ALL Assets),61.63%/172/7.4 months (Across ALL Assets),equity,14.53%,-5.57%,2.62,3.55,113.0800,100.0%,7.5,100,100.0,ok,True,warn,,,7.52,100,14.53,-5.57,2.62,,-1.63,,,equity,,
FRACTAL TRACK,"IFT.NZ, Long, 2026-06-25 (Price: 15.15)",No Exit Yet,"0.0%, 0 days","84.21%, Past 20 years, 19","Weekly, will be confirmed as valid at the end of this week",Signal Cancelled if Price < 14.52 prior to 2026-06-26,"2026-06-25 (Price: 15.15), 0.0% below",0 days,15.0,No Information,No Information,No Information,"23.66% (Price: 14.4814), 4.62% above, Upmove Bounce Back","2025-04-13 (Price: 9.13), 2026-05-24 (Price: 16.14)",No Information,38.45%/3.55%/18.01%,-0.7%/-5.02%/-3.44%,"5.02%, 23.58%",1.8 year/1.2 month/8.2 months,1.8 year/1.2 month/7.2 months,2029-01-18/2026-08-16/2027-06-14,13.34%,7.47%,5.87%,1.04,0.42,15.903/17.8785/19.36/No Horizontal Resistance/15.9169/17.5507/No EMA 200 Target,10.75/7.3167/13.8771/12.3404/14.4814/13.4622/12.33,89.09%/55/1.4 year (Across ALL Assets),61.63%/172/7.4 months (Across ALL Assets),equity,14.62%,8.22%,4.33,4.05,15.1500,100.0%,37.0,100,100.0,best,True,pass,,,36.98,100,14.623,8.2201,4.33,,5.87,,,equity,,
TRENDPULSE,"ABNB, Long, 2026-06-25 (Price: 141.88)",No Exit Yet,"0.0%, 0 days","85.71%, Past 10 years, 7","Weekly, will be confirmed as valid at the end of this week",Signal Cancelled if Price < 140.9035 prior to 2026-06-26,"2026-06-25 (Price: 141.88), 0.0% below",0 days,140.9035,No Information,No Information,No Information,No Information,No Information,0.37% below/1.75% below/0.0% below,21.23%/8.06%/17.07%,-25.5%/-25.5%/-25.5%,"25.5%, 58.72%",8.9 months/1.2 month/5 months,1 year/0 days/4.6 months,2027-07-16/2026-08-16/2027-01-28,-8.15%,0.28%,-8.43%,0.28,0.14,No Target/166.0989/158.81/178.025/223.0579/259.8611/No EMA 200 Target,132.28/99.795/No F-Stack Support/No F-Stack Support/136.4114/126.005/129.48,88.72%/133/4.6 months (Across ALL Assets),77.24%/369/4.1 months (Across ALL Assets),equity,10.99%,10.83%,24.80,23.63,141.3570,100.0%,16.8,100,100.0,ok,True,pass,,,16.77,100,10.9867,10.8334,24.8,,-8.43,,,equity,,
TRENDPULSE,"ASHR, Long, 2026-06-25 (Price: 36.69)",No Exit Yet,"0.0%, 0 days","100.0%, Past 20 years, 5","Monthly, will be confirmed as valid at the end of this month",Signal Cancelled if Price < 35.41 prior to 2026-06-30,"2026-06-25 (Price: 36.69), 0.0% below",0 days,35.41,No Information,No Information,No Information,No Information,No Information,3.88% above/1.55% above/0.0% below,22.45%/16.86%/20.59%,N/A,"-0.0%, 12.65%",6.1 months/6 months/6.1 months,6.1 months/0 days/3.6 months,2027-03-17/2027-03-12/2027-03-17,6.81%,1.91%,4.9%,1.07,0.06,40.4507/44.2445/39.01/39.9467/60.1592/68.9354/No EMA 200 Target,25.82/23.36/No F-Stack Support/No F-Stack Support/No stop loss/No stop loss/33.67,93.94%/66/10.9 months (Across ALL Assets),72.82%/195/9.4 months (Across ALL Assets),equity_etf,20.59%,19.77%,5.90,4.70,35.3196,100.0%,62.1,100,100.0,tA,True,pass,,,62.06,100,20.59,19.7714,5.9,,4.9,,,equity_etf,,
TRENDPULSE,"SOXX, Long, 2026-06-25 (Price: 625.2)",No Exit Yet,"0.0%, 0 days","72.73%, Past 20 years, 11","Monthly, will be confirmed as valid at the end of this month",Signal Cancelled if Price < 563.67 prior to 2026-06-30,"2026-06-25 (Price: 625.2), 0.0% below",0 days,563.67,No Information,No Information,No Information,No Information,No Information,35.49% above/6.52% above/0.0% below,26.25%/7.49%/19.23%,-12.25%/-12.25%/-12.25%,"12.25%, 59.88%",6.1 months/5 months/5.4 months,1.5 year/0 days/7.4 months,2027-03-17/2027-01-28/2027-02-14,-2.07%,9.56%,-11.63%,0.2,0.49,808.3836/745.426/985.02/No Horizontal Resistance/No Target/674.379/No EMA 200 Target,183.84/110.475/537.0952/505.7611/535.8347/462.0253/367.67,93.94%/66/10.9 months (Across ALL Assets),72.82%/195/9.4 months (Across ALL Assets),equity_etf,10.65%,2.22%,1.95,0.76,461.4363,100.0%,0.5,100,100.0,ok,True,pass,,,0.45,100,10.6454,2.2235,1.95,,-11.63,,,equity_etf,,
TRENDPULSE,"DIA, Long, 2026-06-25 (Price: 519.26)",No Exit Yet,"0.0%, 0 days","84.21%, Past 20 years, 19","Monthly, will be confirmed as valid at the end of this month",Signal Cancelled if Price < 509.85 prior to 2026-06-30,"2026-06-25 (Price: 519.26), 0.0% below",0 days,509.85,No Information,No Information,No Information,No Information,No Information,1.66% above/0.0% below/0.0% below,12.39%/4.81%/9.75%,-26.48%/-27.87%/-27.4%,"27.87%, 49.08%",2.6 years/8.1 months/1.5 year,3.3 years/0 days/1.6 year,2030-03-11/2027-06-11/2028-08-15,1.01%,4.54%,-3.53%,-0.17,0.22,558.1006/569.8878/762.63/No Horizontal Resistance/538.1343/826.9871/No EMA 200 Target,406.34/321.6725/359.6128/249.2814/488.6548/465.3545/483.02,93.94%/66/10.9 months (Across ALL Assets),72.82%/195/9.4 months (Across ALL Assets),equity_etf,3.88%,-6.49%,5.38,4.28,510.7810,100.0%,-8.2,100,100.0,watch,True,warn,,,-8.15,100,3.884,-6.4931,5.38,,-3.53,,,equity_etf,,
TRENDPULSE,"BDGI.TO, Long, 2026-06-25 (Price: 89.47)",No Exit Yet,"0.0%, 0 days","94.74%, Past 20 years, 19","Monthly, will be confirmed as valid at the end of this month",Signal Cancelled if Price < 87.94 prior to 2026-06-30,"2026-06-25 (Price: 89.47), 0.0% below",0 days,87.94,No Information,No Information,No Information,No Information,No Information,1.81% above/0.91% below/0.0% below,58.2%/23.28%/37.48%,-37.81%/-37.81%/-37.81%,"37.81%, 54.03%",1.3 year/5 months/7 months,1.8 year/0 days/5.9 months,2028-05-02/2027-01-28/2027-04-25,13.83%,13.98%,-0.15%,0.92,0.67,164.0432/123.0034/142.47/No Horizontal Resistance/97.3919/104.1599/No EMA 200 Target,35.88/24.32/87.1484/73.041/81.1951/72.1338/72.61,93.94%/66/10.9 months (Across ALL Assets),72.82%/195/9.4 months (Across ALL Assets),equity,33.52%,23.70%,21.92,20.54,87.8794,100.0%,64.6,100,100.0,tA,True,pass,,,64.62,100,33.5197,23.7004,21.92,,-0.15,,,equity,,
TRENDPULSE,"NA.TO, Long, 2026-06-25 (Price: 223.81)",No Exit Yet,"0.0%, 0 days","100.0%, Past 10 years, 26","Weekly, will be confirmed as valid at the end of this week",Signal Cancelled if Price < 221.37 prior to 2026-06-26,"2026-06-25 (Price: 223.81), 0.0% below",0 days,221.37,No Information,No Information,No Information,No Information,No Information,0.96% above/0.96% above/0.0% below,14.7%/1.09%/5.71%,N/A,"-0.0%, 33.88%",10.7 months/28 days/3.2 months,10.7 months/0 days/3.1 months,2027-10-02/2026-08-04/2026-11-11,6.5%,8.43%,-1.93%,1.41,0.5,243.1472/236.5896/333.92/No Horizontal Resistance/224.9542/245.2634/No EMA 200 Target,162.25/82.9367/204.2705/185.717/197.9116/180.5334/178.4,88.72%/133/4.6 months (Across ALL Assets),77.24%/369/4.1 months (Across ALL Assets),equity,5.71%,2.60%,5.24,4.18,221.6819,100.0%,20.4,100,100.0,best,True,pass,,,20.43,100,5.71,2.5989,5.24,,-1.93,,,equity,,
TRENDPULSE,"USDCHF=X, Long, 2026-06-25 (Price: 0.8126)",No Exit Yet,"0.0%, 0 days","96.43%, Past 10 years, 28","Weekly, will be confirmed as valid at the end of this week",Signal Cancelled if Price < 0.808 prior to 2026-06-26,"2026-06-25 (Price: 0.8126), 0.0% below",0 days,0.808,No Information,No Information,No Information,No Information,No Information,0.77% above/0.47% above/0.0% below,6.38%/1.06%/2.63%,-10.0%/-10.0%/-10.0%,"10.0%, 16.78%",1.1 year/28 days/4.1 months,2.4 years/0 days/7.2 months,2028-01-19/2026-08-04/2026-12-18,-2.0%,-0.2%,-1.8%,-0.14,-0.45,0.8185/0.834/0.82/1.0105/1.3738/1.5145/No EMA 200 Target,0.78/0.778/No F-Stack Support/No F-Stack Support/No stop loss/No stop loss/0.79,88.72%/133/4.6 months (Across ALL Assets),77.24%/369/4.1 months (Across ALL Assets),currency,2.18%,2.35%,4.65,3.63,0.8064,100.0%,1.0,100,100.0,ok,True,pass,,,1.04,100,2.1791,2.3505,4.65,,-1.8,,,currency,,
TRENDPULSE,"PPL.TO, Long, 2026-06-25 (Price: 66.89)",No Exit Yet,"0.0%, 0 days","100.0%, Past 20 years, 16","Monthly, will be confirmed as valid at the end of this month",Signal Cancelled if Price < 64.72 prior to 2026-06-30,"2026-06-25 (Price: 66.89), 0.0% below",0 days,64.72,No Information,No Information,No Information,No Information,No Information,5.79% above/1.55% above/0.0% below,20.09%/3.94%/10.62%,N/A,"-0.0%, 19.92%",2.5 years/5 months/11.2 months,2.5 years/0 days/9.8 months,2030-01-18/2027-01-28/2027-10-24,6.4%,5.25%,1.15%,1.1,0.27,75.3382/73.9937/80.23/No Horizontal Resistance/No Target/80.6453/No EMA 200 Target,51.13/37.9233/54.5176/No stop loss/64.4348/61.3713/58.22,93.94%/66/10.9 months (Across ALL Assets),72.82%/195/9.4 months (Across ALL Assets),equity,10.62%,4.50%,3.27,2.17,63.2290,100.0%,19.7,100,100.0,ok,True,pass,,,19.72,100,10.62,4.495,3.27,,1.15,,,equity,,
TRENDPULSE,"WFG.TO, Long, 2026-06-25 (Price: 99.18)",No Exit Yet,"0.0%, 0 days","88.0%, Past 10 years, 25","Weekly, will be confirmed as valid at the end of this week",Signal Cancelled if Price < 98.05 prior to 2026-06-26,"2026-06-25 (Price: 99.18), 0.0% below",0 days,98.05,No Information,No Information,No Information,No Information,No Information,2.76% above/0.23% above/0.0% below,23.3%/4.35%/14.15%,-7.37%/-12.12%/-10.53%,"12.12%, 61.12%",6.5 months/1.2 month/3.2 months,2.3 years/0 days/4.7 months,2027-04-03/2026-08-16/2026-11-11,13.07%,6.3%,6.77%,0.5,0.34,102.7802/113.214/124.43/131.52/159.6818/186.4187/No EMA 200 Target,81.57/80.805/89.153/80.7407/No stop loss/No stop loss/90.6,88.72%/133/4.6 months (Across ALL Assets),77.24%/369/4.1 months (Across ALL Assets),equity,11.19%,7.66%,12.42,11.28,96.5162,100.0%,36.3,100,100.0,best,True,pass,,,36.27,100,11.1884,7.6634,12.42,,6.77,,,equity,,
BASELINEDIVERGENCE,"QQQ, Long, 2026-06-25 (Price: 716.38)",No Exit Yet,"0.0%, 0 days","87.32%, Past 10 years, 71","Weekly, will be confirmed as valid at the end of this week",Signal Cancelled if Price < 704.32 prior to 2026-06-26,"2026-06-25 (Price: 716.38), 0.0% below",0 days,742.02,No Information,"^GSPC, Normal Case",No Information,No Information,No Information,No Information,44.95%/1.39%/10.65%,-0.28%/-13.49%/-5.05%,"13.49%, 27.25%",7 months/2.1 months/3.8 months,7 months/2.1 months/3.8 months,2027-04-25/2026-09-24/2026-12-07,23.37%,14.69%,8.68%,0.86,0.97,809.581/792.6745/768.7753/No Horizontal Resistance/768.7753/903.4157/No EMA 200 Target,562.58/256.995/634.1966/578.1694/631.6773/559.793/631.52,54.55%/33/2.9 months (Across ALL Assets),70.5%/522/3.5 months (Across ALL Assets),equity_etf,8.66%,2.01%,6.33,8.68,716.3800,100.0%,28.5,100,100.0,best,True,pass,,,28.52,100,8.6592,2.0137,6.33,,8.68,,,equity_etf,,
BASELINEDIVERGENCE,"^NDX, Long, 2026-06-25 (Price: 29440.3223)",No Exit Yet,"0.0%, 0 days","85.92%, Past 10 years, 71","Weekly, will be confirmed as valid at the end of this week",Signal Cancelled if Price < 28929.8809 prior to 2026-06-26,"2026-06-25 (Price: 29440.3223), 0.0% below",0 days,30529.9902,No Information,"^GSPC, Normal Case",No Information,No Information,No Information,No Information,44.87%/1.44%/10.55%,-0.33%/-13.31%/-4.78%,"13.31%, 27.32%",7.2 months/2.1 months/3.9 months,7.2 months/0 days/3.8 months,2027-05-03/2026-09-24/2026-12-11,22.88%,14.69%,8.19%,0.83,0.97,33161.579/32546.2763/31443.3312/No Horizontal Resistance/31443.3312/34778.0694/No EMA 200 Target,23132.77/10555.915/25849.2/22960.0831/25954.1182/22999.3634/25951.32,54.55%/33/2.9 months (Across ALL Assets),70.5%/522/3.5 months (Across ALL Assets),index,8.39%,1.75%,6.08,8.44,29440.3223,100.0%,32.5,100,100.0,best,True,pass,,,32.49,100,8.3915,1.746,6.08,,8.19,,,index,,
BASELINEDIVERGENCE,"XLU, Long, 2026-06-25 (Price: 45.85)",No Exit Yet,"0.0%, 0 days","80.0%, Past 10 years, 115","Weekly, will be confirmed as valid at the end of this week",Signal Cancelled if Price < 44.19 prior to 2026-06-26,"2026-06-25 (Price: 45.85), 0.0% below",0 days,44.48,No Information,"^GSPC, Normal Case",No Information,No Information,No Information,No Information,17.56%/0.06%/5.63%,-0.23%/-20.01%/-5.59%,"20.01%, 32.06%",7.5 months/2.1 months/3.8 months,7.5 months/0 days/3.5 months,2027-05-16/2026-09-24/2026-12-07,12.3%,4.1%,8.2%,0.33,0.18,48.0279/48.4314/60.8844/47.3425/60.8844/89.6256/No EMA 200 Target,43.87/29.8725/43.1213/32.1431/44.8922/43.1052/44.62,54.55%/33/2.9 months (Across ALL Assets),70.5%/522/3.5 months (Across ALL Assets),equity_etf,3.39%,1.68%,2.70,1.18,45.8500,100.0%,13.1,100,100.0,ok,True,pass,,,13.11,100,3.386,1.6777,2.7,,8.2,,,equity_etf,,
BASELINEDIVERGENCE,"MAZDOCK.NS, Long, 2026-06-25 (Price: 2472.5)",No Exit Yet,"0.0%, 0 days","80.33%, Past 5 years, 61","Weekly, will be confirmed as valid at the end of this week",Signal Cancelled if Price < 2435.0 prior to 2026-06-26,"2026-06-25 (Price: 2472.5), 0.0% below",0 days,2530.0,No Information,"^NSEI, Normal Case",No Information,No Information,No Information,No Information,170.26%/0.38%/56.59%,-0.51%/-12.23%/-3.9%,"12.23%, 28.55%",7.7 months/2.1 months/4.1 months,7.7 months/0 days/4 months,2027-05-25/2026-09-24/2026-12-18,89.75%,52.0%,37.75%,0.77,2.0,3670.6735/3871.6878/3563.3046/2588.15/3563.3046/3898.3519/2556.36,2410.1/112.6583/1693.9315/1173.5389/No stop loss/No stop loss/No EMA 200 Stop Loss,54.55%/33/2.9 months (Across ALL Assets),70.5%/522/3.5 months (Across ALL Assets),equity,44.69%,19.93%,37.31,39.71,2472.5000,100.0%,79.5,100,100.0,tA,True,pass,,,79.52,100,44.6916,19.9297,37.31,,37.75,,,equity,,
BASELINEDIVERGENCE,"BEL.NS, Long, 2026-06-24 (Price: 413.55)",No Exit Yet,"0.0%, 0 days","81.08%, Past 10 years, 111","Weekly, Nullified",Already confirmed,"2026-06-24 (Price: 413.55), 0.0% below",0 days,428.1,No Information,"^NSEI, Local Extrema Case",No Information,No Information,No Information,No Information,62.01%/0.22%/18.43%,-0.47%/-36.52%/-9.6%,"36.52%, 45.62%",10.5 months/2.1 months/4 months,10.5 months/0 days/3.9 months,2027-09-23/2026-09-23/2026-12-14,34.34%,18.47%,15.87%,0.61,0.88,494.7299/489.7673/456.8119/433.5/456.8119/613.9011/419.3,406.5/61.7416/382.9941/287.8162/No F-Track Level/No F-Track Level/No EMA 200 Stop Loss,54.55%/33/2.9 months (Across ALL Assets),70.5%/522/3.5 months (Across ALL Assets),equity,13.13%,4.55%,10.81,13.26,413.5500,100.0%,42.2,100,100.0,tA,True,pass,,,42.2,100,13.1267,4.5513,10.81,,15.87,,,equity,,
DELTADRIFT,"BAC, Short, 2026-06-24 (Price: 57.73)",No Exit Yet,"-0.8%, 1 day","90.91%, Past 4 years, 11","Daily, was CONFIRMED on 2026-06-24",Already confirmed,"2026-06-25 (Price: 58.19), 0.8% above",1 day,58.21,No Information,No Information,No Information,No Information,No Information,No Information,3.17%/0.85%/1.95%,-3.37%/-3.37%/-3.37%,"3.37%, 4.81%",1.1 month/1 day/10 days,1.1 month/0 days/8 days,2026-08-10/2026-06-25/2026-07-08,6.57%,3.82%,2.75%,0.66,0.24,55.5305/56.6043/56.07/29.49/54.1889/No Target/52.39,57.91/No Horizontal Resistance/72.41/85.2389/No F-Track Level/No F-Track Level/No EMA 200 Stop Loss,79.41%/34/4 days (Across ALL Assets),62.71%/118/6 days (Across ALL Assets),equity,1.47%,1.47%,0.08,0.08,57.7300,100.0%,72.2,80,87.5,best,True,pass,,,72.25,80,1.4664,1.4664,0.08,,2.75,,,equity,,
DELTADRIFT,"CAD=X, Short, 2026-06-23 (Price: 1.4158)",No Exit Yet,"-0.54%, 2 days","85.71%, Past 4 years, 7","Daily, was CONFIRMED on 2026-06-23",Already confirmed,"2026-06-25 (Price: 1.4235), 0.54% above",2 days,1.4157,No Information,No Information,No Information,No Information,No Information,No Information,0.9%/0.24%/0.48%,-1.05%/-1.05%/-1.05%,"1.05%, 2.05%",11 days/1 day/5 days,11 days/1 day/5 days,2026-07-08/2026-06-24/2026-06-30,3.98%,3.82%,0.16%,0.33,-0.27,1.415/1.409/1.41/1.2478/No F-Stack Support/No F-Stack Support/1.38,1.42/No Horizontal Resistance/No Next Fib Ext/No Next Fib Ext/No F-Track Level/No F-Track Level/No EMA 200 Stop Loss,79.41%/34/4 days (Across ALL Assets),62.71%/118/6 days (Across ALL Assets),currency,0.26%,0.26%,N/A,N/A,1.4158,100.0%,41.3,60,60.0,tA,True,neutral,,,41.29,60,0.2614,0.2614,,,0.16,,,currency,,
DELTADRIFT,"BAC, Short, 2026-06-15 (Price: 55.87)",2026-06-23 (Price: 57.91),"-3.65%, 8 days","90.91%, Past 4 years, 11","Daily, was CONFIRMED on 2026-06-15",Already confirmed,"2026-06-25 (Price: 58.19), 4.15% above",10 days,56.62,No Information,No Information,No Information,No Information,No Information,No Information,3.17%/0.85%/1.95%,-3.37%/-3.37%/-3.37%,"3.37%, 4.81%",1.1 month/1 day/10 days,1.1 month/0 days/8 days,2026-08-01/2026-06-16/2026-06-29,6.57%,3.82%,2.75%,0.66,0.24,53.7414/54.7805/54.26/29.49/54.1889/No Target/52.39,56.02/No Horizontal Resistance/72.41/85.2389/No F-Track Level/No F-Track Level/No EMA 200 Stop Loss,79.41%/34/4 days (Across ALL Assets),62.71%/118/6 days (Across ALL Assets),equity,1.47%,1.47%,0.08,0.19,55.8700,100.0%,72.2,0,-25.0,ok,True,pass,,,72.25,0,1.4664,1.4664,0.08,,2.75,,,equity,,
FRACTAL TRACK,"UBER, Short, 2026-06-14 (Price: 68.85)",2026-06-25 (Price: 72.25),"-4.94%, 11 days","91.67%, Past 7 years, 12","Weekly, was CONFIRMED on 2026-06-14",Already confirmed,"2026-06-25 (Price: 72.25), 4.94% above",11 days,70.41,No Information,No Information,No Information,"38.2% (Price: 81.2685), 11.1% below, Upmove Break Below","2025-09-28 (Price: 95.9), 2026-03-29 (Price: 75.82)",No Information,11.18%/4.08%/6.81%,-16.62%/-16.62%/-16.62%,"16.62%, 13.15%",1.6 month/7 days/16 days,1.6 month/0 days/15 days,2026-08-22/2026-06-24/2026-07-07,12.71%,4.29%,8.42%,0.58,0.34,66.9291/64.1613/56.8/34.6025/63.3753/49.8327/No EMA 200 Target,77.12/81.69/110.4084/120.7433/No F-Track Level/No F-Track Level/81.66,0.0%/1/7 days (Across ALL Assets),100.0%/3/11 days (Across ALL Assets),equity,4.86%,4.86%,1.01,1.36,68.8500,100.0%,78.7,27,26.67,best,True,pass,,,78.73,27,4.8583,4.8583,1.01,,8.42,,,equity,,
OSCILLATOR DELTA,"AAPL, Short, 2026-06-10 (Price: 291.58)",2026-06-25 (Price: 275.15),"5.63%, 15 days","93.33%, Past 6 years, 15","Daily, is Confirmed on 2026-06-10",No Cancellation Possible,"2026-06-25 (Price: 275.15), 5.63% below",15 days,290.74,No Information,No Information,No Information,No Information,No Information,No Information,6.73%/2.05%/3.06%,-11.39%/-11.39%/-11.39%,"11.39%, 11.2%",2.6 months/1 day/15 days,2.6 months/0 days/14 days,2026-09-30/2026-06-11/2026-07-01,8.26%,4.02%,4.24%,0.44,0.79,278.2256/282.6577/280.44/136.32/289.238/202.8031/269.21,No Recent Maxima/No Horizontal Resistance/325.3828/462.6788/No F-Track Level/No F-Track Level/No EMA 200 Stop Loss,100.0%/17/17 days (Across ALL Assets),72.5%/80/1.4 month (Across ALL Assets),equity,2.10%,2.10%,0.17,-0.13,291.5800,-84.1%,61.5,0,-7.14,ok,True,pass,,,61.49,0,2.0962,2.0962,0.17,,4.24,,,equity,,
FRACTAL TRACK,"WPM, Short, 2026-04-30 (Price: 126.46)",2026-06-25 (Price: 113.08),"10.58%, 1.9 month","90.0%, Past 20 years, 10","Monthly, was CONFIRMED on 2026-04-30",Already confirmed,"2026-06-25 (Price: 113.08), 10.58% below",1.9 month,134.63,No Information,No Information,No Information,"23.66% (Price: 133.3127), 15.18% below, Upmove Break Below","2022-09-30 (Price: 28.62), 2026-03-31 (Price: 165.76)",No Information,15.12%/3.08%/7.33%,-17.6%/-17.6%/-17.6%,"17.6%, 15.12%",3.1 months/1 month/1.6 month,3.1 months/28 days/1.6 month,2026-09-11/2026-06-12/2026-07-08,6.43%,4.88%,1.55%,0.5,0.59,No Target/117.1905/44.18/38.3375/114.4872/101.6148/123.9,163.65/No Horizontal Resistance/208.744/224.283/No F-Track Level/No F-Track Level/No EMA 200 Stop Loss,87.5%/8/1.4 month (Across ALL Assets),68.0%/25/1.2 month (Across ALL Assets),equity,4.84%,4.84%,0.16,-0.23,126.4600,-44.3%,40.2,96,97.92,best,True,pass,,,40.19,96,4.837,4.837,0.16,,1.55,,,equity,,
FRACTAL TRACK,"URNM, Short, 2026-03-31 (Price: 63.15)",2026-06-25 (Price: 53.26),"15.66%, 2.9 months","100.0%, Past 7 years, 4","Monthly, was CONFIRMED on 2026-03-31",Already confirmed,"2026-06-25 (Price: 53.26), 15.66% below",2.9 months,71.44,No Information,No Information,No Information,"23.66% (Price: 66.6905), 20.14% below, Upmove Break Below","2020-03-31 (Price: 7.7755), 2026-01-31 (Price: 84.95)",No Information,12.22%/4.77%/8.66%,N/A,"0.0%, 16.16%",2.7 months/1 month/1.6 month,2.7 months/0 days/1.2 month,2026-07-26/2026-05-13/2026-06-08,16.75%,4.02%,12.73%,1.21,0.73,59.5189/57.6812/16.85/27.7952/No F-Stack Support/No F-Stack Support/62.3,74.36/No Horizontal Resistance/95.5076/134.4852/No F-Track Level/No F-Track Level/No EMA 200 Stop Loss,87.5%/8/1.4 month (Across ALL Assets),68.0%/25/1.2 month (Across ALL Assets),equity,8.66%,8.66%,0.22,-0.57,63.1500,-80.8%,83.0,92,94.44,best,True,pass,,,83.0,92,8.66,8.66,0.22,,12.73,,,equity,,
FRACTAL TRACK,"EURUSD=X, Short, 2026-06-25 (Price: 1.1375)",No Exit Yet,"-0.0%, 0 days","100.0%, Past 26 years, 7","Monthly, will be confirmed as valid at the end of this month",Signal Cancelled if Price > 1.2024 prior to 2026-06-30,"2026-06-25 (Price: 1.1375), 0.0% below",0 days,1.1648,No Information,No Information,No Information,"88.6% (Price: 1.1095), 2.52% above, Upmove Break Below","2024-09-30 (Price: 1.1003), 2025-01-31 (Price: 1.0534)",No Information,6.79%/0.12%/3.92%,N/A,"0.0%, 6.95%",4.1 months/29 days/2.4 months,4.1 months/0 days/2 months,2026-12-18/2026-08-06/2026-10-07,5.07%,4.88%,0.19%,1.09,-0.51,1.1093/1.0929/1.11/1.0207/No F-Stack Support/No F-Stack Support/No EMA 200 Target,1.2/1.1894/1.7416/2.0466/1.1589/No stop loss/1.17,87.5%/8/1.4 month (Across ALL Assets),68.0%/25/1.2 month (Across ALL Assets),currency,3.92%,3.92%,2.08,0.86,1.1375,100.0%,59.1,100,100.0,tA,True,pass,,,59.09,100,3.92,3.92,2.08,,0.19,,,currency,,
FRACTAL TRACK,"URNM, Short, 2026-06-25 (Price: 53.26)",No Exit Yet,"-0.0%, 0 days","100.0%, Past 7 years, 4","Monthly, will be confirmed as valid at the end of this month",Signal Cancelled if Price > 84.95 prior to 2026-06-30,"2026-06-25 (Price: 53.26), 0.0% below",0 days,60.66,No Information,No Information,No Information,"88.6% (Price: 56.4526), 5.66% below, Upmove Break Below","2024-05-31 (Price: 51.15), 2025-04-30 (Price: 35.51)",No Information,12.22%/4.77%/8.66%,N/A,"0.0%, 16.16%",2.7 months/1 month/1.6 month,2.7 months/0 days/1.2 month,2026-10-20/2026-08-07/2026-09-02,16.75%,4.02%,12.73%,1.21,0.73,50.1975/48.6477/43.88/27.3005/No F-Stack Support/No F-Stack Support/No EMA 200 Target,74.36/58.7883/95.5076/134.4852/No stop loss/No stop loss/62.3,87.5%/8/1.4 month (Across ALL Assets),68.0%/25/1.2 month (Across ALL Assets),equity,8.66%,8.66%,0.83,-0.39,53.2600,100.0%,83.0,100,100.0,best,True,pass,,,83.0,100,8.66,8.66,0.83,,12.73,,,equity,,
DELTADRIFT,"GS, Short, 2026-06-25 (Price: 1065.09)",No Exit Yet,"-0.0%, 0 days","100.0%, Past 15 years, 8","Weekly, will be confirmed as valid at the end of this week",Signal Cancelled if Price below 1059.4676 or above 1117.2815 prior to 2026-06-26,"2026-06-25 (Price: 1065.09), 0.0% below",0 days,1109.7,No Information,No Information,No Information,No Information,No Information,No Information,6.3%/3.19%/4.98%,N/A,"0%, 10.89%",3.3 months/7 days/28 days,3.3 months/7 days/28 days,2026-11-15/2026-07-05/2026-08-04,7.94%,4.79%,3.15%,3.58,0.54,No Target/1012.0485/1053.16/288.555/973.4919/916.0326/883.56,1096.56/No Horizontal Resistance/No stop loss/1176.2876/No stop loss/No stop loss/No EMA 200 Stop Loss,93.33%/15/25 days (Across ALL Assets),71.43%/35/29 days (Across ALL Assets),equity,4.98%,4.98%,1.69,0.34,1065.0900,100.0%,75.1,100,100.0,tA,True,pass,,,75.06,100,4.98,4.98,1.69,,3.15,,,equity,,
