Function,Symbol,Signal,Interval,Entry Date,Entry Price,Exit Date,Exit Price,Today price,Realised/Unrealised Profit,Holding Period,Status,Backtested Win Rate [%]
OSCILLATOR DELTA,NVO,Long,Daily,2026-06-10,42.81,,,42.81,0.0000%,,Open,80.0
TRENDPULSE,FRW.NZ,Long,Daily,2026-06-10,13.7,,,13.7,0.0000%,,Open,76.0
TRENDPULSE,SPOT,Long,Daily,2026-06-10,503.1,,,503.1,0.0000%,,Open,100.0
TRENDPULSE,^NZ50,Long,Daily,2026-06-10,13253.6504,,,13253.6504,0.0000%,,Open,81.82
DELTADRIFT,AMZN,Long,Daily,2026-06-09,244.19,,,238.0,-2.5349%,,Open,80.0
DELTADRIFT,^BVSP,Long,Daily,2026-06-09,169813.1562,,,168619.2656,-0.7031%,,Open,76.92
TRENDPULSE,ASML,Long,Daily,2026-06-09,1777.77,,,1734.1899,-2.4514%,,Open,82.35
TRENDPULSE,SPOT,Long,Daily,2026-06-09,496.22,,,503.1,1.3865%,,Open,100.0
DELTADRIFT,ETH-USD,Long,Daily,2026-06-09,1702.02,,,1609.85,-5.4153%,,Open,85.71
TRENDPULSE,TFII.TO,Long,Daily,2026-06-08,227.87,,,214.25,-5.9771%,,Open,84.21
DELTADRIFT,IBIT,Long,Daily,2026-06-08,35.89,,,35.08,-2.2569%,,Open,100.0
TRENDPULSE,GS,Long,Weekly,2026-06-07,1038.6801,,,1001.29,-3.5998%,,Open,100.0
DELTADRIFT,EBO.NZ,Long,Weekly,2026-06-07,20.11,,,20.9,3.9284%,,Open,75.0
DELTADRIFT,EFN.TO,Long,Weekly,2026-06-07,26.79,,,26.06,-2.7249%,,Open,80.0
BASELINEDIVERGENCE,MAZDOCK.NS,Long,Weekly,2026-06-07,2423.1001,,,2367.6001,-2.2905%,,Open,85.0
BASELINEDIVERGENCE,TRI.TO,Long,Weekly,2026-06-07,120.12,,,114.51,-4.6703%,,Open,82.14
DELTADRIFT,BTC-USD,Long,Daily,2026-06-07,61579.0508,,,61272.0,-0.4986%,,Open,75.0
DELTADRIFT,EBO.NZ,Long,Weekly,2026-06-05,20.11,,,20.9,3.9284%,,Open,75.0
BASELINEDIVERGENCE,MAZDOCK.NS,Long,Weekly,2026-06-05,2423.1001,,,2367.6001,-2.2905%,,Open,85.0
BASELINEDIVERGENCE,TRI.TO,Long,Weekly,2026-06-05,120.12,,,114.51,-4.6703%,,Open,82.14
TRENDPULSE,GS,Long,Weekly,2026-06-05,1038.6801,,,1001.29,-3.5998%,,Open,100.0
DELTADRIFT,EFN.TO,Long,Weekly,2026-06-05,26.79,,,26.06,-2.7249%,,Open,80.0
TRENDPULSE,TFII.TO,Long,Daily,2026-06-04,223.0,,,214.25,-3.9238%,,Open,84.21
TRENDPULSE,BAC,Long,Daily,2026-06-04,54.17,,,54.54,0.6830%,,Open,82.14
DELTADRIFT,CNU.NZ,Long,Daily,2026-06-04,9.54,2026-06-10,9.78,9.78,2.5157%,6.0,Closed,85.71
TRENDPULSE,ASML,Long,Daily,2026-06-03,1726.36,,,1734.1899,0.4535%,,Open,82.35
SIGMASHELL,WMT,Long,Daily,2026-06-03,116.89,,,120.59,3.1654%,,Open,100.0
DELTADRIFT,SBUX,Long,Daily,2026-06-03,95.89,2026-06-10,98.76,98.76,2.9930%,7.0,Closed,78.57
TRENDPULSE,ATD.TO,Long,Daily,2026-06-03,80.03,2026-06-09,82.33,82.33,2.8739%,6.0,Closed,100.0
TRENDPULSE,ZM,Long,Daily,2026-06-02,111.88,,,93.96,-16.0172%,,Open,100.0
TRENDPULSE,KXS.TO,Long,Daily,2026-06-02,170.13,,,164.0,-3.6031%,,Open,77.78
TRENDPULSE,005930.KS,Long,Daily,2026-06-02,360500.0,,,302500.0,-16.0888%,,Open,76.19
SIGMASHELL,BABA,Long,Daily,2026-06-01,125.4,,,115.38,-7.9904%,,Open,75.0
SIGMASHELL,NFLX,Long,Daily,2026-06-01,85.85,,,82.0,-4.4846%,,Open,87.5
SIGMASHELL,MCD,Long,Daily,2026-06-01,276.11,,,282.52,2.3215%,,Open,75.0
SIGMASHELL,SLV,Long,Daily,2026-06-01,67.67,,,57.66,-14.7924%,,Open,75.0
SIGMASHELL,HDB,Long,Daily,2026-06-01,23.6,,,23.2,-1.6949%,,Open,90.91
SIGMASHELL,META,Long,Daily,2026-06-01,600.47,,,570.98,-4.9112%,,Open,72.73
DELTADRIFT,IMO.TO,Long,Daily,2026-06-01,167.16,2026-06-03,175.68,175.68,5.0969%,2.0,Closed,78.57
SIGMASHELL,WCN.TO,Long,Daily,2026-06-01,207.05,,,221.68,7.0659%,,Open,75.0
SIGMASHELL,BDL.NS,Long,Daily,2026-06-01,1204.0,,,1183.8,-1.6777%,,Open,71.43
TRENDPULSE,HOOD,Long,Daily,2026-06-01,90.73,,,86.36,-4.8165%,,Open,100.0
SIGMASHELL,IHI,Long,Daily,2026-06-01,48.84,,,49.72,1.8018%,,Open,75.0
SIGMASHELL,FXI,Long,Daily,2026-06-01,35.34,,,34.75,-1.6695%,,Open,71.43
SIGMASHELL,^NSEI,Long,Daily,2026-06-01,23382.5996,,,23214.9492,-0.7170%,,Open,85.71
TRENDPULSE,DIA,Long,Daily,2026-06-01,511.44,,,500.25,-2.1879%,,Open,90.48
SIGMASHELL,HDFCBANK.NS,Long,Daily,2026-06-01,742.7,,,746.85,0.5588%,,Open,100.0
OSCILLATOR DELTA,MX.TO,Long,Daily,2026-06-01,84.71,,,81.94,-3.2700%,,Open,86.96
SIGMASHELL,TCEHY,Long,Daily,2026-06-01,55.32,,,59.23,7.0680%,,Open,73.08
SIGMASHELL,PG,Long,Daily,2026-06-01,140.28,,,149.05,6.2518%,,Open,92.31
TRENDPULSE,ORCL,Long,Daily,2026-06-01,248.15,,,201.26,-18.8958%,,Open,90.0
TRENDPULSE,CRM,Long,Daily,2026-06-01,209.6,,,170.92,-18.4542%,,Open,100.0
SIGMASHELL,XLU,Long,Daily,2026-06-01,43.1,,,44.0,2.0882%,,Open,72.73
SIGMASHELL,MA,Long,Daily,2026-06-01,495.25,,,489.08,-1.2458%,,Open,72.73
OSCILLATOR DELTA,KWEB,Long,Daily,2026-06-01,27.36,,,26.44,-3.3626%,,Open,85.71
TRENDPULSE,MEL.NZ,Long,Monthly,2026-05-31,5.87,,,5.88,0.1704%,,Open,88.89
DELTADRIFT,ZTS,Long,Weekly,2026-05-31,77.69,,,81.29,4.6338%,,Open,83.33
TRENDPULSE,SFTBY,Long,Monthly,2026-05-31,23.7,,,19.54,-17.5527%,,Open,100.0
FRACTAL TRACK,NFLX,Long,Weekly,2026-05-31,86.02,,,82.0,-4.6733%,,Open,100.0
TRENDPULSE,WFG.TO,Long,Weekly,2026-05-31,95.29,,,91.95,-3.5051%,,Open,95.65
FRACTAL TRACK,INFY,Long,Weekly,2026-05-31,12.65,,,11.76,-7.0356%,,Open,76.92
DELTADRIFT,NAUKRI.NS,Long,Weekly,2026-05-31,995.0,,,971.25,-2.3869%,,Open,75.0
TRENDPULSE,ENZL,Long,Monthly,2026-05-31,46.7303,,,45.2292,-3.2123%,,Open,100.0
TRENDPULSE,AMD,Long,Monthly,2026-05-31,516.1,,,452.4,-12.3426%,,Open,87.5
TRENDPULSE,TFII.TO,Long,Weekly,2026-05-31,212.68,,,214.25,0.7382%,,Open,95.83
TRENDPULSE,ATZ.TO,Long,Monthly,2026-05-31,154.8,,,160.73,3.8307%,,Open,100.0
FRACTAL TRACK,SJ.TO,Long,Weekly,2026-05-31,77.35,,,80.74,4.3827%,,Open,100.0
TRENDPULSE,BNS.TO,Long,Weekly,2026-05-31,110.62,,,113.86,2.9289%,,Open,100.0
FRACTAL TRACK,SJ.TO,Long,Weekly,2026-05-29,77.35,,,80.74,4.3827%,,Open,100.0
TRENDPULSE,HOOD,Long,Daily,2026-05-29,94.3,,,86.36,-8.4199%,,Open,100.0
FRACTAL TRACK,INFY,Long,Weekly,2026-05-29,12.65,,,11.76,-7.0356%,,Open,76.92
TRENDPULSE,WFG.TO,Long,Weekly,2026-05-29,95.29,,,91.95,-3.5051%,,Open,95.65
TRENDPULSE,TFII.TO,Long,Weekly,2026-05-29,212.68,,,214.25,0.7382%,,Open,95.83
FRACTAL TRACK,NFLX,Long,Weekly,2026-05-29,86.02,,,82.0,-4.6733%,,Open,100.0
TRENDPULSE,BNS.TO,Long,Weekly,2026-05-29,110.62,,,113.86,2.9289%,,Open,100.0
TRENDPULSE,GDX,Long,Daily,2026-05-29,89.49,,,73.81,-17.5215%,,Open,100.0
DELTADRIFT,NAUKRI.NS,Long,Weekly,2026-05-29,995.0,,,971.25,-2.3869%,,Open,75.0
TRENDPULSE,PLTR,Long,Daily,2026-05-29,156.54,,,130.21,-16.8200%,,Open,100.0
TRENDPULSE,INFY,Long,Daily,2026-05-28,12.7,,,11.76,-7.4016%,,Open,100.0
DELTADRIFT,WMT,Long,Daily,2026-05-28,118.9,,,120.59,1.4214%,,Open,87.5
TRENDPULSE,XLY,Long,Daily,2026-05-28,122.06,,,113.49,-7.0211%,,Open,89.47
DELTADRIFT,TWR.NZ,Long,Daily,2026-05-26,1.905,,,1.9,-0.2625%,,Open,70.0
TRENDPULSE,3033.HK,Long,Daily,2026-05-26,4.84,,,4.634,-4.2562%,,Open,81.82
OSCILLATOR DELTA,BEL.NS,Long,Daily,2026-05-26,420.1,,,408.35,-2.7970%,,Open,100.0
TRENDPULSE,TD.TO,Long,Daily,2026-05-25,156.56,2026-06-10,159.65,159.65,1.9737%,16.0,Closed,95.45
TRENDPULSE,BBTC.NS,Long,Daily,2026-05-25,1546.6,,,1520.2,-1.7070%,,Open,100.0
OSCILLATOR DELTA,HDFCBANK.NS,Long,Daily,2026-05-25,786.85,,,746.85,-5.0836%,,Open,80.0
BASELINEDIVERGENCE,TRI.TO,Long,Weekly,2026-05-24,118.6,,,114.51,-3.4486%,,Open,82.14
BASELINEDIVERGENCE,NVDA,Long,Weekly,2026-05-24,215.33,,,200.42,-6.9243%,,Open,87.5
TRENDPULSE,TSLA,Long,Weekly,2026-05-24,426.01,,,381.59,-10.4270%,,Open,100.0
BASELINEDIVERGENCE,^NDX,Long,Weekly,2026-05-24,29481.6426,,,28508.0273,-3.3024%,,Open,85.71
TRENDPULSE,MEL.NZ,Long,Weekly,2026-05-24,5.9,,,5.88,-0.3390%,,Open,100.0
TRENDPULSE,SPY,Long,Weekly,2026-05-24,745.64,,,725.43,-2.7104%,,Open,100.0
DELTADRIFT,MCD,Long,Weekly,2026-05-24,282.27,,,282.52,0.0886%,,Open,100.0
DELTADRIFT,SJ.TO,Long,Weekly,2026-05-24,73.96,2026-06-04,81.3,81.3,9.9243%,11.0,Closed,71.43
OSCILLATOR DELTA,PG,Long,Daily,2026-05-22,144.44,,,149.05,3.1916%,,Open,88.89
OSCILLATOR DELTA,SUM.NZ,Long,Daily,2026-05-22,7.7,2026-06-04,8.1,8.1,5.1948%,13.0,Closed,84.21
TRENDPULSE,SPY,Long,Weekly,2026-05-22,745.64,,,725.43,-2.7104%,,Open,100.0
DELTADRIFT,SJ.TO,Long,Weekly,2026-05-22,73.96,,,80.74,9.1671%,,Open,71.43
BASELINEDIVERGENCE,TRI.TO,Long,Weekly,2026-05-22,118.6,,,114.51,-3.4486%,,Open,82.14
DELTADRIFT,MCD,Long,Weekly,2026-05-22,282.27,,,282.52,0.0886%,,Open,100.0
OSCILLATOR DELTA,SJ.TO,Long,Daily,2026-05-22,73.96,2026-06-01,78.72,78.72,6.4359%,10.0,Closed,81.82
TRENDPULSE,ETH-USD,Long,Daily,2026-05-22,2133.1599,,,1609.85,-24.5321%,,Open,79.55
DELTADRIFT,BYDDY,Long,Daily,2026-05-22,11.61,2026-06-02,12.14,12.14,4.5650%,11.0,Closed,75.0
TRENDPULSE,MEL.NZ,Long,Weekly,2026-05-22,5.9,,,5.88,-0.3390%,,Open,100.0
BASELINEDIVERGENCE,NVDA,Long,Weekly,2026-05-22,215.33,,,200.42,-6.9243%,,Open,87.5
TRENDPULSE,TSLA,Long,Weekly,2026-05-22,426.01,,,381.59,-10.4270%,,Open,100.0
TRENDPULSE,ARM,Long,Daily,2026-05-22,306.51,2026-06-02,402.71,402.71,31.3856%,11.0,Closed,85.71
BASELINEDIVERGENCE,^NDX,Long,Weekly,2026-05-22,29481.6426,,,28508.0273,-3.3024%,,Open,85.71
TRENDPULSE,TD.TO,Long,Daily,2026-05-21,153.15,2026-05-27,155.13,155.13,1.2929%,6.0,Closed,95.45
TRENDPULSE,TD,Long,Daily,2026-05-21,111.11,2026-05-28,113.34,113.34,2.0070%,7.0,Closed,92.86
TRENDPULSE,HDB,Long,Daily,2026-05-21,24.62,,,23.2,-5.7677%,,Open,78.57
TRENDPULSE,PG,Long,Daily,2026-05-21,143.4,,,149.05,3.9400%,,Open,75.0
OSCILLATOR DELTA,INDA,Long,Daily,2026-05-21,48.03,,,47.3,-1.5199%,,Open,93.75
OSCILLATOR DELTA,INDY,Long,Daily,2026-05-21,42.34,2026-05-28,42.73,42.73,0.9211%,7.0,Closed,89.47
TRENDPULSE,IBIT,Long,Daily,2026-05-21,44.0,,,35.08,-20.2727%,,Open,100.0
OSCILLATOR DELTA,GDX,Long,Daily,2026-05-21,85.99,2026-06-10,73.81,73.81,-14.1644%,20.0,Closed,95.0
TRENDPULSE,NVDA,Long,Daily,2026-05-20,223.47,,,200.42,-10.3146%,,Open,91.67
TRENDPULSE,NIFTY_MIDCAP_100.NS,Long,Daily,2026-05-20,61323.3008,2026-05-29,61723.8008,61723.8008,0.6531%,9.0,Closed,86.84
TRENDPULSE,INFY,Long,Daily,2026-05-20,12.77,,,11.76,-7.9092%,,Open,100.0
TRENDPULSE,CSU.TO,Long,Daily,2026-05-19,2729.71,2026-06-04,2901.5601,2901.5601,6.2955%,16.0,Closed,86.67
TRENDPULSE,INFY,Long,Daily,2026-05-19,12.72,,,11.76,-7.5472%,,Open,100.0
DELTADRIFT,XLU,Long,Daily,2026-05-19,44.34,2026-05-22,45.35,45.35,2.2779%,3.0,Closed,92.86
TRENDPULSE,PPH,Long,Daily,2026-05-19,102.46,2026-05-28,105.71,105.71,3.1720%,9.0,Closed,100.0
TRENDPULSE,SUNPHARMA.NS,Long,Daily,2026-05-18,1905.8,,,1786.4,-6.2651%,,Open,92.0
TRENDPULSE,MCY.NZ,Long,Daily,2026-05-18,7.04,,,6.75,-4.1193%,,Open,92.68
DELTADRIFT,NU,Long,Daily,2026-05-18,12.29,2026-05-20,12.79,12.79,4.0683%,2.0,Closed,91.67
SIGMASHELL,VGT,Long,Daily,2026-05-18,112.13,,,112.34,0.1873%,,Open,92.31
OSCILLATOR DELTA,HDB,Long,Daily,2026-05-18,24.63,,,23.2,-5.8059%,,Open,88.0
TRENDPULSE,XLE,Long,Daily,2026-05-18,60.58,,,58.25,-3.8462%,,Open,100.0
TRENDPULSE,SPY,Long,Weekly,2026-05-17,739.17,,,725.43,-1.8588%,,Open,100.0
TRENDPULSE,CSCO,Long,Weekly,2026-05-17,118.21,,,118.8,0.4991%,,Open,94.74
FRACTAL TRACK,ATD.TO,Long,Weekly,2026-05-17,78.46,,,83.43,6.3344%,,Open,92.31
DELTADRIFT,VGT,Long,Weekly,2026-05-17,113.31,,,112.34,-0.8561%,,Open,100.0
TRENDPULSE,^GSPC,Long,Weekly,2026-05-17,7408.5,,,7266.9902,-1.9101%,,Open,100.0
FRACTAL TRACK,PPH,Long,Weekly,2026-05-17,100.84,,,105.29,4.4129%,,Open,93.75
FRACTAL TRACK,PPH,Long,Weekly,2026-05-15,100.84,,,105.29,4.4129%,,Open,93.75
TRENDPULSE,SUNPHARMA.NS,Long,Daily,2026-05-15,1878.2,,,1786.4,-4.8877%,,Open,92.0
TRENDPULSE,TD,Long,Daily,2026-05-15,107.64,2026-05-26,112.56,112.56,4.5708%,11.0,Closed,92.86
TRENDPULSE,CNQ.TO,Long,Daily,2026-05-15,66.08,2026-05-22,67.24,67.24,1.7554%,7.0,Closed,82.61
TRENDPULSE,IMO.TO,Long,Daily,2026-05-15,185.26,,,167.45,-9.6135%,,Open,95.24
TRENDPULSE,BNS.TO,Long,Daily,2026-05-15,106.16,2026-05-25,110.98,110.98,4.5403%,10.0,Closed,96.43
TRENDPULSE,CSCO,Long,Weekly,2026-05-15,118.21,,,118.8,0.4991%,,Open,94.74
TRENDPULSE,SPY,Long,Weekly,2026-05-15,739.17,,,725.43,-1.8588%,,Open,100.0
FRACTAL TRACK,ATD.TO,Long,Weekly,2026-05-15,78.46,,,83.43,6.3344%,,Open,92.31
DELTADRIFT,VGT,Long,Weekly,2026-05-15,113.31,,,112.34,-0.8561%,,Open,100.0
TRENDPULSE,^GSPC,Long,Weekly,2026-05-15,7408.5,,,7266.9902,-1.9101%,,Open,100.0
DELTADRIFT,^BVSP,Long,Daily,2026-05-14,178365.8594,2026-06-05,169019.0,169019.0,-5.2403%,22.0,Closed,76.92
TRENDPULSE,NVDA,Long,Daily,2026-05-14,235.74,,,200.42,-14.9826%,,Open,91.67
DELTADRIFT,BAC,Long,Daily,2026-05-14,49.85,,,54.54,9.4082%,,Open,88.24
TRENDPULSE,BABA,Long,Daily,2026-05-14,141.12,,,115.38,-18.2398%,,Open,75.0
OSCILLATOR DELTA,CSU.TO,Long,Daily,2026-05-14,2533.1499,2026-05-19,2729.71,2729.71,7.7595%,5.0,Closed,80.0
TRENDPULSE,CSU.TO,Long,Daily,2026-05-14,2533.1499,2026-05-22,2721.48,2721.48,7.4346%,8.0,Closed,86.67
TRENDPULSE,BBTC.NS,Long,Daily,2026-05-14,1537.9,,,1520.2,-1.1509%,,Open,100.0
TRENDPULSE,PPL.TO,Long,Daily,2026-05-14,66.72,2026-05-22,68.45,68.45,2.5929%,8.0,Closed,83.33
TRENDPULSE,CEN.NZ,Long,Daily,2026-05-14,9.9,,,9.6,-3.0303%,,Open,73.33
TRENDPULSE,GOOG,Long,Daily,2026-05-14,397.17,,,353.32,-11.0406%,,Open,100.0
DELTADRIFT,ATM.NZ,Long,Daily,2026-05-13,7.77,,,6.48,-16.6023%,,Open,76.92
OSCILLATOR DELTA,IHI,Long,Daily,2026-05-13,48.51,2026-05-27,49.15,49.15,1.3193%,14.0,Closed,94.44
TRENDPULSE,CNQ.TO,Long,Daily,2026-05-13,64.69,2026-05-21,67.17,67.17,3.8337%,8.0,Closed,82.61
TRENDPULSE,XLV,Long,Daily,2026-05-13,146.71,2026-05-28,150.88,150.88,2.8423%,15.0,Closed,77.78
TRENDPULSE,MCY.NZ,Long,Daily,2026-05-13,7.1,,,6.75,-4.9296%,,Open,92.68
OSCILLATOR DELTA,XLV,Long,Daily,2026-05-13,146.71,2026-05-27,148.81,148.81,1.4314%,14.0,Closed,100.0
DELTADRIFT,IHI,Long,Daily,2026-05-12,48.7,2026-05-19,50.28,50.28,3.2444%,7.0,Closed,78.95
DELTADRIFT,SJ.TO,Long,Daily,2026-05-12,74.24,2026-05-29,77.35,77.35,4.1891%,17.0,Closed,75.0
TRENDPULSE,BIPC.TO,Long,Daily,2026-05-12,55.53,2026-05-25,58.85,58.85,5.9788%,13.0,Closed,84.62
DELTADRIFT,MCD,Long,Daily,2026-05-12,274.84,2026-05-18,282.47,282.47,2.7762%,6.0,Closed,70.59
TRENDPULSE,DBC,Long,Daily,2026-05-12,31.69,,,29.17,-7.9520%,,Open,80.0
TRENDPULSE,BTI,Long,Daily,2026-05-12,63.64,2026-05-18,66.35,66.35,4.2583%,6.0,Closed,100.0
DELTADRIFT,WCN.TO,Long,Daily,2026-05-11,206.55,2026-05-15,215.36,215.36,4.2653%,4.0,Closed,80.0
TRENDPULSE,CNU.NZ,Long,Daily,2026-05-11,10.25,,,9.78,-4.5854%,,Open,75.0
TRENDPULSE,BRK-B,Long,Daily,2026-05-11,479.55,2026-05-18,488.38,488.38,1.8413%,7.0,Closed,100.0
TRENDPULSE,CSCO,Long,Daily,2026-05-11,98.72,2026-05-18,118.88,118.88,20.4214%,7.0,Closed,100.0
TRENDPULSE,SUNPHARMA.NS,Long,Daily,2026-05-11,1872.7,,,1786.4,-4.6083%,,Open,92.0
TRENDPULSE,^NDX,Long,Weekly,2026-05-10,29234.9941,,,28508.0273,-2.4866%,,Open,95.0
TRENDPULSE,EEM,Long,Weekly,2026-05-10,67.94,,,64.66,-4.8278%,,Open,92.0
TRENDPULSE,AAPL,Long,Weekly,2026-05-10,293.32,2026-06-08,301.54,301.54,2.8024%,29.0,Closed,100.0
TRENDPULSE,MEL.NZ,Long,Weekly,2026-05-10,5.76,,,5.88,2.0833%,,Open,100.0
TRENDPULSE,QQQ,Long,Weekly,2026-05-10,711.23,,,693.69,-2.4662%,,Open,88.89
TRENDPULSE,NOVA.F,Long,Weekly,2026-05-10,38.92,,,37.52,-3.5971%,,Open,100.0
TRENDPULSE,CVS,Long,Weekly,2026-05-10,90.55,,,98.02,8.2496%,,Open,70.0
TRENDPULSE,^GSPC,Long,Weekly,2026-05-10,7398.9302,,,7266.9902,-1.7832%,,Open,100.0
TRENDPULSE,KXS.TO,Long,Weekly,2026-05-10,158.73,,,164.0,3.3201%,,Open,91.67
FRACTAL TRACK,BTI,Long,Weekly,2026-05-10,58.28,,,61.12,4.8730%,,Open,92.31
TRENDPULSE,ASHR,Long,Weekly,2026-05-10,35.73,,,34.66,-2.9947%,,Open,76.0
TRENDPULSE,TSLA,Long,Daily,2026-05-08,428.35,,,381.59,-10.9163%,,Open,80.95
TRENDPULSE,AAPL,Long,Weekly,2026-05-08,293.32,,,291.58,-0.5932%,,Open,100.0
TRENDPULSE,NOVA.F,Long,Weekly,2026-05-08,38.92,,,37.52,-3.5971%,,Open,100.0
TRENDPULSE,ASHR,Long,Weekly,2026-05-08,35.73,,,34.66,-2.9947%,,Open,76.0
FRACTAL TRACK,BTI,Long,Weekly,2026-05-08,58.28,,,61.12,4.8730%,,Open,92.31
TRENDPULSE,MEL.NZ,Long,Weekly,2026-05-08,5.76,,,5.88,2.0833%,,Open,100.0
TRENDPULSE,^NDX,Long,Weekly,2026-05-08,29234.9941,,,28508.0273,-2.4866%,,Open,95.0
TRENDPULSE,QQQ,Long,Weekly,2026-05-08,711.23,,,693.69,-2.4662%,,Open,88.89
TRENDPULSE,^GSPC,Long,Weekly,2026-05-08,7398.9302,,,7266.9902,-1.7832%,,Open,100.0
TRENDPULSE,3033.HK,Long,Daily,2026-05-08,4.998,,,4.634,-7.2829%,,Open,81.82
TRENDPULSE,CVS,Long,Weekly,2026-05-08,90.55,,,98.02,8.2496%,,Open,70.0
TRENDPULSE,KXS.TO,Long,Weekly,2026-05-08,158.73,,,164.0,3.3201%,,Open,91.67
TRENDPULSE,EEM,Long,Weekly,2026-05-08,67.94,,,64.66,-4.8278%,,Open,92.0
TRENDPULSE,NVDA,Long,Daily,2026-05-07,211.5,2026-05-13,225.83,225.83,6.7754%,6.0,Closed,91.67
TRENDPULSE,CEN.NZ,Long,Daily,2026-05-07,9.9,,,9.6,-3.0303%,,Open,73.33
TRENDPULSE,TSLA,Long,Daily,2026-05-07,411.79,2026-05-13,445.27,445.27,8.1304%,6.0,Closed,80.95
TRENDPULSE,HDFCBANK.NS,Long,Daily,2026-05-07,796.05,,,746.85,-6.1805%,,Open,100.0
OSCILLATOR DELTA,BRK-B,Long,Daily,2026-05-07,475.08,2026-05-14,484.06,484.06,1.8902%,7.0,Closed,100.0
TRENDPULSE,CVS,Long,Daily,2026-05-07,87.36,2026-05-14,97.15,97.15,11.2065%,7.0,Closed,95.24
OSCILLATOR DELTA,C6L.SI,Long,Daily,2026-05-07,6.33,2026-05-25,6.65,6.65,5.0553%,18.0,Closed,87.5
TRENDPULSE,^NDX,Long,Daily,2026-05-06,28599.1719,2026-05-13,29366.9434,29366.9434,2.6846%,7.0,Closed,91.67
TRENDPULSE,SPY,Long,Daily,2026-05-06,733.83,2026-05-26,750.59,750.59,2.2839%,20.0,Closed,100.0
TRENDPULSE,005930.KS,Long,Daily,2026-05-06,266000.0,2026-05-27,307000.0,307000.0,15.4135%,21.0,Closed,76.19
TRENDPULSE,QQQ,Long,Daily,2026-05-06,695.77,2026-05-13,714.71,714.71,2.7222%,7.0,Closed,75.0
OSCILLATOR DELTA,GLD,Long,Daily,2026-05-06,430.96,2026-05-11,434.65,434.65,0.8562%,5.0,Closed,84.62
TRENDPULSE,000660.KS,Long,Daily,2026-05-06,1601000.0,2026-05-14,1970000.0,1970000.0,23.0481%,8.0,Closed,100.0
TRENDPULSE,^GSPC,Long,Daily,2026-05-06,7365.1201,2026-05-27,7520.3599,7520.3599,2.1078%,21.0,Closed,100.0
TRENDPULSE,GRANULES.NS,Long,Daily,2026-05-06,736.0,2026-05-25,758.4,758.4,3.0435%,19.0,Closed,70.83
TRENDPULSE,AAPL,Long,Daily,2026-05-06,287.51,2026-05-13,298.87,298.87,3.9512%,7.0,Closed,88.46
TRENDPULSE,GOOG,Long,Daily,2026-05-06,395.14,,,353.32,-10.5836%,,Open,100.0
TRENDPULSE,DBC,Long,Daily,2026-05-05,31.2,,,29.17,-6.5064%,,Open,77.78
TRENDPULSE,USCI,Long,Daily,2026-05-05,100.995,,,96.84,-4.1141%,,Open,100.0
TRENDPULSE,CNU.NZ,Long,Daily,2026-05-05,10.15,,,9.78,-3.6453%,,Open,75.0
OSCILLATOR DELTA,USDCHF=X,Long,Daily,2026-05-04,0.7811,2026-05-06,0.7814,0.7814,0.0384%,2.0,Closed,100.0
TRENDPULSE,BDGI.TO,Long,Daily,2026-05-04,80.22,2026-05-11,82.0,82.0,2.2189%,7.0,Closed,96.67
TRENDPULSE,NOVA.F,Long,Daily,2026-05-04,37.82,2026-05-11,39.12,39.12,3.4373%,7.0,Closed,91.67
TRENDPULSE,MEL.NZ,Long,Weekly,2026-05-03,5.72,,,5.88,2.7972%,,Open,100.0
TRENDPULSE,RINF,Long,Weekly,2026-05-03,32.56,2026-06-08,32.76,32.76,0.6143%,36.0,Closed,88.89
TRENDPULSE,PPL.TO,Long,Weekly,2026-05-03,63.2,2026-06-08,67.46,67.46,6.7405%,36.0,Closed,88.89
TRENDPULSE,AMZN,Long,Weekly,2026-05-03,268.26,,,238.0,-11.2801%,,Open,86.96
BASELINEDIVERGENCE,^GSPC,Long,Weekly,2026-05-03,7230.1201,,,7266.9902,0.5100%,,Open,83.53
BASELINEDIVERGENCE,MAZDOCK.NS,Long,Weekly,2026-05-03,2738.0,,,2367.6001,-13.5281%,,Open,85.0
TRENDPULSE,GRANULES.NS,Long,Weekly,2026-05-03,701.0,2026-06-01,779.0,779.0,11.1270%,29.0,Closed,75.0
TRENDPULSE,PPL.TO,Long,Weekly,2026-05-01,63.2,,,68.23,7.9589%,,Open,88.89
DELTADRIFT,WPM.TO,Long,Daily,2026-05-01,170.85,2026-05-06,183.43,183.43,7.3632%,5.0,Closed,75.0
FRACTAL TRACK,GDX,Long,Daily,2026-05-01,87.11,,,73.81,-15.2681%,,Open,100.0
TRENDPULSE,DOL.TO,Long,Daily,2026-05-01,174.0,2026-06-09,177.88,177.88,2.2299%,39.0,Closed,100.0
PULSEGAUGE,NIO,Long,Weekly,2026-05-01,5.91,,,5.18,-12.3519%,,Open,87.5
TRENDPULSE,NVO,Long,Daily,2026-05-01,43.88,2026-05-08,46.07,46.07,4.9909%,7.0,Closed,84.62
DELTADRIFT,SPOT,Long,Daily,2026-05-01,441.51,2026-05-21,489.93,489.93,10.9669%,20.0,Closed,70.0
SIGMASHELL,^VIX,Long,Daily,2026-05-01,16.99,,,22.22,30.7828%,,Open,77.78
FRACTAL TRACK,MAR,Long,Daily,2026-05-01,354.97,,,386.23,8.8064%,,Open,95.45
SIGMASHELL,SUM.NZ,Long,Daily,2026-05-01,8.2,,,8.11,-1.0976%,,Open,78.57
TRENDPULSE,MEL.NZ,Long,Daily,2026-05-01,5.72,2026-05-18,5.88,5.88,2.7972%,17.0,Closed,91.67
SIGMASHELL,SONY,Long,Daily,2026-05-01,19.78,,,20.76,4.9545%,,Open,72.73
OSCILLATOR DELTA,PPH,Long,Daily,2026-05-01,102.3194,,,105.29,2.9033%,,Open,100.0
TRENDPULSE,AMZN,Long,Weekly,2026-05-01,268.26,,,238.0,-11.2801%,,Open,86.96
TRENDPULSE,GOOG,Long,Daily,2026-05-01,383.22,2026-05-11,386.77,386.77,0.9264%,10.0,Closed,100.0
TRENDPULSE,AIA.NZ,Long,Daily,2026-05-01,8.37,,,8.26,-1.3142%,,Open,86.84
SIGMASHELL,TCEHY,Long,Daily,2026-05-01,61.2,,,59.23,-3.2190%,,Open,70.83
TRENDPULSE,MEL.NZ,Long,Weekly,2026-05-01,5.72,,,5.88,2.7972%,,Open,100.0
TRENDPULSE,GRANULES.NS,Long,Weekly,2026-05-01,701.0,,,760.8,8.5307%,,Open,75.0
TRENDPULSE,RINF,Long,Weekly,2026-05-01,32.56,,,32.69,0.3993%,,Open,88.89
SIGMASHELL,CAD=X,Long,Daily,2026-05-01,1.358,,,1.3943,2.6730%,,Open,88.89
TRENDPULSE,BDGI.TO,Long,Daily,2026-05-01,78.36,2026-05-07,83.08,83.08,6.0235%,6.0,Closed,96.67
SIGMASHELL,IHI,Long,Daily,2026-05-01,50.5,,,49.72,-1.5446%,,Open,72.22
FRACTAL TRACK,XIU.TO,Long,Daily,2026-05-01,50.05,,,50.72,1.3387%,,Open,93.33
FRACTAL TRACK,JD,Long,Daily,2026-04-30,30.32,,,28.45,-6.1675%,,Open,100.0
TRENDPULSE,QQQ,Long,Daily,2026-04-30,667.74,2026-05-06,695.77,695.77,4.1977%,6.0,Closed,73.68
TRENDPULSE,2807.HK,Long,Daily,2026-04-30,60.94,2026-05-07,65.3,65.3,7.1546%,7.0,Closed,92.86
TRENDPULSE,^NDX,Long,Daily,2026-04-30,27452.1191,2026-05-06,28599.1719,28599.1719,4.1784%,6.0,Closed,91.3
TRENDPULSE,DBC,Long,Daily,2026-04-30,31.1,,,29.17,-6.2058%,,Open,77.78
DELTADRIFT,MCD,Long,Daily,2026-04-30,293.59,2026-05-08,275.75,275.75,-6.0765%,8.0,Closed,75.0
PULSEGAUGE,META,Long,Weekly,2026-04-30,611.91,,,570.98,-6.6889%,,Open,100.0
FRACTAL TRACK,ASML,Long,Daily,2026-04-30,1438.99,,,1734.1899,20.5144%,,Open,100.0
FRACTAL TRACK,MCY.NZ,Long,Monthly,2026-04-30,6.7,,,6.75,0.7463%,,Open,83.33
PULSEGAUGE,ETH-USD,Long,Weekly,2026-04-30,2251.8899,,,1609.85,-28.5112%,,Open,100.0
PULSEGAUGE,ORCL,Long,Weekly,2026-04-30,161.39,,,201.26,24.7041%,,Open,86.67
FRACTAL TRACK,AMZN,Long,Monthly,2026-04-30,265.06,,,238.0,-10.2090%,,Open,100.0
FRACTAL TRACK,WCN.TO,Long,Monthly,2026-04-30,223.76,,,221.68,-0.9296%,,Open,80.0
TRENDPULSE,^TNX,Long,Monthly,2026-04-30,4.39,,,4.542,3.4624%,,Open,85.71
FRACTAL TRACK,NFLX,Long,Monthly,2026-04-30,93.61,,,82.0,-12.4025%,,Open,100.0
FRACTAL TRACK,^BVSP,Long,Daily,2026-04-29,184750.4219,,,168619.2656,-8.7313%,,Open,100.0
PULSEGAUGE,COIN,Long,Weekly,2026-04-29,181.73,,,153.97,-15.2754%,,Open,75.0
OSCILLATOR DELTA,CAD=X,Long,Daily,2026-04-29,1.3679,,,1.3943,1.9300%,,Open,100.0
TRENDPULSE,TRI.TO,Long,Daily,2026-04-29,127.74,,,114.51,-10.3570%,,Open,100.0
PULSEGAUGE,CNR.TO,Long,Weekly,2026-04-29,147.91,,,166.5,12.5685%,,Open,82.35
PULSEGAUGE,XLU,Long,Weekly,2026-04-29,45.68,,,44.0,-3.6778%,,Open,76.47
TRENDPULSE,RELIANCE.NS,Long,Daily,2026-04-29,1425.4,2026-05-07,1436.2,1436.2,0.7577%,8.0,Closed,88.46
PULSEGAUGE,XIU.TO,Long,Weekly,2026-04-29,49.18,,,50.72,3.1314%,,Open,75.0
PULSEGAUGE,EURUSD=X,Long,Weekly,2026-04-29,1.1675,,,1.1538,-1.1734%,,Open,85.71
TRENDPULSE,CVS,Long,Daily,2026-04-29,83.9,2026-05-11,92.22,92.22,9.9166%,12.0,Closed,95.45
FRACTAL TRACK,BYDDY,Long,Daily,2026-04-28,13.25,,,11.01,-16.9057%,,Open,100.0
PULSEGAUGE,MFT.NZ,Long,Weekly,2026-04-28,58.5,,,65.5,11.9658%,,Open,77.78
PULSEGAUGE,RHHBY,Long,Weekly,2026-04-28,51.04,,,50.42,-1.2147%,,Open,83.33
PULSEGAUGE,EFN.TO,Long,Weekly,2026-04-28,31.86,,,26.06,-18.2046%,,Open,87.5
DELTADRIFT,PPH,Long,Daily,2026-04-28,99.73,2026-04-30,101.85,101.85,2.1257%,2.0,Closed,81.25
TRENDPULSE,GRANULES.NS,Long,Daily,2026-04-28,705.15,2026-05-11,755.6,755.6,7.1545%,13.0,Closed,72.73
OSCILLATOR DELTA,MX.TO,Long,Daily,2026-04-28,82.7,2026-05-07,83.8,83.8,1.3301%,9.0,Closed,86.36
PULSEGAUGE,CEN.NZ,Long,Weekly,2026-04-28,9.23,,,9.6,4.0087%,,Open,76.47
PULSEGAUGE,MEL.NZ,Long,Weekly,2026-04-28,5.53,,,5.88,6.3291%,,Open,83.33
PULSEGAUGE,ASML,Long,Weekly,2026-04-28,1384.5601,2026-06-04,1757.47,1757.47,26.9335%,37.0,Closed,84.21
TRENDPULSE,RY.TO,Long,Daily,2026-04-28,243.14,2026-05-11,247.37,247.37,1.7397%,13.0,Closed,100.0
OSCILLATOR DELTA,^TNX,Long,Daily,2026-04-28,4.354,2026-05-01,4.378,4.378,0.5512%,3.0,Closed,80.95
FRACTAL TRACK,SLV,Long,Daily,2026-04-27,68.33,,,57.66,-15.6154%,,Open,93.75
PULSEGAUGE,BEL.NS,Long,Weekly,2026-04-27,435.6,,,408.35,-6.2557%,,Open,100.0
PULSEGAUGE,WCN.TO,Long,Weekly,2026-04-27,220.28,,,221.68,0.6356%,,Open,78.95
FRACTAL TRACK,CVS,Long,Daily,2026-04-27,78.36,,,98.02,25.0893%,,Open,94.12
DELTADRIFT,AEM.TO,Long,Daily,2026-04-27,270.05,2026-06-05,228.02,228.02,-15.5638%,39.0,Closed,100.0
TRENDPULSE,QQQ,Long,Daily,2026-04-27,664.23,2026-05-06,695.77,695.77,4.7484%,9.0,Closed,73.68
TRENDPULSE,^NDX,Long,Daily,2026-04-27,27305.6777,2026-05-06,28599.1719,28599.1719,4.7371%,9.0,Closed,91.3
TRENDPULSE,NVDA,Long,Daily,2026-04-27,216.61,2026-05-18,222.32,222.32,2.6361%,21.0,Closed,90.91
PULSEGAUGE,SPOT,Long,Weekly,2026-04-27,495.82,,,503.1,1.4683%,,Open,100.0
FRACTAL TRACK,GLD,Long,Daily,2026-04-27,429.89,,,374.58,-12.8661%,,Open,100.0
PULSEGAUGE,^BVSP,Long,Weekly,2026-04-27,189578.7969,,,168619.2656,-11.0558%,,Open,80.0
TRENDPULSE,TD,Long,Daily,2026-04-27,105.64,2026-05-06,108.6,108.6,2.8020%,9.0,Closed,84.62
TRENDPULSE,MCY.NZ,Long,Weekly,2026-04-26,6.72,2026-06-08,6.9,6.9,2.6786%,43.0,Closed,100.0
FRACTAL TRACK,RELIANCE.NS,Long,Weekly,2026-04-26,1327.8,,,1258.8,-5.1966%,,Open,90.91
TRENDPULSE,NOVA.F,Long,Weekly,2026-04-26,35.1,2026-05-25,38.62,38.62,10.0285%,29.0,Closed,100.0
FRACTAL TRACK,BDGI.TO,Long,Weekly,2026-04-26,63.71,2026-05-01,78.36,78.36,22.9948%,5.0,Closed,88.24
TRENDPULSE,SFTBY,Long,Weekly,2026-04-26,19.34,,,19.54,1.0341%,,Open,94.12
TRENDPULSE,SOXX,Long,Weekly,2026-04-26,461.6,2026-06-01,571.93,571.93,23.9016%,36.0,Closed,95.45
TRENDPULSE,ABNB,Long,Weekly,2026-04-26,142.82,,,129.1,-9.6065%,,Open,83.33
TRENDPULSE,QQQ,Long,Weekly,2026-04-26,663.88,2026-05-26,730.28,730.28,10.0018%,30.0,Closed,94.12
FRACTAL TRACK,BABA,Long,Weekly,2026-04-26,135.82,2026-06-01,125.4,125.4,-7.6719%,36.0,Closed,100.0
TRENDPULSE,NA.TO,Long,Weekly,2026-04-26,203.68,,,205.87,1.0752%,,Open,100.0
PULSEGAUGE,BPCL.NS,Long,Weekly,2026-04-24,308.1,,,288.0,-6.5239%,,Open,100.0
PULSEGAUGE,NZDCAD=X,Long,Weekly,2026-04-24,0.8033,,,0.807,0.4606%,,Open,71.43
TRENDPULSE,MCY.NZ,Long,Weekly,2026-04-24,6.72,,,6.75,0.4464%,,Open,100.0
TRENDPULSE,ABNB,Long,Weekly,2026-04-24,142.82,,,129.1,-9.6065%,,Open,83.33
TRENDPULSE,SFTBY,Long,Weekly,2026-04-24,19.34,,,19.54,1.0341%,,Open,94.12
FRACTAL TRACK,RHHBY,Long,Daily,2026-04-24,51.75,,,50.42,-2.5700%,,Open,100.0
FRACTAL TRACK,BABA,Long,Weekly,2026-04-24,135.82,,,115.38,-15.0493%,,Open,100.0
FRACTAL TRACK,BDGI.TO,Long,Weekly,2026-04-24,63.71,,,90.97,42.7876%,,Open,88.24
TRENDPULSE,QQQ,Long,Weekly,2026-04-24,663.88,,,693.69,4.4903%,,Open,94.12
PULSEGAUGE,WPM.TO,Long,Weekly,2026-04-24,190.47,,,149.99,-21.2527%,,Open,85.71
PULSEGAUGE,IMO.TO,Long,Weekly,2026-04-24,169.79,,,167.45,-1.3782%,,Open,84.62
PULSEGAUGE,BBTC.NS,Long,Weekly,2026-04-24,1492.7,,,1520.2,1.8423%,,Open,85.71
PULSEGAUGE,WFG.TO,Long,Weekly,2026-04-24,89.5,,,91.95,2.7374%,,Open,73.33
PULSEGAUGE,BDGI.TO,Long,Weekly,2026-04-24,63.71,2026-05-01,78.36,78.36,22.9948%,7.0,Closed,78.57
TRENDPULSE,SOXX,Long,Weekly,2026-04-24,461.6,,,541.51,17.3115%,,Open,95.45
DELTADRIFT,VGT,Long,Daily,2026-04-24,104.16,2026-05-20,113.83,113.83,9.2838%,26.0,Closed,91.67
PULSEGAUGE,WPM,Long,Weekly,2026-04-24,139.44,,,107.52,-22.8916%,,Open,86.67
TRENDPULSE,NOVA.F,Long,Weekly,2026-04-24,35.1,,,37.52,6.8946%,,Open,100.0
TRENDPULSE,NA.TO,Long,Weekly,2026-04-24,203.68,,,205.87,1.0752%,,Open,100.0
FRACTAL TRACK,RELIANCE.NS,Long,Weekly,2026-04-24,1327.8,,,1258.8,-5.1966%,,Open,90.91
PULSEGAUGE,WIPRO.NS,Long,Weekly,2026-04-24,199.36,,,178.93,-10.2478%,,Open,86.67
PULSEGAUGE,XLV,Long,Weekly,2026-04-23,146.24,,,152.85,4.5200%,,Open,76.47
TRENDPULSE,BDGI.TO,Long,Daily,2026-04-23,64.16,2026-05-06,83.81,83.81,30.6266%,13.0,Closed,96.67
PULSEGAUGE,DOL.TO,Long,Weekly,2026-04-23,170.38,,,179.57,5.3938%,,Open,90.91
PULSEGAUGE,AIA.NZ,Long,Weekly,2026-04-23,8.2,,,8.26,0.7317%,,Open,81.25
PULSEGAUGE,NOVA.F,Long,Weekly,2026-04-23,32.66,2026-05-06,39.32,39.32,20.3919%,13.0,Closed,80.0
PULSEGAUGE,BYD.TO,Long,Weekly,2026-04-23,162.65,,,133.12,-18.1555%,,Open,76.92
PULSEGAUGE,RELIANCE.NS,Long,Weekly,2026-04-23,1343.4,,,1258.8,-6.2975%,,Open,100.0
PULSEGAUGE,TSLA,Long,Weekly,2026-04-23,373.72,,,381.59,2.1059%,,Open,100.0
PULSEGAUGE,BTI,Long,Weekly,2026-04-23,57.28,2026-05-13,65.35,65.35,14.0887%,20.0,Closed,78.57
PULSEGAUGE,KWEB,Long,Weekly,2026-04-23,28.43,,,26.44,-6.9996%,,Open,100.0
PULSEGAUGE,ENZL,Long,Weekly,2026-04-23,43.6883,,,45.2292,3.5270%,,Open,75.0
PULSEGAUGE,SJ.TO,Long,Weekly,2026-04-23,83.37,,,80.74,-3.1546%,,Open,80.0
PULSEGAUGE,BABA,Long,Weekly,2026-04-23,131.7,,,115.38,-12.3918%,,Open,87.5
PULSEGAUGE,HDFCBANK.NS,Long,Weekly,2026-04-23,784.35,,,746.85,-4.7810%,,Open,81.25
PULSEGAUGE,CSU.TO,Long,Weekly,2026-04-23,2501.03,2026-06-01,2931.96,2931.96,17.2301%,39.0,Closed,92.31
PULSEGAUGE,XLE,Long,Weekly,2026-04-23,56.98,,,58.25,2.2289%,,Open,75.0
PULSEGAUGE,TCEHY,Long,Weekly,2026-04-23,62.21,,,59.23,-4.7902%,,Open,100.0
PULSEGAUGE,BRK-B,Long,Weekly,2026-04-23,470.55,,,483.68,2.7904%,,Open,73.68
PULSEGAUGE,KXS.TO,Long,Weekly,2026-04-23,139.76,,,164.0,17.3440%,,Open,87.5
PULSEGAUGE,VGT,Long,Weekly,2026-04-23,101.57,,,112.34,10.6035%,,Open,80.0
PULSEGAUGE,^NZ50,Long,Weekly,2026-04-23,12884.9297,,,13253.6504,2.8616%,,Open,73.33
PULSEGAUGE,PERSISTENT.NS,Long,Weekly,2026-04-23,5065.2002,,,4928.0,-2.7087%,,Open,90.0
PULSEGAUGE,MCD,Long,Weekly,2026-04-23,302.53,,,282.52,-6.6142%,,Open,86.36
PULSEGAUGE,FRW.NZ,Long,Weekly,2026-04-23,12.56,,,13.7,9.0764%,,Open,72.73
PULSEGAUGE,CNQ.TO,Long,Weekly,2026-04-23,62.21,,,63.59,2.2183%,,Open,92.31
PULSEGAUGE,NFLX,Long,Weekly,2026-04-23,92.82,,,82.0,-11.6570%,,Open,94.12
PULSEGAUGE,GLD,Long,Weekly,2026-04-23,431.04,,,374.58,-13.0986%,,Open,87.5
PULSEGAUGE,PLTR,Long,Weekly,2026-04-23,141.57,,,130.21,-8.0243%,,Open,100.0
PULSEGAUGE,SONY,Long,Weekly,2026-04-23,20.49,,,20.76,1.3177%,,Open,72.22
PULSEGAUGE,3033.HK,Long,Weekly,2026-04-23,4.758,,,4.634,-2.6061%,,Open,100.0
PULSEGAUGE,TCS.NS,Long,Weekly,2026-04-23,2521.8,,,2153.8999,-14.5888%,,Open,93.33
PULSEGAUGE,FXI,Long,Weekly,2026-04-23,36.49,,,34.75,-4.7684%,,Open,71.43
PULSEGAUGE,AEM.TO,Long,Weekly,2026-04-23,272.45,,,212.41,-22.0371%,,Open,80.0
PULSEGAUGE,IHI,Long,Weekly,2026-04-23,53.01,,,49.72,-6.2064%,,Open,70.59
PULSEGAUGE,NAUKRI.NS,Long,Weekly,2026-04-23,1018.05,,,971.25,-4.5970%,,Open,88.24
TRENDPULSE,MCY.NZ,Long,Daily,2026-04-23,6.67,2026-05-06,6.8,6.8,1.9490%,13.0,Closed,97.3
PULSEGAUGE,SUNPHARMA.NS,Long,Weekly,2026-04-23,1680.1,,,1786.4,6.3270%,,Open,88.24
PULSEGAUGE,NKE,Long,Weekly,2026-04-23,44.78,,,43.96,-1.8312%,,Open,78.57
TRENDPULSE,IBIT,Long,Daily,2026-04-23,44.05,2026-05-06,46.19,46.19,4.8581%,13.0,Closed,100.0
PULSEGAUGE,CRM,Long,Weekly,2026-04-23,173.3,,,170.92,-1.3733%,,Open,83.33
PULSEGAUGE,BYDDY,Long,Weekly,2026-04-23,13.15,,,11.01,-16.2738%,,Open,81.82
PULSEGAUGE,GILD,Long,Weekly,2026-04-23,133.64,,,121.48,-9.0991%,,Open,84.62
PULSEGAUGE,LULU,Long,Weekly,2026-04-23,141.66,,,118.93,-16.0455%,,Open,71.43
PULSEGAUGE,MA,Long,Weekly,2026-04-23,502.38,,,489.08,-2.6474%,,Open,100.0
DELTADRIFT,GILD,Long,Daily,2026-04-23,133.64,2026-06-10,121.48,121.48,-9.0991%,48.0,Closed,83.33
TRENDPULSE,ARM,Long,Daily,2026-04-23,204.61,2026-05-11,212.65,212.65,3.9294%,18.0,Closed,83.33
PULSEGAUGE,ATD.TO,Long,Weekly,2026-04-23,78.03,,,83.43,6.9204%,,Open,88.89
PULSEGAUGE,NVO,Long,Weekly,2026-04-23,38.52,2026-05-11,46.4,46.4,20.4569%,18.0,Closed,73.68
PULSEGAUGE,SUM.NZ,Long,Weekly,2026-04-23,8.31,,,8.11,-2.4067%,,Open,87.5
PULSEGAUGE,SLV,Long,Weekly,2026-04-23,68.38,,,57.66,-15.6771%,,Open,71.43
PULSEGAUGE,^VIX,Long,Weekly,2026-04-23,19.31,,,22.22,15.0699%,,Open,100.0
PULSEGAUGE,PG,Long,Weekly,2026-04-23,145.71,,,149.05,2.2922%,,Open,84.21
PULSEGAUGE,IEI,Long,Weekly,2026-04-23,118.49,,,116.85,-1.3841%,,Open,87.5
PULSEGAUGE,PPL.TO,Long,Weekly,2026-04-23,59.18,2026-05-14,66.72,66.72,12.7408%,21.0,Closed,83.33
PULSEGAUGE,TRI.TO,Long,Weekly,2026-04-23,123.51,,,114.51,-7.2869%,,Open,84.62
PULSEGAUGE,EBO.NZ,Long,Weekly,2026-04-23,21.21,,,20.9,-1.4616%,,Open,75.0
PULSEGAUGE,PPH,Long,Weekly,2026-04-23,101.3,,,105.29,3.9388%,,Open,77.78
PULSEGAUGE,HDB,Long,Weekly,2026-04-23,25.51,,,23.2,-9.0553%,,Open,81.25
PULSEGAUGE,ATM.NZ,Long,Weekly,2026-04-23,8.96,,,6.48,-27.6786%,,Open,100.0
FRACTAL TRACK,ATM.NZ,Long,Daily,2026-04-22,9.03,,,6.48,-28.2392%,,Open,100.0
FRACTAL TRACK,DBC,Long,Daily,2026-04-21,29.21,,,29.17,-0.1369%,,Open,100.0
FRACTAL TRACK,CNQ.TO,Long,Daily,2026-04-21,60.55,,,63.59,5.0206%,,Open,100.0
TRENDPULSE,TRI.TO,Long,Daily,2026-04-21,132.44,,,114.51,-13.5382%,,Open,100.0
FRACTAL TRACK,XLE,Long,Daily,2026-04-21,55.87,,,58.25,4.2599%,,Open,94.44
FRACTAL TRACK,MX.TO,Long,Daily,2026-04-21,79.79,2026-04-30,88.88,88.88,11.3924%,9.0,Closed,100.0
FRACTAL TRACK,USO,Long,Daily,2026-04-21,128.25,,,134.3,4.7173%,,Open,86.67
FRACTAL TRACK,PPL.TO,Long,Daily,2026-04-21,58.03,,,68.23,17.5771%,,Open,100.0
TRENDPULSE,NVDA,Long,Daily,2026-04-20,202.06,2026-05-12,220.78,220.78,9.2646%,22.0,Closed,90.91
TRENDPULSE,VGT,Long,Daily,2026-04-20,809.13,,,112.34,-86.1160%,,Open,92.0
TRENDPULSE,RY.TO,Long,Daily,2026-04-20,245.85,2026-05-12,249.87,249.87,1.6351%,22.0,Closed,100.0
DELTADRIFT,PPL.TO,Long,Daily,2026-04-20,58.11,2026-04-23,59.18,59.18,1.8413%,3.0,Closed,92.31
FRACTAL TRACK,AAPL,Long,Weekly,2026-04-19,270.23,2026-05-27,310.85,310.85,15.0316%,38.0,Closed,94.44
FRACTAL TRACK,GILD,Long,Weekly,2026-04-19,137.64,,,121.48,-11.7408%,,Open,77.78
FRACTAL TRACK,BPCL.NS,Long,Weekly,2026-04-19,312.1,,,288.0,-7.7219%,,Open,100.0
DELTADRIFT,BYD.TO,Long,Weekly,2026-04-19,167.85,,,133.12,-20.6911%,,Open,83.33
FRACTAL TRACK,^NSEI,Long,Weekly,2026-04-19,24353.5508,,,23214.9492,-4.6753%,,Open,95.24
DELTADRIFT,NKE,Long,Weekly,2026-04-19,46.03,,,43.96,-4.4971%,,Open,85.71
BASELINEDIVERGENCE,^GSPC,Long,Weekly,2026-04-19,7126.0601,,,7266.9902,1.9777%,,Open,83.33
DELTADRIFT,TRI.TO,Long,Weekly,2026-04-19,127.45,,,114.51,-10.1530%,,Open,83.33
FRACTAL TRACK,AIA.NZ,Long,Weekly,2026-04-19,8.18,,,8.26,0.9780%,,Open,93.33
FRACTAL TRACK,GOOG,Long,Weekly,2026-04-19,339.4,,,353.32,4.1014%,,Open,100.0
FRACTAL TRACK,FRW.NZ,Long,Weekly,2026-04-19,12.25,,,13.7,11.8367%,,Open,100.0
FRACTAL TRACK,XLY,Long,Weekly,2026-04-19,120.41,,,113.49,-5.7470%,,Open,92.31
FRACTAL TRACK,ASML,Long,Weekly,2026-04-19,1459.8,,,1734.1899,18.7964%,,Open,100.0
FRACTAL TRACK,NVDA,Long,Weekly,2026-04-19,201.68,,,200.42,-0.6248%,,Open,100.0
FRACTAL TRACK,^DJI,Long,Weekly,2026-04-19,49447.4297,,,49918.7812,0.9532%,,Open,100.0
FRACTAL TRACK,DIA,Long,Weekly,2026-04-19,494.22,,,500.25,1.2201%,,Open,94.44
FRACTAL TRACK,MSFT,Long,Weekly,2026-04-19,422.79,,,397.36,-6.0148%,,Open,100.0
TRENDPULSE,AMZN,Long,Weekly,2026-04-19,250.56,2026-05-18,264.86,264.86,5.7072%,29.0,Closed,95.65
FRACTAL TRACK,BDL.NS,Long,Weekly,2026-04-19,1380.7,,,1183.8,-14.2609%,,Open,83.33
FRACTAL TRACK,JETS,Long,Weekly,2026-04-19,27.92,,,27.25,-2.3997%,,Open,100.0
TRENDPULSE,MEL.NZ,Long,Weekly,2026-04-19,5.54,2026-05-25,5.87,5.87,5.9567%,36.0,Closed,100.0
FRACTAL TRACK,GBPUSD=X,Long,Weekly,2026-04-19,1.3516,,,1.3368,-1.0950%,,Open,100.0
TRENDPULSE,ASHR,Long,Weekly,2026-04-19,34.78,2026-05-26,36.1,36.1,3.7953%,37.0,Closed,75.0
FRACTAL TRACK,NVDA,Long,Weekly,2026-04-17,201.68,,,200.42,-0.6248%,,Open,100.0
TRENDPULSE,ASHR,Long,Weekly,2026-04-17,34.78,,,34.66,-0.3450%,,Open,75.0
DELTADRIFT,TRI.TO,Long,Weekly,2026-04-17,127.45,,,114.51,-10.1530%,,Open,83.33
DELTADRIFT,BYD.TO,Long,Weekly,2026-04-17,167.85,,,133.12,-20.6911%,,Open,83.33
FRACTAL TRACK,ASML,Long,Weekly,2026-04-17,1459.8,,,1734.1899,18.7964%,,Open,100.0
FRACTAL TRACK,XLY,Long,Weekly,2026-04-17,120.41,,,113.49,-5.7470%,,Open,92.31
TRENDPULSE,AMZN,Long,Weekly,2026-04-17,250.56,,,238.0,-5.0128%,,Open,95.65
TRENDPULSE,MEL.NZ,Long,Weekly,2026-04-17,5.54,,,5.88,6.1372%,,Open,100.0
FRACTAL TRACK,BDL.NS,Long,Weekly,2026-04-17,1380.7,,,1183.8,-14.2609%,,Open,83.33
FRACTAL TRACK,JETS,Long,Weekly,2026-04-17,27.92,,,27.25,-2.3997%,,Open,100.0
FRACTAL TRACK,GOOG,Long,Weekly,2026-04-17,339.4,,,353.32,4.1014%,,Open,100.0
FRACTAL TRACK,^DJI,Long,Weekly,2026-04-17,49447.4297,,,49918.7812,0.9532%,,Open,100.0
FRACTAL TRACK,BPCL.NS,Long,Weekly,2026-04-17,312.1,,,288.0,-7.7219%,,Open,100.0
FRACTAL TRACK,GBPUSD=X,Long,Weekly,2026-04-17,1.3516,,,1.3368,-1.0950%,,Open,100.0
DELTADRIFT,NKE,Long,Weekly,2026-04-17,46.03,,,43.96,-4.4971%,,Open,85.71
FRACTAL TRACK,FRW.NZ,Long,Weekly,2026-04-17,12.25,,,13.7,11.8367%,,Open,100.0
FRACTAL TRACK,MSFT,Long,Weekly,2026-04-17,422.79,,,397.36,-6.0148%,,Open,100.0
FRACTAL TRACK,GILD,Long,Weekly,2026-04-17,137.64,,,121.48,-11.7408%,,Open,77.78
TRENDPULSE,VGT,Long,Daily,2026-04-17,805.58,,,112.34,-86.0548%,,Open,92.0
FRACTAL TRACK,DIA,Long,Weekly,2026-04-17,494.22,,,500.25,1.2201%,,Open,94.44
FRACTAL TRACK,AIA.NZ,Long,Weekly,2026-04-17,8.18,,,8.26,0.9780%,,Open,93.33
FRACTAL TRACK,^NSEI,Long,Weekly,2026-04-17,24353.5508,,,23214.9492,-4.6753%,,Open,95.24
BASELINEDIVERGENCE,^GSPC,Long,Weekly,2026-04-17,7126.0601,,,7266.9902,1.9777%,,Open,83.33
DELTADRIFT,ATM.NZ,Long,Daily,2026-04-16,9.5,2026-05-12,7.7,7.7,-18.9474%,26.0,Closed,75.0
OSCILLATOR DELTA,NAUKRI.NS,Long,Daily,2026-04-16,1047.7,2026-05-12,930.9,930.9,-11.1482%,26.0,Closed,87.5
TRENDPULSE,MSFT,Long,Daily,2026-04-16,420.26,,,397.36,-5.4490%,,Open,100.0
FRACTAL TRACK,CSU.TO,Long,Daily,2026-04-15,2631.5601,,,3143.7,19.4615%,,Open,89.47
FRACTAL TRACK,PFE,Long,Daily,2026-04-15,27.19,,,25.6,-5.8477%,,Open,92.31
TRENDPULSE,SPY,Long,Daily,2026-04-15,699.94,2026-04-22,711.21,711.21,1.6101%,7.0,Closed,100.0
TRENDPULSE,TD.TO,Long,Daily,2026-04-15,142.77,2026-05-01,145.84,145.84,2.1503%,16.0,Closed,90.91
SIGMASHELL,DOL.TO,Long,Daily,2026-04-15,174.38,2026-06-10,179.57,179.57,2.9763%,56.0,Closed,100.0
TRENDPULSE,MCY.NZ,Long,Daily,2026-04-15,6.73,2026-05-15,7.05,7.05,4.7548%,30.0,Closed,97.37
TRENDPULSE,KWEB,Long,Daily,2026-04-15,29.64,,,26.44,-10.7962%,,Open,100.0
FRACTAL TRACK,ATM.NZ,Long,Daily,2026-04-15,9.4,,,6.48,-31.0638%,,Open,100.0
TRENDPULSE,AMZN,Long,Daily,2026-04-14,249.02,2026-04-24,263.99,263.99,6.0116%,10.0,Closed,100.0
TRENDPULSE,MA,Long,Daily,2026-04-14,513.16,2026-04-20,516.65,516.65,0.6801%,6.0,Closed,81.48
TRENDPULSE,XLV,Long,Daily,2026-04-14,148.83,2026-06-09,154.57,154.57,3.8567%,56.0,Closed,80.77
TRENDPULSE,TD.TO,Long,Daily,2026-04-14,141.95,2026-04-21,144.11,144.11,1.5217%,7.0,Closed,90.91
TRENDPULSE,MCY.NZ,Long,Daily,2026-04-14,6.6,2026-05-06,6.8,6.8,3.0303%,22.0,Closed,97.37
TRENDPULSE,MSFT,Long,Daily,2026-04-14,393.11,2026-04-20,418.07,418.07,6.3494%,6.0,Closed,100.0
TRENDPULSE,NFLX,Long,Daily,2026-04-14,106.28,,,82.0,-22.8453%,,Open,88.89
OSCILLATOR DELTA,XLY,Long,Daily,2026-04-14,116.44,2026-04-23,117.74,117.74,1.1165%,9.0,Closed,85.71
TRENDPULSE,^GSPC,Long,Daily,2026-04-14,6967.3799,2026-04-21,7064.0098,7064.0098,1.3869%,7.0,Closed,100.0
TRENDPULSE,BYDDY,Long,Daily,2026-04-14,14.1,,,11.01,-21.9149%,,Open,91.67
TRENDPULSE,TRI.TO,Long,Daily,2026-04-14,121.22,2026-04-21,132.44,132.44,9.2559%,7.0,Closed,100.0
DELTADRIFT,^VIX,Long,Daily,2026-04-13,19.12,2026-05-29,15.32,15.32,-19.8745%,46.0,Closed,80.0
TRENDPULSE,AVGO,Long,Daily,2026-04-13,379.75,2026-04-20,399.63,399.63,5.2350%,7.0,Closed,95.24
FRACTAL TRACK,FXI,Long,Weekly,2026-04-12,36.25,,,34.75,-4.1379%,,Open,94.44
FRACTAL TRACK,SLV,Long,Weekly,2026-04-12,69.08,,,57.66,-16.5316%,,Open,91.67
FRACTAL TRACK,EFN.TO,Long,Weekly,2026-04-12,32.09,,,26.06,-18.7909%,,Open,90.0
FRACTAL TRACK,BRK-B,Long,Weekly,2026-04-12,479.9,,,483.68,0.7877%,,Open,95.45
DELTADRIFT,BPCL.NS,Long,Weekly,2026-04-12,299.35,,,288.0,-3.7915%,,Open,83.33
FRACTAL TRACK,SONY,Long,Weekly,2026-04-12,21.05,,,20.76,-1.3777%,,Open,100.0
FRACTAL TRACK,XLF,Long,Weekly,2026-04-12,50.77,,,52.23,2.8757%,,Open,100.0
FRACTAL TRACK,BIPC.TO,Long,Weekly,2026-04-12,58.11,,,57.65,-0.7916%,,Open,100.0
FRACTAL TRACK,^NZ50,Long,Weekly,2026-04-12,13181.4404,,,13253.6504,0.5478%,,Open,100.0
DELTADRIFT,BBTC.NS,Long,Weekly,2026-04-12,1487.4,,,1520.2,2.2052%,,Open,71.43
FRACTAL TRACK,MA,Long,Weekly,2026-04-12,498.66,,,489.08,-1.9211%,,Open,90.48
FRACTAL TRACK,META,Long,Weekly,2026-04-12,629.86,,,570.98,-9.3481%,,Open,100.0
TRENDPULSE,AIA.NZ,Long,Weekly,2026-04-12,8.25,,,8.26,0.1212%,,Open,100.0
FRACTAL TRACK,XLV,Long,Weekly,2026-04-12,147.31,,,152.85,3.7608%,,Open,100.0
FRACTAL TRACK,IEI,Long,Weekly,2026-04-12,118.42,,,116.85,-1.3258%,,Open,87.5
FRACTAL TRACK,DOL.TO,Long,Weekly,2026-04-12,176.82,,,179.57,1.5553%,,Open,100.0
FRACTAL TRACK,XLV,Long,Weekly,2026-04-10,147.31,,,152.85,3.7608%,,Open,100.0
TRENDPULSE,NFLX,Long,Daily,2026-04-10,103.01,,,82.0,-20.3961%,,Open,88.89
FRACTAL TRACK,MA,Long,Weekly,2026-04-10,498.66,,,489.08,-1.9211%,,Open,90.48
FRACTAL TRACK,MX.TO,Long,Daily,2026-04-10,82.76,,,81.94,-0.9908%,,Open,100.0
FRACTAL TRACK,META,Long,Weekly,2026-04-10,629.86,,,570.98,-9.3481%,,Open,100.0
FRACTAL TRACK,SONY,Long,Weekly,2026-04-10,21.05,,,20.76,-1.3777%,,Open,100.0
FRACTAL TRACK,JPY=X,Long,Daily,2026-04-10,159.245,,,160.5,0.7881%,,Open,100.0
FRACTAL TRACK,IEI,Long,Weekly,2026-04-10,118.42,,,116.85,-1.3258%,,Open,87.5
TRENDPULSE,MAZDOCK.NS,Long,Daily,2026-04-10,2470.2,2026-04-20,2621.2,2621.2,6.1129%,10.0,Closed,94.74
FRACTAL TRACK,BIPC.TO,Long,Weekly,2026-04-10,58.11,,,57.65,-0.7916%,,Open,100.0
FRACTAL TRACK,CNQ.TO,Long,Daily,2026-04-10,64.16,,,63.59,-0.8884%,,Open,100.0
FRACTAL TRACK,SLV,Long,Weekly,2026-04-10,69.08,,,57.66,-16.5316%,,Open,91.67
DELTADRIFT,SJ.TO,Long,Daily,2026-04-10,85.89,2026-05-06,77.01,77.01,-10.3388%,26.0,Closed,75.0
DELTADRIFT,BPCL.NS,Long,Weekly,2026-04-10,299.35,,,288.0,-3.7915%,,Open,83.33
DELTADRIFT,BBTC.NS,Long,Weekly,2026-04-10,1487.4,,,1520.2,2.2052%,,Open,71.43
FRACTAL TRACK,FXI,Long,Weekly,2026-04-10,36.25,,,34.75,-4.1379%,,Open,94.44
TRENDPULSE,AIA.NZ,Long,Weekly,2026-04-10,8.25,,,8.26,0.1212%,,Open,100.0
FRACTAL TRACK,DOL.TO,Long,Weekly,2026-04-10,176.82,,,179.57,1.5553%,,Open,100.0
FRACTAL TRACK,XLF,Long,Weekly,2026-04-10,50.77,,,52.23,2.8757%,,Open,100.0
FRACTAL TRACK,EFN.TO,Long,Weekly,2026-04-10,32.09,,,26.06,-18.7909%,,Open,90.0
FRACTAL TRACK,XLE,Long,Daily,2026-04-10,56.94,,,58.25,2.3007%,,Open,94.44
TRENDPULSE,MCY.NZ,Long,Daily,2026-04-09,6.5,2026-04-28,6.67,6.67,2.6154%,19.0,Closed,97.37
TRENDPULSE,ASML,Long,Daily,2026-04-09,1448.64,2026-05-11,1565.8101,1565.8101,8.0883%,32.0,Closed,93.75
TRENDPULSE,^BVSP,Long,Daily,2026-04-09,195129.25,,,168619.2656,-13.5859%,,Open,95.65
TRENDPULSE,META,Long,Daily,2026-04-09,628.39,2026-04-17,688.55,688.55,9.5737%,8.0,Closed,100.0
TRENDPULSE,XLF,Long,Daily,2026-04-09,51.33,2026-04-17,52.43,52.43,2.1430%,8.0,Closed,100.0
TRENDPULSE,ATZ.TO,Long,Daily,2026-04-09,126.64,2026-04-17,139.93,139.93,10.4943%,8.0,Closed,93.1
TRENDPULSE,WMT,Long,Daily,2026-04-09,129.13,2026-05-06,130.08,130.08,0.7357%,27.0,Closed,96.3
FRACTAL TRACK,^TNX,Long,Daily,2026-04-09,4.293,,,4.542,5.8001%,,Open,100.0
OSCILLATOR DELTA,INDA,Long,Daily,2026-04-08,49.27,2026-04-21,49.8,49.8,1.0757%,13.0,Closed,93.33
TRENDPULSE,SOXX,Long,Daily,2026-04-08,370.4,2026-04-14,401.24,401.24,8.3261%,6.0,Closed,82.14
OSCILLATOR DELTA,MEL.NZ,Long,Daily,2026-04-08,5.56,2026-04-13,5.57,5.57,0.1799%,5.0,Closed,90.48
OSCILLATOR DELTA,^NSEI,Long,Daily,2026-04-08,23997.3496,2026-04-23,24173.0508,24173.0508,0.7322%,15.0,Closed,100.0
OSCILLATOR DELTA,KWEB,Long,Daily,2026-04-08,29.1,2026-04-21,29.41,29.41,1.0653%,13.0,Closed,81.48
OSCILLATOR DELTA,ENZL,Long,Daily,2026-04-08,44.4287,2026-04-17,44.5703,44.5703,0.3187%,9.0,Closed,86.36
TRENDPULSE,ATZ.TO,Long,Daily,2026-04-08,124.99,2026-04-15,134.13,134.13,7.3126%,7.0,Closed,93.1
OSCILLATOR DELTA,INDY,Long,Daily,2026-04-08,44.36,,,41.7817,-5.8122%,,Open,88.89
OSCILLATOR DELTA,JPM,Long,Daily,2026-04-08,307.97,2026-04-10,309.87,309.87,0.6169%,2.0,Closed,93.33
OSCILLATOR DELTA,NIFTY_MIDCAP_100.NS,Long,Daily,2026-04-07,54600.5508,,,59810.1992,9.5414%,,Open,100.0
SIGMASHELL,NIFTY_MIDCAP_100.NS,Long,Daily,2026-04-07,54600.5508,,,59810.1992,9.5414%,,Open,87.5
TRENDPULSE,GS,Long,Daily,2026-04-07,864.15,2026-04-13,890.79,890.79,3.0828%,6.0,Closed,95.24
TRENDPULSE,WIPRO.NS,Long,Daily,2026-04-07,204.72,,,178.93,-12.5977%,,Open,95.65
TRENDPULSE,NU,Long,Daily,2026-04-07,14.15,2026-04-13,14.95,14.95,5.6537%,6.0,Closed,100.0
SIGMASHELL,PG,Long,Daily,2026-04-07,141.3,,,149.05,5.4848%,,Open,90.91
TRENDPULSE,JETS,Long,Daily,2026-04-07,24.79,2026-04-13,25.81,25.81,4.1146%,6.0,Closed,80.95
OSCILLATOR DELTA,SUM.NZ,Long,Daily,2026-04-07,8.93,2026-04-21,7.99,7.99,-10.5263%,14.0,Closed,84.21
TRENDPULSE,IBIT,Long,Daily,2026-04-07,39.1,2026-04-13,41.59,41.59,6.3683%,6.0,Closed,100.0
OSCILLATOR DELTA,HDFCBANK.NS,Long,Daily,2026-04-06,771.0,2026-04-13,794.7,794.7,3.0739%,7.0,Closed,80.0
FRACTAL TRACK,BTI,Long,Daily,2026-04-06,58.71,,,61.12,4.1049%,,Open,100.0
OSCILLATOR DELTA,TCS.NS,Long,Daily,2026-04-06,2473.8999,2026-04-21,2610.5,2610.5,5.5217%,15.0,Closed,85.0
DELTADRIFT,HDB,Long,Weekly,2026-04-05,24.83,2026-04-09,27.11,27.11,9.1824%,4.0,Closed,100.0
BASELINEDIVERGENCE,TRI.TO,Long,Weekly,2026-04-05,125.58,,,114.51,-8.8151%,,Open,82.46
BASELINEDIVERGENCE,BEL.NS,Long,Weekly,2026-04-05,421.6,,,408.35,-3.1428%,,Open,81.51
FRACTAL TRACK,EFA,Long,Weekly,2026-04-05,98.0,,,101.57,3.6429%,,Open,100.0
DELTADRIFT,EMAMILTD.NS,Long,Weekly,2026-04-05,398.3,2026-04-10,424.15,424.15,6.4901%,5.0,Closed,87.5
DELTADRIFT,DIS,Long,Weekly,2026-04-05,96.61,2026-04-14,102.59,102.59,6.1898%,9.0,Closed,88.89
DELTADRIFT,TSLA,Long,Weekly,2026-04-05,360.59,2026-04-15,391.95,391.95,8.6969%,10.0,Closed,100.0
DELTADRIFT,FXI,Long,Weekly,2026-04-05,35.56,2026-04-14,36.89,36.89,3.7402%,9.0,Closed,70.0
FRACTAL TRACK,BAC,Long,Weekly,2026-04-05,49.38,,,54.54,10.4496%,,Open,100.0
DELTADRIFT,IHI,Long,Weekly,2026-04-05,53.24,,,49.72,-6.6116%,,Open,100.0
FRACTAL TRACK,NA.TO,Long,Weekly,2026-04-05,185.01,,,205.87,11.2751%,,Open,100.0
FRACTAL TRACK,EWJ,Long,Weekly,2026-04-05,85.29,,,89.29,4.6899%,,Open,94.12
FRACTAL TRACK,SFTBY,Long,Weekly,2026-04-05,11.49,2026-04-14,13.93,13.93,21.2359%,9.0,Closed,100.0
FRACTAL TRACK,RY.TO,Long,Weekly,2026-04-05,227.34,,,275.76,21.2985%,,Open,100.0
DELTADRIFT,INDY,Long,Weekly,2026-04-05,42.115,2026-04-09,44.36,44.36,5.3306%,4.0,Closed,71.43
DELTADRIFT,INDA,Long,Weekly,2026-04-05,46.65,2026-04-09,49.27,49.27,5.6163%,4.0,Closed,100.0
FRACTAL TRACK,RHHBY,Long,Weekly,2026-04-05,49.85,,,50.42,1.1434%,,Open,100.0
DELTADRIFT,MFT.NZ,Long,Weekly,2026-04-05,58.99,2026-05-04,61.5,61.5,4.2550%,29.0,Closed,88.89
FRACTAL TRACK,XLU,Long,Weekly,2026-04-05,46.34,,,44.0,-5.0496%,,Open,100.0
DELTADRIFT,XLY,Long,Weekly,2026-04-05,108.15,2026-04-09,112.74,112.74,4.2441%,4.0,Closed,100.0
FRACTAL TRACK,SJ.TO,Long,Weekly,2026-04-05,93.2,,,80.74,-13.3691%,,Open,100.0
FRACTAL TRACK,EURUSD=X,Long,Weekly,2026-04-05,1.1522,,,1.1538,0.1389%,,Open,100.0
BASELINEDIVERGENCE,BN.TO,Long,Weekly,2026-04-05,56.93,,,62.27,9.3799%,,Open,92.59
TRENDPULSE,MU,Long,Quarterly,2026-03-31,337.84,,,891.88,163.9948%,,Open,100.0
TRENDPULSE,PPL.TO,Long,Monthly,2026-03-31,62.27,,,68.23,9.5712%,,Open,100.0
FRACTAL TRACK,PPL.TO,Long,Monthly,2026-03-31,62.27,,,68.23,9.5712%,,Open,100.0
TRENDPULSE,^BVSP,Long,Quarterly,2026-03-31,187462.0,,,168619.2656,-10.0515%,,Open,75.0
TRENDPULSE,IWM,Long,Quarterly,2026-03-31,248.0,,,282.05,13.7298%,,Open,100.0
TRENDPULSE,SLV,Long,Quarterly,2026-03-31,68.14,,,57.66,-15.3801%,,Open,100.0
TRENDPULSE,CNQ.TO,Long,Monthly,2026-03-31,67.86,,,63.59,-6.2924%,,Open,80.0
FRACTAL TRACK,PG,Long,Monthly,2026-03-31,144.44,,,149.05,3.1916%,,Open,82.35
TRENDPULSE,NA.TO,Long,Quarterly,2026-03-31,180.01,,,205.87,14.3659%,,Open,100.0
