date,close,source
2019-05-08,16.375017166137695,yahoo_live
2019-05-09,16.384187698364258,yahoo_live
2019-05-10,16.38680648803711,yahoo_live
2019-05-13,16.2669677734375,yahoo_live
2019-05-14,16.359954833984375,yahoo_live
2019-05-15,16.56427574157715,yahoo_live
2019-05-16,16.742403030395508,yahoo_live
2019-05-17,16.79478645324707,yahoo_live
2019-05-20,16.686737060546875,yahoo_live
2019-05-21,16.705074310302734,yahoo_live
2019-05-22,16.71555519104004,yahoo_live
2019-05-23,16.62386703491211,yahoo_live
2019-05-24,16.658580780029297,yahoo_live
2019-05-28,16.7627010345459,yahoo_live
2019-05-29,16.695249557495117,yahoo_live
2019-05-30,16.729957580566406,yahoo_live
2019-05-31,16.598329544067383,yahoo_live
2019-06-03,16.5400447845459,yahoo_live
2019-06-04,16.56755256652832,yahoo_live
2019-06-05,16.63041877746582,yahoo_live
2019-06-06,16.60749626159668,yahoo_live
2019-06-07,16.735849380493164,yahoo_live
2019-06-10,16.65137481689453,yahoo_live
2019-06-11,16.617319107055664,yahoo_live
2019-06-12,16.69001007080078,yahoo_live
2019-06-13,16.78890037536621,yahoo_live
2019-06-14,16.868135452270508,yahoo_live
2019-06-17,16.862895965576172,yahoo_live
2019-06-18,16.991249084472656,yahoo_live
2019-06-19,17.051502227783203,yahoo_live
2019-06-20,17.022031784057617,yahoo_live
2019-06-21,16.748292922973633,yahoo_live
2019-06-24,16.79151725769043,yahoo_live
2019-06-25,16.81770896911621,yahoo_live
2019-06-26,16.640241622924805,yahoo_live
2019-06-27,16.741865158081055,yahoo_live
2019-06-28,16.820541381835938,yahoo_live
2019-07-01,16.889385223388672,yahoo_live
2019-07-02,17.043460845947266,yahoo_live
2019-07-03,17.199506759643555,yahoo_live
2019-07-05,17.029693603515625,yahoo_live
2019-07-08,16.993629455566406,yahoo_live
2019-07-09,16.97461700439453,yahoo_live
2019-07-10,16.948396682739258,yahoo_live
2019-07-11,16.80677604675293,yahoo_live
2019-07-12,16.850046157836914,yahoo_live
2019-07-15,16.938556671142578,yahoo_live
2019-07-16,16.9320011138916,yahoo_live
2019-07-17,16.9975643157959,yahoo_live
2019-07-18,16.9975643157959,yahoo_live
2019-07-19,16.987077713012695,yahoo_live
2019-07-22,17.023786544799805,yahoo_live
2019-07-23,17.129350662231445,yahoo_live
2019-07-24,17.274906158447266,yahoo_live
2019-07-25,17.122793197631836,yahoo_live
2019-07-26,17.244091033935547,yahoo_live
2019-07-29,17.219829559326172,yahoo_live
2019-07-30,17.110992431640625,yahoo_live
2019-07-31,17.188358306884766,yahoo_live
2019-08-01,17.3260440826416,yahoo_live
2019-08-02,17.195571899414062,yahoo_live
2019-08-05,16.94249153137207,yahoo_live
2019-08-06,17.20802879333496,yahoo_live
2019-08-07,17.26310157775879,yahoo_live
2019-08-08,17.436193466186523,yahoo_live
2019-08-09,17.285396575927734,yahoo_live
2019-08-12,17.531917572021484,yahoo_live
2019-08-13,17.618459701538086,yahoo_live
2019-08-14,17.868263244628906,yahoo_live
2019-08-15,18.177072525024414,yahoo_live
2019-08-16,18.125926971435547,yahoo_live
2019-08-19,17.975786209106445,yahoo_live
2019-08-20,18.056432723999023,yahoo_live
2019-08-21,18.026927947998047,yahoo_live
2019-08-22,17.929237365722656,yahoo_live
2019-08-23,17.981689453125,yahoo_live
2019-08-26,18.082658767700195,yahoo_live
2019-08-27,18.31999969482422,yahoo_live
2019-08-28,18.386877059936523,yahoo_live
2019-08-29,18.382286071777344,yahoo_live
2019-08-30,18.474733352661133,yahoo_live
2019-09-03,18.561277389526367,yahoo_live
2019-09-04,18.597991943359375,yahoo_live
2019-09-05,18.24066734313965,yahoo_live
2019-09-06,18.325899124145508,yahoo_live
2019-09-09,18.007261276245117,yahoo_live
2019-09-10,17.749589920043945,yahoo_live
2019-09-11,17.824331283569336,yahoo_live
2019-09-12,17.687963485717773,yahoo_live
2019-09-13,17.34571647644043,yahoo_live
2019-09-16,17.590923309326172,yahoo_live
2019-09-17,17.609281539916992,yahoo_live
2019-09-18,17.710250854492188,yahoo_live
2019-09-19,17.722707748413086,yahoo_live
2019-09-20,17.910221099853516,yahoo_live
2019-09-23,17.965959548950195,yahoo_live
2019-09-24,18.095115661621094,yahoo_live
2019-09-25,18.013816833496094,yahoo_live
2019-09-26,18.12002944946289,yahoo_live
2019-09-27,18.09901237487793,yahoo_live
2019-09-30,18.192277908325195,yahoo_live
2019-10-01,18.184391021728516,yahoo_live
2019-10-02,18.210664749145508,yahoo_live
2019-10-03,18.317058563232422,yahoo_live
2019-10-04,18.385364532470703,yahoo_live
2019-10-07,18.300636291503906,yahoo_live
2019-10-08,18.29341697692871,yahoo_live
2019-10-09,18.252038955688477,yahoo_live
2019-10-10,18.081279754638672,yahoo_live
2019-10-11,17.974885940551758,yahoo_live
2019-10-14,18.05763816833496,yahoo_live
2019-10-15,17.976198196411133,yahoo_live
2019-10-16,17.942705154418945,yahoo_live
2019-10-17,17.871776580810547,yahoo_live
2019-10-18,17.814634323120117,yahoo_live
2019-10-21,17.765378952026367,yahoo_live
2019-10-22,17.813322067260742,yahoo_live
2019-10-23,17.83827781677246,yahoo_live
2019-10-24,17.892135620117188,yahoo_live
2019-10-25,17.878341674804688,yahoo_live
2019-10-28,17.788366317749023,yahoo_live
2019-10-29,17.788366317749023,yahoo_live
2019-10-30,17.877683639526367,yahoo_live
2019-10-31,17.98670768737793,yahoo_live
2019-11-01,17.952556610107422,yahoo_live
2019-11-04,17.93285369873047,yahoo_live
2019-11-05,17.880313873291016,yahoo_live
2019-11-06,17.939422607421875,yahoo_live
2019-11-07,17.815948486328125,yahoo_live
2019-11-08,17.804784774780273,yahoo_live
2019-11-11,17.798215866088867,yahoo_live
2019-11-12,17.857328414916992,yahoo_live
2019-11-13,17.88425064086914,yahoo_live
2019-11-14,17.90986442565918,yahoo_live
2019-11-15,17.903301239013672,yahoo_live
2019-11-18,17.90986442565918,yahoo_live
2019-11-19,17.942705154418945,yahoo_live
2019-11-20,17.96569061279297,yahoo_live
2019-11-21,17.93219566345215,yahoo_live
2019-11-22,18.005754470825195,yahoo_live
2019-11-25,18.12331199645996,yahoo_live
2019-11-26,18.1627197265625,yahoo_live
2019-11-27,18.185707092285156,yahoo_live
2019-11-29,18.11740493774414,yahoo_live
2019-12-02,17.86060905456543,yahoo_live
2019-12-03,17.953866958618164,yahoo_live
2019-12-04,17.972259521484375,yahoo_live
2019-12-05,17.89344596862793,yahoo_live
2019-12-06,17.991958618164062,yahoo_live
2019-12-09,17.968976974487305,yahoo_live
2019-12-10,17.88688087463379,yahoo_live
2019-12-11,17.942049026489258,yahoo_live
2019-12-12,17.942049026489258,yahoo_live
2019-12-13,18.115434646606445,yahoo_live
2019-12-16,18.129884719848633,yahoo_live
2019-12-17,18.09638786315918,yahoo_live
2019-12-18,18.06749153137207,yahoo_live
2019-12-19,18.097043991088867,yahoo_live
2019-12-20,18.217885971069336,yahoo_live
2019-12-23,18.20541000366211,yahoo_live
2019-12-24,18.222484588623047,yahoo_live
2019-12-26,18.305892944335938,yahoo_live
2019-12-27,18.27655792236328,yahoo_live
2019-12-30,18.110549926757812,yahoo_live
2019-12-31,18.121997833251953,yahoo_live
2020-01-02,18.360994338989258,yahoo_live
2020-01-03,18.320919036865234,yahoo_live
2020-01-06,18.35741424560547,yahoo_live
2020-01-07,18.328792572021484,yahoo_live
2020-01-08,18.33451271057129,yahoo_live
2020-01-09,18.401779174804688,yahoo_live
2020-01-10,18.400346755981445,yahoo_live
2020-01-13,18.464746475219727,yahoo_live
2020-01-14,18.471181869506836,yahoo_live
2020-01-15,18.501237869262695,yahoo_live
2020-01-16,18.602128982543945,yahoo_live
2020-01-17,18.678693771362305,yahoo_live
2020-01-21,18.622879028320312,yahoo_live
2020-01-22,18.651506423950195,yahoo_live
2020-01-23,18.700876235961914,yahoo_live
2020-01-24,18.605709075927734,yahoo_live
2020-01-27,18.367429733276367,yahoo_live
2020-01-28,18.44757080078125,yahoo_live
2020-01-29,18.559911727905273,yahoo_live
2020-01-30,18.536300659179688,yahoo_live
2020-01-31,18.303749084472656,yahoo_live
2020-02-03,18.39390754699707,yahoo_live
2020-02-04,18.461885452270508,yahoo_live
2020-02-05,18.500520706176758,yahoo_live
2020-02-06,18.60785675048828,yahoo_live
2020-02-07,18.64363670349121,yahoo_live
2020-02-10,18.819656372070312,yahoo_live
2020-02-11,18.82681655883789,yahoo_live
2020-02-12,18.890499114990234,yahoo_live
2020-02-13,18.86115837097168,yahoo_live
2020-02-14,18.929853439331055,yahoo_live
2020-02-18,19.015716552734375,yahoo_live
2020-02-19,19.151674270629883,yahoo_live
2020-02-20,19.186019897460938,yahoo_live
2020-02-21,19.16956329345703,yahoo_live
2020-02-24,18.844703674316406,yahoo_live
2020-02-25,18.50481605529785,yahoo_live
2020-02-26,18.494083404541016,yahoo_live
2020-02-27,18.01251983642578,yahoo_live
2020-02-28,17.91663360595703,yahoo_live
2020-03-02,18.282995223999023,yahoo_live
2020-03-03,18.41036033630371,yahoo_live
2020-03-04,18.670822143554688,yahoo_live
2020-03-05,18.588537216186523,yahoo_live
2020-03-06,18.750961303710938,yahoo_live
2020-03-09,18.184967041015625,yahoo_live
2020-03-10,18.365999221801758,yahoo_live
2020-03-11,18.086936950683594,yahoo_live
2020-03-12,17.38068962097168,yahoo_live
2020-03-13,17.84937286376953,yahoo_live
2020-03-16,17.802860260009766,yahoo_live
2020-03-17,17.395000457763672,yahoo_live
2020-03-18,17.185346603393555,yahoo_live
2020-03-19,17.417179107666016,yahoo_live
2020-03-20,17.680503845214844,yahoo_live
2020-03-23,17.887298583984375,yahoo_live
2020-03-24,18.114126205444336,yahoo_live
2020-03-25,17.99820327758789,yahoo_live
2020-03-26,18.09050941467285,yahoo_live
2020-03-27,18.156389236450195,yahoo_live
2020-03-30,18.258068084716797,yahoo_live
2020-03-31,18.149944305419922,yahoo_live
2020-04-01,18.17142677307129,yahoo_live
2020-04-02,18.193622589111328,yahoo_live
2020-04-03,18.08192253112793,yahoo_live
2020-04-06,18.319643020629883,yahoo_live
2020-04-07,18.1893253326416,yahoo_live
2020-04-08,18.17428970336914,yahoo_live
2020-04-09,18.250904083251953,yahoo_live
2020-04-13,18.257347106933594,yahoo_live
2020-04-14,18.316064834594727,yahoo_live
2020-04-15,18.382652282714844,yahoo_live
2020-04-16,18.441368103027344,yahoo_live
2020-04-17,18.412012100219727,yahoo_live
2020-04-20,18.507957458496094,yahoo_live
2020-04-21,18.57670021057129,yahoo_live
2020-04-22,18.67120933532715,yahoo_live
2020-04-23,18.67120933532715,yahoo_live
2020-04-24,18.742101669311523,yahoo_live
2020-04-27,18.72062110900879,yahoo_live
2020-04-28,18.777902603149414,yahoo_live
2020-04-29,18.717039108276367,yahoo_live
2020-04-30,18.552352905273438,yahoo_live
2020-05-01,18.491491317749023,yahoo_live
2020-05-04,18.491491317749023,yahoo_live
2020-05-05,18.468576431274414,yahoo_live
2020-05-06,18.40914535522461,yahoo_live
2020-05-07,18.40914535522461,yahoo_live
2020-05-08,18.40914535522461,yahoo_live
2020-05-11,18.419889450073242,yahoo_live
2020-05-12,18.416305541992188,yahoo_live
2020-05-13,18.502229690551758,yahoo_live
2020-05-14,18.49506950378418,yahoo_live
2020-05-15,18.491491317749023,yahoo_live
2020-05-18,18.173572540283203,yahoo_live
2020-05-19,18.160686492919922,yahoo_live
2020-05-20,18.079769134521484,yahoo_live
2020-05-21,18.13347625732422,yahoo_live
2020-05-22,18.201494216918945,yahoo_live
2020-05-26,17.979534149169922,yahoo_live
2020-05-27,18.063302993774414,yahoo_live
2020-05-28,17.947307586669922,yahoo_live
2020-05-29,17.979534149169922,yahoo_live
2020-06-01,17.907926559448242,yahoo_live
2020-06-02,17.77903938293457,yahoo_live
2020-06-03,17.562801361083984,yahoo_live
2020-06-04,17.492624282836914,yahoo_live
2020-06-05,17.492624282836914,yahoo_live
2020-06-08,17.59286880493164,yahoo_live
2020-06-09,17.57855224609375,yahoo_live
2020-06-10,17.621511459350586,yahoo_live
2020-06-11,17.571392059326172,yahoo_live
2020-06-12,17.59286880493164,yahoo_live
2020-06-15,17.59286880493164,yahoo_live
2020-06-16,17.55707359313965,yahoo_live
2020-06-17,17.48618507385254,yahoo_live
2020-06-18,17.428184509277344,yahoo_live
2020-06-19,17.523418426513672,yahoo_live
2020-06-22,17.57855224609375,yahoo_live
2020-06-23,17.53558921813965,yahoo_live
2020-06-24,17.47329330444336,yahoo_live
2020-06-25,17.52484703063965,yahoo_live
2020-06-26,17.549909591674805,yahoo_live
2020-06-29,17.564945220947266,yahoo_live
2020-06-30,17.642993927001953,yahoo_live
2020-07-01,17.529146194458008,yahoo_live
2020-07-02,17.539167404174805,yahoo_live
2020-07-06,17.656597137451172,yahoo_live
2020-07-07,17.71674346923828,yahoo_live
2020-07-08,17.746816635131836,yahoo_live
2020-07-09,17.811256408691406,yahoo_live
2020-07-10,17.77903938293457,yahoo_live
2020-07-13,17.714595794677734,yahoo_live
2020-07-14,17.746816635131836,yahoo_live
2020-07-15,17.82200050354004,yahoo_live
2020-07-16,17.753976821899414,yahoo_live
2020-07-17,17.761137008666992,yahoo_live
2020-07-20,17.80553436279297,yahoo_live
2020-07-21,17.93871307373047,yahoo_live
2020-07-22,17.99742889404297,yahoo_live
2020-07-23,18.061159133911133,yahoo_live
2020-07-24,18.069032669067383,yahoo_live
2020-07-27,18.16211700439453,yahoo_live
2020-07-28,18.205076217651367,yahoo_live
2020-07-29,18.255916595458984,yahoo_live
2020-07-30,18.263076782226562,yahoo_live
2020-07-31,18.27166748046875,yahoo_live
2020-08-03,18.374061584472656,yahoo_live
2020-08-04,18.55879783630371,yahoo_live
2020-08-05,18.584575653076172,yahoo_live
2020-08-06,18.584575653076172,yahoo_live
2020-08-07,18.387662887573242,yahoo_live
2020-08-10,18.35544204711914,yahoo_live
2020-08-11,18.01962661743164,yahoo_live
2020-08-12,17.983823776245117,yahoo_live
2020-08-13,17.955900192260742,yahoo_live
2020-08-14,17.943727493286133,yahoo_live
2020-08-17,18.079769134521484,yahoo_live
2020-08-18,18.192909240722656,yahoo_live
2020-08-19,17.97237205505371,yahoo_live
2020-08-20,18.03824234008789,yahoo_live
2020-08-21,18.03322982788086,yahoo_live
2020-08-24,18.053279876708984,yahoo_live
2020-08-25,18.043970108032227,yahoo_live
2020-08-26,18.10841178894043,yahoo_live
2020-08-27,17.990983963012695,yahoo_live
2020-08-28,18.11271095275879,yahoo_live
2020-08-31,18.15495491027832,yahoo_live
2020-09-01,18.215818405151367,yahoo_live
2020-09-02,18.312480926513672,yahoo_live
2020-09-03,18.183595657348633,yahoo_live
2020-09-04,18.03108024597168,yahoo_live
2020-09-08,17.965206146240234,yahoo_live
2020-09-09,18.022489547729492,yahoo_live
2020-09-10,17.990983963012695,yahoo_live
2020-09-11,17.99742889404297,yahoo_live
2020-09-14,18.1306095123291,yahoo_live
2020-09-15,18.079769134521484,yahoo_live
2020-09-16,17.91150665283203,yahoo_live
2020-09-17,17.85494041442871,yahoo_live
2020-09-18,17.82630157470703,yahoo_live
2020-09-21,17.66375732421875,yahoo_live
2020-09-22,17.637264251708984,yahoo_live
2020-09-23,17.479021072387695,yahoo_live
2020-09-24,17.426034927368164,yahoo_live
2020-09-25,17.413148880004883,yahoo_live
2020-09-28,17.65731430053711,yahoo_live
2020-09-29,17.68309211730957,yahoo_live
2020-09-30,17.609342575073242,yahoo_live
2020-10-01,17.712448120117188,yahoo_live
2020-10-02,17.714595794677734,yahoo_live
2020-10-05,17.64729118347168,yahoo_live
2020-10-06,17.56064796447754,yahoo_live
2020-10-07,17.563514709472656,yahoo_live
2020-10-08,17.564228057861328,yahoo_live
2020-10-09,17.730350494384766,yahoo_live
2020-10-12,17.850643157958984,yahoo_live
2020-10-13,17.767581939697266,yahoo_live
2020-10-14,17.66733741760254,yahoo_live
2020-10-15,17.564945220947266,yahoo_live
2020-10-16,17.678794860839844,yahoo_live
2020-10-19,17.542034149169922,yahoo_live
2020-10-20,17.617929458618164,yahoo_live
2020-10-21,17.7890625,yahoo_live
2020-10-22,17.78620147705078,yahoo_live
2020-10-23,17.852792739868164,yahoo_live
2020-10-26,17.714595794677734,yahoo_live
2020-10-27,17.706003189086914,yahoo_live
2020-10-28,17.650867462158203,yahoo_live
2020-10-29,17.6773624420166,yahoo_live
2020-10-30,17.60791015625,yahoo_live
2020-11-02,17.610774993896484,yahoo_live
2020-11-03,17.649436950683594,yahoo_live
2020-11-04,17.600032806396484,yahoo_live
2020-11-05,17.874990463256836,yahoo_live
2020-11-06,18.021774291992188,yahoo_live
2020-11-09,17.722471237182617,yahoo_live
2020-11-10,17.658029556274414,yahoo_live
2020-11-11,17.64729118347168,yahoo_live
2020-11-12,17.65373420715332,yahoo_live
2020-11-13,17.841331481933594,yahoo_live
2020-11-16,17.847780227661133,yahoo_live
2020-11-17,17.907926559448242,yahoo_live
2020-11-18,17.893606185913086,yahoo_live
2020-11-19,17.886444091796875,yahoo_live
2020-11-20,17.890024185180664,yahoo_live
2020-11-23,17.798372268676758,yahoo_live
2020-11-24,17.900049209594727,yahoo_live
2020-11-25,17.854225158691406,yahoo_live
2020-11-27,17.980243682861328,yahoo_live
2020-11-30,17.73607635498047,yahoo_live
2020-12-01,17.951602935791016,yahoo_live
2020-12-02,17.915084838867188,yahoo_live
2020-12-03,18.033945083618164,yahoo_live
2020-12-04,18.054710388183594,yahoo_live
2020-12-07,18.017475128173828,yahoo_live
2020-12-08,18.00602149963379,yahoo_live
2020-12-09,17.961624145507812,yahoo_live
2020-12-10,18.142784118652344,yahoo_live
2020-12-11,18.036096572875977,yahoo_live
2020-12-14,18.027503967285156,yahoo_live
2020-12-15,18.229421615600586,yahoo_live
2020-12-16,18.328948974609375,yahoo_live
2020-12-17,18.45639991760254,yahoo_live
2020-12-18,18.407716751098633,yahoo_live
2020-12-21,18.199350357055664,yahoo_live
2020-12-22,18.0346622467041,yahoo_live
2020-12-23,18.20794105529785,yahoo_live
2020-12-24,18.139204025268555,yahoo_live
2020-12-28,18.194337844848633,yahoo_live
2020-12-29,18.337968826293945,yahoo_live
2020-12-30,18.53501319885254,yahoo_live
2020-12-31,18.448400497436523,yahoo_live
2021-01-04,18.476551055908203,yahoo_live
2021-01-05,18.94425392150879,yahoo_live
2021-01-06,18.820110321044922,yahoo_live
2021-01-07,18.752986907958984,yahoo_live
2021-01-08,18.949302673339844,yahoo_live
2021-01-11,18.679365158081055,yahoo_live
2021-01-12,18.842485427856445,yahoo_live
2021-01-13,18.771751403808594,yahoo_live
2021-01-14,18.903112411499023,yahoo_live
2021-01-15,18.560274124145508,yahoo_live
2021-01-19,18.789798736572266,yahoo_live
2021-01-20,19.045299530029297,yahoo_live
2021-01-21,19.092937469482422,yahoo_live
2021-01-22,18.919713973999023,yahoo_live
2021-01-25,18.958694458007812,yahoo_live
2021-01-26,18.85980987548828,yahoo_live
2021-01-27,18.592754364013672,yahoo_live
2021-01-28,18.701019287109375,yahoo_live
2021-01-29,18.426748275756836,yahoo_live
2021-02-01,18.64183807373047,yahoo_live
2021-02-02,18.761648178100586,yahoo_live
2021-02-03,18.91683006286621,yahoo_live
2021-02-04,18.89156723022461,yahoo_live
2021-02-05,19.097270965576172,yahoo_live
2021-02-08,19.195432662963867,yahoo_live
2021-02-09,19.32678985595703,yahoo_live
2021-02-10,19.32823371887207,yahoo_live
2021-02-11,19.40113639831543,yahoo_live
2021-02-12,19.606840133666992,yahoo_live
2021-02-16,19.740365982055664,yahoo_live
2021-02-17,19.660247802734375,yahoo_live
2021-02-18,19.531055450439453,yahoo_live
2021-02-19,19.64653205871582,yahoo_live
2021-02-22,19.740365982055664,yahoo_live
2021-02-23,19.807491302490234,yahoo_live
2021-02-24,19.9150333404541,yahoo_live
2021-02-25,19.863067626953125,yahoo_live
2021-02-26,19.24523162841797,yahoo_live
2021-03-01,19.49063491821289,yahoo_live
2021-03-02,19.3939208984375,yahoo_live
2021-03-03,19.52744483947754,yahoo_live
2021-03-04,19.5924015045166,yahoo_live
2021-03-05,19.783674240112305,yahoo_live
2021-03-08,19.562089920043945,yahoo_live
2021-03-09,19.62921142578125,yahoo_live
2021-03-10,19.69561767578125,yahoo_live
2021-03-11,20.030515670776367,yahoo_live
2021-03-12,20.13228416442871,yahoo_live
2021-03-15,20.0882568359375,yahoo_live
2021-03-16,20.078153610229492,yahoo_live
2021-03-17,20.23188591003418,yahoo_live
2021-03-18,19.83563804626465,yahoo_live
2021-03-19,19.951120376586914,yahoo_live
2021-03-22,19.876779556274414,yahoo_live
2021-03-23,19.45093536376953,yahoo_live
2021-03-24,19.416292190551758,yahoo_live
2021-03-25,19.469701766967773,yahoo_live
2021-03-26,19.7742862701416,yahoo_live
2021-03-29,19.827699661254883,yahoo_live
2021-03-30,19.68406867980957,yahoo_live
2021-03-31,19.806766510009766,yahoo_live
2021-04-01,19.834196090698242,yahoo_live
2021-04-05,20.014636993408203,yahoo_live
2021-04-06,19.956897735595703,yahoo_live
2021-04-07,19.93596649169922,yahoo_live
2021-04-08,19.950401306152344,yahoo_live
2021-04-09,20.000926971435547,yahoo_live
2021-04-12,19.995147705078125,yahoo_live
2021-04-13,20.00741958618164,yahoo_live
2021-04-14,20.106304168701172,yahoo_live
2021-04-15,20.086091995239258,yahoo_live
2021-04-16,20.195079803466797,yahoo_live
2021-04-19,20.47368049621582,yahoo_live
2021-04-20,19.972776412963867,yahoo_live
2021-04-21,20.060832977294922,yahoo_live
2021-04-22,19.958341598510742,yahoo_live
2021-04-23,20.225393295288086,yahoo_live
2021-04-26,20.17992401123047,yahoo_live
2021-04-27,20.310558319091797,yahoo_live
2021-04-28,20.315614700317383,yahoo_live
2021-04-29,20.43470573425293,yahoo_live
2021-04-30,20.251379013061523,yahoo_live
2021-05-03,20.34160041809082,yahoo_live
2021-05-04,20.184974670410156,yahoo_live
2021-05-05,20.411609649658203,yahoo_live
2021-05-06,20.332216262817383,yahoo_live
2021-05-07,20.613704681396484,yahoo_live
2021-05-10,20.592052459716797,yahoo_live
2021-05-11,20.408720016479492,yahoo_live
2021-05-12,20.115684509277344,yahoo_live
2021-05-13,20.13011932373047,yahoo_live
2021-05-14,20.620920181274414,yahoo_live
2021-05-17,20.649791717529297,yahoo_live
2021-05-18,20.62813949584961,yahoo_live
2021-05-19,20.312728881835938,yahoo_live
2021-05-20,20.40439224243164,yahoo_live
2021-05-21,20.45924949645996,yahoo_live
2021-05-24,20.66206169128418,yahoo_live
2021-05-25,20.683713912963867,yahoo_live
2021-05-26,20.685882568359375,yahoo_live
2021-05-27,20.84467124938965,yahoo_live
2021-05-28,20.83673095703125,yahoo_live
2021-06-01,20.625253677368164,yahoo_live
2021-06-02,20.797758102416992,yahoo_live
2021-06-03,20.710420608520508,yahoo_live
2021-06-04,20.830238342285156,yahoo_live
2021-06-07,20.779712677001953,yahoo_live
2021-06-08,20.819406509399414,yahoo_live
2021-06-09,20.982524871826172,yahoo_live
2021-06-10,20.91179847717285,yahoo_live
2021-06-11,20.864879608154297,yahoo_live
2021-06-14,20.859106063842773,yahoo_live
2021-06-15,21.015731811523438,yahoo_live
2021-06-16,20.73207664489746,yahoo_live
2021-06-17,20.44986343383789,yahoo_live
2021-06-18,20.284582138061523,yahoo_live
2021-06-21,20.505441665649414,yahoo_live
2021-06-22,20.588443756103516,yahoo_live
2021-06-23,20.548744201660156,yahoo_live
2021-06-24,20.72557830810547,yahoo_live
2021-06-25,20.693098068237305,yahoo_live
2021-06-28,20.55307388305664,yahoo_live
2021-06-29,20.563899993896484,yahoo_live
2021-06-30,20.56534767150879,yahoo_live
2021-07-01,20.718360900878906,yahoo_live
2021-07-02,20.877153396606445,yahoo_live
2021-07-06,20.646907806396484,yahoo_live
2021-07-07,20.591331481933594,yahoo_live
2021-07-08,20.426767349243164,yahoo_live
2021-07-09,20.610095977783203,yahoo_live
2021-07-12,20.750839233398438,yahoo_live
2021-07-13,20.64401626586914,yahoo_live
2021-07-14,20.670724868774414,yahoo_live
2021-07-15,20.551631927490234,yahoo_live
2021-07-16,20.512659072875977,yahoo_live
2021-07-19,19.956897735595703,yahoo_live
2021-07-20,20.133007049560547,yahoo_live
2021-07-21,20.494613647460938,yahoo_live
2021-07-22,20.584836959838867,yahoo_live
2021-07-23,20.696706771850586,yahoo_live
2021-07-26,20.714754104614258,yahoo_live
2021-07-27,20.58122444152832,yahoo_live
2021-07-28,20.682273864746094,yahoo_live
2021-07-29,20.703927993774414,yahoo_live
2021-07-30,20.717639923095703,yahoo_live
2021-08-02,20.685882568359375,yahoo_live
2021-08-03,20.678665161132812,yahoo_live
2021-08-04,20.44481086730957,yahoo_live
2021-08-05,20.506160736083984,yahoo_live
2021-08-06,20.323558807373047,yahoo_live
2021-08-09,20.036293029785156,yahoo_live
2021-08-10,20.177757263183594,yahoo_live
2021-08-11,20.177038192749023,yahoo_live
2021-08-12,20.24488067626953,yahoo_live
2021-08-13,20.268699645996094,yahoo_live
2021-08-16,20.408720016479492,yahoo_live
2021-08-17,20.13661766052246,yahoo_live
2021-08-18,19.86090087890625,yahoo_live
2021-08-19,19.97494125366211,yahoo_live
2021-08-20,20.078874588012695,yahoo_live
2021-08-23,20.287464141845703,yahoo_live
2021-08-24,20.238388061523438,yahoo_live
2021-08-25,20.293960571289062,yahoo_live
2021-08-26,20.213123321533203,yahoo_live
2021-08-27,20.332216262817383,yahoo_live
2021-08-30,20.361085891723633,yahoo_live
2021-08-31,20.169818878173828,yahoo_live
2021-09-01,20.654123306274414,yahoo_live
2021-09-02,20.347373962402344,yahoo_live
2021-09-03,20.4188289642334,yahoo_live
2021-09-07,20.44120216369629,yahoo_live
2021-09-08,20.375524520874023,yahoo_live
2021-09-09,20.4433650970459,yahoo_live
2021-09-10,20.139503479003906,yahoo_live
2021-09-13,20.291074752807617,yahoo_live
2021-09-14,20.271587371826172,yahoo_live
2021-09-15,20.395008087158203,yahoo_live
2021-09-16,20.47368049621582,yahoo_live
2021-09-17,20.18208885192871,yahoo_live
2021-09-20,20.03412437438965,yahoo_live
2021-09-21,20.003814697265625,yahoo_live
2021-09-22,20.176315307617188,yahoo_live
2021-09-23,20.202295303344727,yahoo_live
2021-09-24,20.2044620513916,yahoo_live
2021-09-27,20.105581283569336,yahoo_live
2021-09-28,19.90998077392578,yahoo_live
2021-09-29,20.06515884399414,yahoo_live
2021-09-30,20.14238929748535,yahoo_live
2021-10-01,20.086816787719727,yahoo_live
2021-10-04,19.95978546142578,yahoo_live
2021-10-05,20.0803165435791,yahoo_live
2021-10-06,20.072378158569336,yahoo_live
2021-10-07,20.053611755371094,yahoo_live
2021-10-08,20.1878604888916,yahoo_live
2021-10-11,20.25642967224121,yahoo_live
2021-10-12,20.16765022277832,yahoo_live
2021-10-13,20.223949432373047,yahoo_live
2021-10-14,20.38851547241211,yahoo_live
2021-10-15,20.555967330932617,yahoo_live
2021-10-18,20.426044464111328,yahoo_live
2021-10-19,20.583389282226562,yahoo_live
2021-10-20,20.654848098754883,yahoo_live
2021-10-21,20.729907989501953,yahoo_live
2021-10-22,20.701040267944336,yahoo_live
2021-10-25,20.779712677001953,yahoo_live
2021-10-26,20.78981590270996,yahoo_live
2021-10-27,20.672168731689453,yahoo_live
2021-10-28,20.664226531982422,yahoo_live
2021-10-29,20.981809616088867,yahoo_live
2021-11-01,21.014286041259766,yahoo_live
2021-11-02,20.937780380249023,yahoo_live
2021-11-03,20.783321380615234,yahoo_live
2021-11-04,20.613704681396484,yahoo_live
2021-11-05,20.913238525390625,yahoo_live
2021-11-08,20.867767333984375,yahoo_live
2021-11-09,21.017892837524414,yahoo_live
2021-11-10,20.956546783447266,yahoo_live
2021-11-11,20.952938079833984,yahoo_live
2021-11-12,20.989023208618164,yahoo_live
2021-11-15,21.06842041015625,yahoo_live
2021-11-16,21.173078536987305,yahoo_live
2021-11-17,20.876428604125977,yahoo_live
2021-11-18,21.003459930419922,yahoo_live
2021-11-19,20.70753288269043,yahoo_live
2021-11-22,20.892305374145508,yahoo_live
2021-11-23,21.1225528717041,yahoo_live
2021-11-24,21.06481170654297,yahoo_live
2021-11-26,20.195079803466797,yahoo_live
2021-11-29,20.12651252746582,yahoo_live
2021-11-30,20.483783721923828,yahoo_live
2021-12-01,19.866674423217773,yahoo_live
2021-12-02,19.865232467651367,yahoo_live
2021-12-03,19.96050262451172,yahoo_live
2021-12-06,19.97494125366211,yahoo_live
2021-12-07,20.274473190307617,yahoo_live
2021-12-08,20.33582305908203,yahoo_live
2021-12-09,20.238388061523438,yahoo_live
2021-12-10,20.241994857788086,yahoo_live
2021-12-13,20.24560546875,yahoo_live
2021-12-14,20.281692504882812,yahoo_live
2021-12-15,20.389955520629883,yahoo_live
2021-12-16,20.397174835205078,yahoo_live
2021-12-17,20.269420623779297,yahoo_live
2021-12-20,20.211681365966797,yahoo_live
2021-12-21,20.343042373657227,yahoo_live
2021-12-22,20.17053985595703,yahoo_live
2021-12-23,20.326440811157227,yahoo_live
2021-12-27,20.513378143310547,yahoo_live
2021-12-28,20.823017120361328,yahoo_live
2021-12-29,20.389955520629883,yahoo_live
2021-12-30,20.602846145629883,yahoo_live
2021-12-31,20.568561553955078,yahoo_live
2022-01-03,20.754335403442383,yahoo_live
2022-01-04,20.596460342407227,yahoo_live
2022-01-05,20.555004119873047,yahoo_live
2022-01-06,20.64270782470703,yahoo_live
2022-01-07,20.770282745361328,yahoo_live
2022-01-10,20.46012306213379,yahoo_live
2022-01-11,20.45693016052246,yahoo_live
2022-01-12,20.360454559326172,yahoo_live
2022-01-13,20.21135711669922,yahoo_live
2022-01-14,20.494407653808594,yahoo_live
2022-01-18,20.810148239135742,yahoo_live
2022-01-19,20.754335403442383,yahoo_live
2022-01-20,20.810148239135742,yahoo_live
2022-01-21,20.5390567779541,yahoo_live
2022-01-24,20.444177627563477,yahoo_live
2022-01-25,20.650680541992188,yahoo_live
2022-01-26,20.778255462646484,yahoo_live
2022-01-27,20.770282745361328,yahoo_live
2022-01-28,20.92974281311035,yahoo_live
2022-01-31,20.650680541992188,yahoo_live
2022-02-01,20.658655166625977,yahoo_live
2022-02-02,20.684965133666992,yahoo_live
2022-02-03,20.706493377685547,yahoo_live
2022-02-04,20.937715530395508,yahoo_live
2022-02-07,20.698522567749023,yahoo_live
2022-02-08,20.62676429748535,yahoo_live
2022-02-09,20.802173614501953,yahoo_live
2022-02-10,20.85001564025879,yahoo_live
2022-02-11,21.304489135742188,yahoo_live
2022-02-14,21.360301971435547,yahoo_live
2022-02-15,21.033395767211914,yahoo_live
2022-02-16,21.009479522705078,yahoo_live
2022-02-17,20.79420280456543,yahoo_live
2022-02-18,20.810148239135742,yahoo_live
2022-02-22,20.961639404296875,yahoo_live
2022-02-23,21.089208602905273,yahoo_live
2022-02-24,21.40016746520996,yahoo_live
2022-02-25,21.36827278137207,yahoo_live
2022-02-28,21.29252815246582,yahoo_live
2022-03-01,21.735044479370117,yahoo_live
2022-03-02,21.927997589111328,yahoo_live
2022-03-03,21.878562927246094,yahoo_live
2022-03-04,21.75098991394043,yahoo_live
2022-03-07,22.4135684967041,yahoo_live
2022-03-08,22.667911529541016,yahoo_live
2022-03-09,22.173568725585938,yahoo_live
2022-03-10,22.352968215942383,yahoo_live
2022-03-11,22.484527587890625,yahoo_live
2022-03-14,22.38087272644043,yahoo_live
2022-03-15,22.14965057373047,yahoo_live
2022-03-16,21.862613677978516,yahoo_live
2022-03-17,22.03244400024414,yahoo_live
2022-03-18,22.038026809692383,yahoo_live
2022-03-21,22.7061824798584,yahoo_live
2022-03-22,23.218063354492188,yahoo_live
2022-03-23,23.441312789916992,yahoo_live
2022-03-24,23.162248611450195,yahoo_live
2022-03-25,23.438922882080078,yahoo_live
2022-03-28,23.302579879760742,yahoo_live
2022-03-29,23.171022415161133,yahoo_live
2022-03-30,23.05860137939453,yahoo_live
2022-03-31,22.797874450683594,yahoo_live
2022-04-01,23.00278663635254,yahoo_live
2022-04-04,23.271484375,yahoo_live
2022-04-05,23.53699493408203,yahoo_live
2022-04-06,23.513072967529297,yahoo_live
2022-04-07,23.60955047607422,yahoo_live
2022-04-08,23.80010986328125,yahoo_live
2022-04-11,23.951601028442383,yahoo_live
2022-04-12,24.085552215576172,yahoo_live
2022-04-13,24.278507232666016,yahoo_live
2022-04-14,24.477834701538086,yahoo_live
2022-04-18,24.732980728149414,yahoo_live
2022-04-19,24.98174285888672,yahoo_live
2022-04-20,24.55756950378418,yahoo_live
2022-04-21,24.89244270324707,yahoo_live
2022-04-22,24.828655242919922,yahoo_live
2022-04-25,24.549596786499023,yahoo_live
2022-04-26,24.56553840637207,yahoo_live
2022-04-27,24.79676628112793,yahoo_live
2022-04-28,25.287118911743164,yahoo_live
2022-04-29,25.21137237548828,yahoo_live
2022-05-02,25.76152801513672,yahoo_live
2022-05-03,25.29907989501953,yahoo_live
2022-05-04,25.024799346923828,yahoo_live
2022-05-05,25.450571060180664,yahoo_live
2022-05-06,25.825313568115234,yahoo_live
2022-05-09,25.490434646606445,yahoo_live
2022-05-10,25.259212493896484,yahoo_live
2022-05-11,25.400339126586914,yahoo_live
2022-05-12,25.28951072692871,yahoo_live
2022-05-13,25.618011474609375,yahoo_live
2022-05-16,25.77747344970703,yahoo_live
2022-05-17,25.43462371826172,yahoo_live
2022-05-18,25.43462371826172,yahoo_live
2022-05-19,25.21137237548828,yahoo_live
2022-05-20,25.171504974365234,yahoo_live
2022-05-23,25.067855834960938,yahoo_live
2022-05-24,24.844602584838867,yahoo_live
2022-05-25,24.908388137817383,yahoo_live
2022-05-26,24.932308197021484,yahoo_live
2022-05-27,24.8206844329834,yahoo_live
2022-05-31,24.964200973510742,yahoo_live
2022-06-01,25.394760131835938,yahoo_live
2022-06-02,25.307052612304688,yahoo_live
2022-06-03,25.625980377197266,yahoo_live
2022-06-06,25.817338943481445,yahoo_live
2022-06-07,25.737607955932617,yahoo_live
2022-06-08,26.07248306274414,yahoo_live
2022-06-09,26.16815757751465,yahoo_live
2022-06-10,26.223974227905273,yahoo_live
2022-06-13,26.574798583984375,yahoo_live
2022-06-14,26.55885124206543,yahoo_live
2022-06-15,26.080453872680664,yahoo_live
2022-06-16,26.01667022705078,yahoo_live
2022-06-17,26.032617568969727,yahoo_live
2022-06-21,26.28775978088379,yahoo_live
2022-06-22,25.84922981262207,yahoo_live
2022-06-23,25.570167541503906,yahoo_live
2022-06-24,25.514358520507812,yahoo_live
2022-06-27,25.689769744873047,yahoo_live
2022-06-28,25.920988082885742,yahoo_live
2022-06-29,26.040590286254883,yahoo_live
2022-06-30,25.83328628540039,yahoo_live
2022-07-01,25.641925811767578,yahoo_live
2022-07-05,25.578144073486328,yahoo_live
2022-07-06,25.602062225341797,yahoo_live
2022-07-07,25.681793212890625,yahoo_live
2022-07-08,25.76152801513672,yahoo_live
2022-07-11,25.93693733215332,yahoo_live
2022-07-12,25.6738224029541,yahoo_live
2022-07-13,25.825313568115234,yahoo_live
2022-07-14,26.01667022705078,yahoo_live
2022-07-15,25.817338943481445,yahoo_live
2022-07-18,25.98478126525879,yahoo_live
2022-07-19,25.76152801513672,yahoo_live
2022-07-20,25.88112449645996,yahoo_live
2022-07-21,25.50638198852539,yahoo_live
2022-07-22,25.251239776611328,yahoo_live
2022-07-25,25.370838165283203,yahoo_live
2022-07-26,25.602062225341797,yahoo_live
2022-07-27,25.33097267150879,yahoo_live
2022-07-28,25.051908493041992,yahoo_live
2022-07-29,24.908388137817383,yahoo_live
2022-08-01,24.61338233947754,yahoo_live
2022-08-02,24.908388137817383,yahoo_live
2022-08-03,25.051908493041992,yahoo_live
2022-08-04,24.6691951751709,yahoo_live
2022-08-05,24.956228256225586,yahoo_live
2022-08-08,25.091777801513672,yahoo_live
2022-08-09,25.091777801513672,yahoo_live
2022-08-10,24.693113327026367,yahoo_live
2022-08-11,24.860551834106445,yahoo_live
2022-08-12,24.732980728149414,yahoo_live
2022-08-15,24.836631774902344,yahoo_live
2022-08-16,24.860551834106445,yahoo_live
2022-08-17,24.932308197021484,yahoo_live
2022-08-18,25.147586822509766,yahoo_live
2022-08-19,25.37881088256836,yahoo_live
2022-08-22,25.43462371826172,yahoo_live
2022-08-23,25.45854377746582,yahoo_live
2022-08-24,25.43462371826172,yahoo_live
2022-08-25,25.219348907470703,yahoo_live
2022-08-26,25.338947296142578,yahoo_live
2022-08-29,25.450571060180664,yahoo_live
2022-08-30,25.562192916870117,yahoo_live
2022-08-31,25.58611488342285,yahoo_live
2022-09-01,25.992748260498047,yahoo_live
2022-09-02,25.96883201599121,yahoo_live
2022-09-06,26.30370330810547,yahoo_live
2022-09-07,26.120323181152344,yahoo_live
2022-09-08,26.223974227905273,yahoo_live
2022-09-09,26.136268615722656,yahoo_live
2022-09-12,25.889097213745117,yahoo_live
2022-09-13,26.28775978088379,yahoo_live
2022-09-14,26.255870819091797,yahoo_live
2022-09-15,26.319652557373047,yahoo_live
2022-09-16,26.239919662475586,yahoo_live
2022-09-19,26.30370330810547,yahoo_live
2022-09-20,26.487091064453125,yahoo_live
2022-09-21,26.6306095123291,yahoo_live
2022-09-22,26.68642234802246,yahoo_live
2022-09-23,26.981430053710938,yahoo_live
2022-09-26,27.36414337158203,yahoo_live
2022-09-27,27.555509567260742,yahoo_live
2022-09-28,26.965484619140625,yahoo_live
2022-09-29,26.99738311767578,yahoo_live
2022-09-30,27.061161041259766,yahoo_live
2022-10-03,26.742233276367188,yahoo_live
2022-10-04,26.24789047241211,yahoo_live
2022-10-05,26.50303840637207,yahoo_live
2022-10-06,26.80601692199707,yahoo_live
2022-10-07,27.085086822509766,yahoo_live
2022-10-10,27.30036163330078,yahoo_live
2022-10-11,27.36414337158203,yahoo_live
2022-10-12,27.30036163330078,yahoo_live
2022-10-13,27.27644157409668,yahoo_live
2022-10-14,27.555509567260742,yahoo_live
2022-10-17,27.212657928466797,yahoo_live
2022-10-18,27.109004974365234,yahoo_live
2022-10-19,27.58740234375,yahoo_live
2022-10-20,27.738887786865234,yahoo_live
2022-10-21,27.45185089111328,yahoo_live
2022-10-24,27.603343963623047,yahoo_live
2022-10-25,27.2604923248291,yahoo_live
2022-10-26,26.885753631591797,yahoo_live
2022-10-27,26.9575138092041,yahoo_live
2022-10-28,27.124950408935547,yahoo_live
2022-10-31,27.324283599853516,yahoo_live
2022-11-01,27.15684700012207,yahoo_live
2022-11-02,27.396041870117188,yahoo_live
2022-11-03,27.5634708404541,yahoo_live
2022-11-04,27.244548797607422,yahoo_live
2022-11-07,27.27644157409668,yahoo_live
2022-11-08,26.869810104370117,yahoo_live
2022-11-09,26.965484619140625,yahoo_live
2022-11-10,25.91301727294922,yahoo_live
2022-11-11,25.522329330444336,yahoo_live
2022-11-14,25.618011474609375,yahoo_live
2022-11-15,25.362863540649414,yahoo_live
2022-11-16,25.179481506347656,yahoo_live
2022-11-17,25.370838165283203,yahoo_live
2022-11-18,25.498409271240234,yahoo_live
2022-11-21,25.633956909179688,yahoo_live
2022-11-22,25.46651840209961,yahoo_live
2022-11-23,25.171504974365234,yahoo_live
2022-11-25,25.147586822509766,yahoo_live
2022-11-28,25.243268966674805,yahoo_live
2022-11-29,25.29907989501953,yahoo_live
2022-11-30,24.908388137817383,yahoo_live
2022-12-01,24.645273208618164,yahoo_live
2022-12-02,24.56553840637207,yahoo_live
2022-12-05,24.812713623046875,yahoo_live
2022-12-06,24.79676628112793,yahoo_live
2022-12-07,24.589460372924805,yahoo_live
2022-12-08,24.56553840637207,yahoo_live
2022-12-09,24.748926162719727,yahoo_live
2022-12-12,24.71703338623047,yahoo_live
2022-12-13,24.517704010009766,yahoo_live
2022-12-14,24.469863891601562,yahoo_live
2022-12-15,24.461889266967773,yahoo_live
2022-12-16,24.63730239868164,yahoo_live
2022-12-19,24.62932586669922,yahoo_live
2022-12-20,24.788793563842773,yahoo_live
2022-12-21,24.685136795043945,yahoo_live
2022-12-22,24.852575302124023,yahoo_live
2022-12-23,24.828655242919922,yahoo_live
2022-12-27,24.86852264404297,yahoo_live
2022-12-28,25.080753326416016,yahoo_live
2022-12-29,24.94327735900879,yahoo_live
2022-12-30,25.01201820373535,yahoo_live
2023-01-03,24.95186996459961,yahoo_live
2023-01-04,24.762842178344727,yahoo_live
2023-01-05,24.805803298950195,yahoo_live
2023-01-06,24.48788833618164,yahoo_live
2023-01-09,24.462112426757812,yahoo_live
2023-01-10,24.573814392089844,yahoo_live
2023-01-11,24.419151306152344,yahoo_live
2023-01-12,24.367597579956055,yahoo_live
2023-01-13,24.401968002319336,yahoo_live
2023-01-17,24.470705032348633,yahoo_live
2023-01-18,24.307449340820312,yahoo_live
2023-01-19,24.470705032348633,yahoo_live
2023-01-20,24.453516006469727,yahoo_live
2023-01-23,24.453516006469727,yahoo_live
2023-01-24,24.444929122924805,yahoo_live
2023-01-25,24.4277400970459,yahoo_live
2023-01-26,24.470705032348633,yahoo_live
2023-01-27,24.419151306152344,yahoo_live
2023-01-30,24.419151306152344,yahoo_live
2023-01-31,24.204345703125,yahoo_live
2023-02-01,24.298858642578125,yahoo_live
2023-02-02,24.161386489868164,yahoo_live
2023-02-03,24.178565979003906,yahoo_live
2023-02-06,24.264490127563477,yahoo_live
2023-02-07,24.4277400970459,yahoo_live
2023-02-08,24.238712310791016,yahoo_live
2023-02-09,24.384780883789062,yahoo_live
2023-02-10,24.290266036987305,yahoo_live
2023-02-13,24.401968002319336,yahoo_live
2023-02-14,24.573814392089844,yahoo_live
2023-02-15,24.530847549438477,yahoo_live
2023-02-16,24.59099578857422,yahoo_live
2023-02-17,24.522258758544922,yahoo_live
2023-02-21,24.54803466796875,yahoo_live
2023-02-22,24.462112426757812,yahoo_live
2023-02-23,24.341819763183594,yahoo_live
2023-02-24,24.47929573059082,yahoo_live
2023-02-27,24.608179092407227,yahoo_live
2023-02-28,24.384780883789062,yahoo_live
2023-03-01,24.582401275634766,yahoo_live
2023-03-02,24.67691421508789,yahoo_live
2023-03-03,24.530847549438477,yahoo_live
2023-03-06,24.685508728027344,yahoo_live
2023-03-07,24.3590030670166,yahoo_live
2023-03-08,24.4277400970459,yahoo_live
2023-03-09,24.212936401367188,yahoo_live
2023-03-10,23.474002838134766,yahoo_live
2023-03-13,22.760848999023438,yahoo_live
2023-03-14,23.25060272216797,yahoo_live
2023-03-15,22.417156219482422,yahoo_live
2023-03-16,22.692110061645508,yahoo_live
2023-03-17,22.253904342651367,yahoo_live
2023-03-20,22.52885627746582,yahoo_live
2023-03-21,22.769441604614258,yahoo_live
2023-03-22,22.417156219482422,yahoo_live
2023-03-23,22.30545997619629,yahoo_live
2023-03-24,22.082059860229492,yahoo_live
2023-03-27,22.64055824279785,yahoo_live
2023-03-28,22.63196563720703,yahoo_live
2023-03-29,22.769441604614258,yahoo_live
2023-03-30,22.786624908447266,yahoo_live
2023-03-31,22.597597122192383,yahoo_live
2023-04-03,22.468711853027344,yahoo_live
2023-04-04,22.348419189453125,yahoo_live
2023-04-05,22.21094512939453,yahoo_live
2023-04-06,22.20235252380371,yahoo_live
2023-04-10,22.442934036254883,yahoo_live
2023-04-11,22.468711853027344,yahoo_live
2023-04-12,22.57181739807129,yahoo_live
2023-04-13,22.64055824279785,yahoo_live
2023-04-14,22.769441604614258,yahoo_live
2023-04-17,22.89832305908203,yahoo_live
2023-04-18,22.924100875854492,yahoo_live
2023-04-19,22.88973045349121,yahoo_live
2023-04-20,22.855363845825195,yahoo_live
2023-04-21,22.855363845825195,yahoo_live
2023-04-24,22.88973045349121,yahoo_live
2023-04-25,22.61478042602539,yahoo_live
2023-04-26,22.65774154663086,yahoo_live
2023-04-27,22.825292587280273,yahoo_live
2023-04-28,22.820995330810547,yahoo_live
2023-05-01,23.044391632080078,yahoo_live
2023-05-02,22.872549057006836,yahoo_live
2023-05-03,22.786624908447266,yahoo_live
2023-05-04,22.71788787841797,yahoo_live
2023-05-05,22.83817481994629,yahoo_live
2023-05-08,22.855363845825195,yahoo_live
2023-05-09,22.95846939086914,yahoo_live
2023-05-10,22.760848999023438,yahoo_live
2023-05-11,22.70929527282715,yahoo_live
2023-05-12,22.83817481994629,yahoo_live
2023-05-15,22.984243392944336,yahoo_live
2023-05-16,22.863956451416016,yahoo_live
2023-05-17,22.941286087036133,yahoo_live
2023-05-18,22.949878692626953,yahoo_live
2023-05-19,23.001432418823242,yahoo_live
2023-05-22,23.052982330322266,yahoo_live
2023-05-23,23.001432418823242,yahoo_live
2023-05-24,22.855363845825195,yahoo_live
2023-05-25,22.949878692626953,yahoo_live
2023-05-26,23.044391632080078,yahoo_live
2023-05-30,23.078760147094727,yahoo_live
2023-05-31,22.949878692626953,yahoo_live
2023-06-01,22.915508270263672,yahoo_live
2023-06-02,22.975656509399414,yahoo_live
2023-06-05,22.88973045349121,yahoo_live
2023-06-06,22.941286087036133,yahoo_live
2023-06-07,23.018617630004883,yahoo_live
2023-06-08,22.95846939086914,yahoo_live
2023-06-09,23.06157684326172,yahoo_live
2023-06-12,23.199052810668945,yahoo_live
2023-06-13,23.267789840698242,yahoo_live
2023-06-14,23.181867599487305,yahoo_live
2023-06-15,23.259197235107422,yahoo_live
2023-06-16,23.48259735107422,yahoo_live
2023-06-20,23.40526580810547,yahoo_live
2023-06-21,23.448230743408203,yahoo_live
2023-06-22,23.628664016723633,yahoo_live
2023-06-23,23.628664016723633,yahoo_live
2023-06-26,23.654443740844727,yahoo_live
2023-06-27,23.731773376464844,yahoo_live
2023-06-28,23.800508499145508,yahoo_live
2023-06-29,23.80910301208496,yahoo_live
2023-06-30,23.7403621673584,yahoo_live
2023-07-03,23.774730682373047,yahoo_live
2023-07-05,23.783327102661133,yahoo_live
2023-07-06,23.800508499145508,yahoo_live
2023-07-07,23.611480712890625,yahoo_live
2023-07-10,23.559925079345703,yahoo_live
2023-07-11,23.542743682861328,yahoo_live
2023-07-12,23.32793426513672,yahoo_live
2023-07-13,23.259197235107422,yahoo_live
2023-07-14,23.431041717529297,yahoo_live
2023-07-17,23.491191864013672,yahoo_live
2023-07-18,23.525556564331055,yahoo_live
2023-07-19,23.49977684020996,yahoo_live
2023-07-20,23.585702896118164,yahoo_live
2023-07-21,23.611480712890625,yahoo_live
2023-07-24,23.602886199951172,yahoo_live
2023-07-25,23.551332473754883,yahoo_live
2023-07-26,23.585702896118164,yahoo_live
2023-07-27,23.585702896118164,yahoo_live
2023-07-28,23.697402954101562,yahoo_live
2023-07-31,23.654443740844727,yahoo_live
2023-08-01,23.817691802978516,yahoo_live
2023-08-02,23.82628631591797,yahoo_live
2023-08-03,23.90361785888672,yahoo_live
2023-08-04,23.663034439086914,yahoo_live
2023-08-07,23.783327102661133,yahoo_live
2023-08-08,23.783327102661133,yahoo_live
2023-08-09,23.774730682373047,yahoo_live
2023-08-10,23.860652923583984,yahoo_live
2023-08-11,24.00672149658203,yahoo_live
2023-08-14,23.92079734802246,yahoo_live
2023-08-15,23.90361785888672,yahoo_live
2023-08-16,23.912206649780273,yahoo_live
2023-08-17,23.912206649780273,yahoo_live
2023-08-18,23.92079734802246,yahoo_live
2023-08-21,24.058277130126953,yahoo_live
2023-08-22,23.98953628540039,yahoo_live
2023-08-23,23.731773376464844,yahoo_live
2023-08-24,23.783327102661133,yahoo_live
2023-08-25,23.877840042114258,yahoo_live
2023-08-28,23.843469619750977,yahoo_live
2023-08-29,23.714588165283203,yahoo_live
2023-08-30,23.83487892150879,yahoo_live
2023-08-31,23.731773376464844,yahoo_live
2023-09-01,23.817691802978516,yahoo_live
2023-09-05,24.041093826293945,yahoo_live
2023-09-06,24.066869735717773,yahoo_live
2023-09-07,23.90361785888672,yahoo_live
2023-09-08,24.015316009521484,yahoo_live
2023-09-11,24.08405303955078,yahoo_live
2023-09-12,24.14419937133789,yahoo_live
2023-09-13,24.118419647216797,yahoo_live
2023-09-14,24.273080825805664,yahoo_live
2023-09-15,24.32463836669922,yahoo_live
2023-09-18,24.32463836669922,yahoo_live
2023-09-19,24.401968002319336,yahoo_live
2023-09-20,24.298858642578125,yahoo_live
2023-09-21,24.453516006469727,yahoo_live
2023-09-22,24.376190185546875,yahoo_live
2023-09-25,24.53944206237793,yahoo_live
2023-09-26,24.642549514770508,yahoo_live
2023-09-27,24.85735511779785,yahoo_live
2023-09-28,24.831579208374023,yahoo_live
2023-09-29,24.831579208374023,yahoo_live
2023-10-02,24.8917236328125,yahoo_live
2023-10-03,25.029199600219727,yahoo_live
2023-10-04,24.70269203186035,yahoo_live
2023-10-05,24.67691421508789,yahoo_live
2023-10-06,24.85735511779785,yahoo_live
2023-10-09,24.625364303588867,yahoo_live
2023-10-10,24.65973472595215,yahoo_live
2023-10-11,24.48788833618164,yahoo_live
2023-10-12,24.6683292388916,yahoo_live
2023-10-13,24.573814392089844,yahoo_live
2023-10-16,24.745655059814453,yahoo_live
2023-10-17,25.054977416992188,yahoo_live
2023-10-18,24.94327735900879,yahoo_live
2023-10-19,25.02060317993164,yahoo_live
2023-10-20,24.85735511779785,yahoo_live
2023-10-23,24.67691421508789,yahoo_live
2023-10-24,24.59099578857422,yahoo_live
2023-10-25,24.822988510131836,yahoo_live
2023-10-26,24.65973472595215,yahoo_live
2023-10-27,24.65973472595215,yahoo_live
2023-10-30,24.59099578857422,yahoo_live
2023-10-31,24.737064361572266,yahoo_live
2023-11-01,24.47929573059082,yahoo_live
2023-11-02,24.290266036987305,yahoo_live
2023-11-03,23.980947494506836,yahoo_live
2023-11-06,24.101238250732422,yahoo_live
2023-11-07,24.03249740600586,yahoo_live
2023-11-08,23.980947494506836,yahoo_live
2023-11-09,24.204345703125,yahoo_live
2023-11-10,24.238712310791016,yahoo_live
2023-11-13,24.264490127563477,yahoo_live
2023-11-14,23.705991744995117,yahoo_live
2023-11-15,23.886432647705078,yahoo_live
2023-11-16,23.680217742919922,yahoo_live
2023-11-17,23.62006950378418,yahoo_live
2023-11-20,23.542743682861328,yahoo_live
2023-11-21,23.551332473754883,yahoo_live
2023-11-22,23.74895668029785,yahoo_live
2023-11-24,23.714588165283203,yahoo_live
2023-11-27,23.559925079345703,yahoo_live
2023-11-28,23.42245101928711,yahoo_live
2023-11-29,23.30215835571289,yahoo_live
2023-11-30,23.448230743408203,yahoo_live
2023-12-01,23.12172508239746,yahoo_live
2023-12-04,23.293567657470703,yahoo_live
2023-12-05,23.104537963867188,yahoo_live
2023-12-06,23.12172508239746,yahoo_live
2023-12-07,22.915508270263672,yahoo_live
2023-12-08,23.164684295654297,yahoo_live
2023-12-11,23.276384353637695,yahoo_live
2023-12-12,23.147502899169922,yahoo_live
2023-12-13,22.984243392944336,yahoo_live
2023-12-14,22.752254486083984,yahoo_live
2023-12-15,22.88973045349121,yahoo_live
2023-12-18,22.872549057006836,yahoo_live
2023-12-19,22.872549057006836,yahoo_live
2023-12-20,22.846771240234375,yahoo_live
2023-12-21,22.786624908447266,yahoo_live
2023-12-22,22.855363845825195,yahoo_live
2023-12-26,22.81239891052246,yahoo_live
2023-12-27,22.83008575439453,yahoo_live
2023-12-28,22.803558349609375,yahoo_live
2023-12-29,22.777036666870117,yahoo_live
2024-01-02,22.83008575439453,yahoo_live
2024-01-03,22.777036666870117,yahoo_live
2024-01-04,22.953872680664062,yahoo_live
2024-01-05,22.874298095703125,yahoo_live
2024-01-08,23.015769958496094,yahoo_live
2024-01-09,23.042293548583984,yahoo_live
2024-01-10,23.25450325012207,yahoo_live
2024-01-11,23.059982299804688,yahoo_live
2024-01-12,23.06882095336914,yahoo_live
2024-01-16,23.210290908813477,yahoo_live
2024-01-17,23.25450325012207,yahoo_live
2024-01-18,23.289871215820312,yahoo_live
2024-01-19,23.325237274169922,yahoo_live
2024-01-22,23.41365623474121,yahoo_live
2024-01-23,23.41365623474121,yahoo_live
2024-01-24,23.334081649780273,yahoo_live
2024-01-25,23.35176658630371,yahoo_live
2024-01-26,23.475549697875977,yahoo_live
2024-01-29,23.502077102661133,yahoo_live
2024-01-30,23.510923385620117,yahoo_live
2024-01-31,23.334081649780273,yahoo_live
2024-02-01,23.555130004882812,yahoo_live
2024-02-02,23.69660186767578,yahoo_live
2024-02-05,23.590497970581055,yahoo_live
2024-02-06,23.599342346191406,yahoo_live
2024-02-07,23.61702537536621,yahoo_live
2024-02-08,23.7054443359375,yahoo_live
2024-02-09,23.776182174682617,yahoo_live
2024-02-12,23.731971740722656,yahoo_live
2024-02-13,23.599342346191406,yahoo_live
2024-02-14,23.731971740722656,yahoo_live
2024-02-15,23.882286071777344,yahoo_live
2024-02-16,23.829233169555664,yahoo_live
2024-02-20,23.65239143371582,yahoo_live
2024-02-21,23.785022735595703,yahoo_live
2024-02-22,24.014915466308594,yahoo_live
2024-02-23,24.076810836791992,yahoo_live
2024-02-26,24.059125900268555,yahoo_live
2024-02-27,24.138702392578125,yahoo_live
2024-02-28,24.085651397705078,yahoo_live
2024-02-29,24.182912826538086,yahoo_live
2024-03-01,24.377439498901367,yahoo_live
2024-03-04,24.430490493774414,yahoo_live
2024-03-05,24.209440231323242,yahoo_live
2024-03-06,24.306699752807617,yahoo_live
2024-03-07,24.386281967163086,yahoo_live
2024-03-08,24.094493865966797,yahoo_live
2024-03-11,23.979549407958984,yahoo_live
2024-03-12,24.059125900268555,yahoo_live
2024-03-13,24.359752655029297,yahoo_live
2024-03-14,24.44817543029785,yahoo_live
2024-03-15,24.563119888305664,yahoo_live
2024-03-18,24.713438034057617,yahoo_live
2024-03-19,24.907960891723633,yahoo_live
2024-03-20,25.09364128112793,yahoo_live
2024-03-21,25.243955612182617,yahoo_live
2024-03-22,25.146692276000977,yahoo_live
2024-03-25,25.173221588134766,yahoo_live
2024-03-26,25.108314514160156,yahoo_live
2024-03-27,25.143878936767578,yahoo_live
2024-03-28,25.499521255493164,yahoo_live
2024-04-01,25.757360458374023,yahoo_live
2024-04-02,25.6684513092041,yahoo_live
2024-04-03,25.686233520507812,yahoo_live
2024-04-04,25.38393783569336,yahoo_live
2024-04-05,25.748470306396484,yahoo_live
2024-04-08,25.89072608947754,yahoo_live
2024-04-09,25.739580154418945,yahoo_live
2024-04-10,26.228588104248047,yahoo_live
2024-04-11,26.388626098632812,yahoo_live
2024-04-12,26.024093627929688,yahoo_live
2024-04-15,26.35306167602539,yahoo_live
2024-04-16,26.29082679748535,yahoo_live
2024-04-17,25.89072608947754,yahoo_live
2024-04-18,25.97963523864746,yahoo_live
2024-04-19,26.015201568603516,yahoo_live
2024-04-22,25.988529205322266,yahoo_live
2024-04-23,26.193023681640625,yahoo_live
2024-04-24,26.210805892944336,yahoo_live
2024-04-25,26.219696044921875,yahoo_live
2024-04-26,26.85984992980957,yahoo_live
2024-04-29,26.486427307128906,yahoo_live
2024-04-30,26.61090087890625,yahoo_live
2024-05-01,26.36195182800293,yahoo_live
2024-05-02,25.846271514892578,yahoo_live
2024-05-03,25.766252517700195,yahoo_live
2024-05-06,25.926292419433594,yahoo_live
2024-05-07,26.077436447143555,yahoo_live
2024-05-08,26.184133529663086,yahoo_live
2024-05-09,26.3174991607666,yahoo_live
2024-05-10,26.299715042114258,yahoo_live
2024-05-13,26.406408309936523,yahoo_live
2024-05-14,26.34416961669922,yahoo_live
2024-05-15,26.104114532470703,yahoo_live
2024-05-16,26.17523956298828,yahoo_live
2024-05-17,26.415300369262695,yahoo_live
2024-05-20,26.584228515625,yahoo_live
2024-05-21,26.530879974365234,yahoo_live
2024-05-22,26.397518157958984,yahoo_live
2024-05-23,26.335281372070312,yahoo_live
2024-05-24,26.388626098632812,yahoo_live
2024-05-28,26.673139572143555,yahoo_live
2024-05-29,26.593120574951172,yahoo_live
2024-05-30,26.397518157958984,yahoo_live
2024-05-31,26.35306167602539,yahoo_live
2024-06-03,26.11300277709961,yahoo_live
2024-06-04,25.686233520507812,yahoo_live
2024-06-05,25.970746994018555,yahoo_live
2024-06-06,26.03298568725586,yahoo_live
2024-06-07,26.246366500854492,yahoo_live
2024-06-10,26.477535247802734,yahoo_live
2024-06-11,26.406408309936523,yahoo_live
2024-06-12,26.3174991607666,yahoo_live
2024-06-13,26.13967514038086,yahoo_live
2024-06-14,26.13967514038086,yahoo_live
2024-06-17,26.388626098632812,yahoo_live
2024-06-18,26.388626098632812,yahoo_live
2024-06-20,26.717592239379883,yahoo_live
2024-06-21,26.637571334838867,yahoo_live
2024-06-24,26.7442684173584,yahoo_live
2024-06-25,26.682031631469727,yahoo_live
2024-06-26,26.833179473876953,yahoo_live
2024-06-27,26.863662719726562,yahoo_live
2024-06-28,26.953325271606445,yahoo_live
2024-07-01,27.392690658569336,yahoo_live
2024-07-02,27.30302619934082,yahoo_live
2024-07-03,27.311986923217773,yahoo_live
2024-07-05,27.276124954223633,yahoo_live
2024-07-08,27.141626358032227,yahoo_live
2024-07-09,27.258190155029297,yahoo_live
2024-07-10,27.41958999633789,yahoo_live
2024-07-11,27.042993545532227,yahoo_live
2024-07-12,26.989194869995117,yahoo_live
2024-07-15,27.007129669189453,yahoo_live
2024-07-16,27.16852569580078,yahoo_live
2024-07-17,26.69329833984375,yahoo_live
2024-07-18,26.71123504638672,yahoo_live
2024-07-19,26.603635787963867,yahoo_live
2024-07-22,26.756065368652344,yahoo_live
2024-07-23,26.531902313232422,yahoo_live
2024-07-24,26.209110260009766,yahoo_live
2024-07-25,26.04770851135254,yahoo_live
2024-07-26,26.119443893432617,yahoo_live
2024-07-29,26.038747787475586,yahoo_live
2024-07-30,25.931148529052734,yahoo_live
2024-07-31,25.949081420898438,yahoo_live
2024-08-01,25.48282241821289,yahoo_live
2024-08-02,24.639970779418945,yahoo_live
2024-08-05,24.048181533813477,yahoo_live
2024-08-06,24.110944747924805,yahoo_live
2024-08-07,24.173709869384766,yahoo_live
2024-08-08,24.47857093811035,yahoo_live
2024-08-09,24.49650764465332,yahoo_live
2024-08-12,24.63100242614746,yahoo_live
2024-08-13,24.747568130493164,yahoo_live
2024-08-14,24.765501022338867,yahoo_live
2024-08-15,25.025527954101562,yahoo_live
2024-08-16,25.115196228027344,yahoo_live
2024-08-19,25.19589614868164,yahoo_live
2024-08-20,25.061399459838867,yahoo_live
2024-08-21,25.04346466064453,yahoo_live
2024-08-22,25.07036018371582,yahoo_live
2024-08-23,25.034496307373047,yahoo_live
2024-08-26,25.061399459838867,yahoo_live
2024-08-27,25.007593154907227,yahoo_live
2024-08-28,24.998632431030273,yahoo_live
2024-08-29,25.079328536987305,yahoo_live
2024-08-30,25.15106201171875,yahoo_live
2024-09-03,24.97173309326172,yahoo_live
2024-09-04,24.917932510375977,yahoo_live
2024-09-05,24.94483184814453,yahoo_live
2024-09-06,24.73859977722168,yahoo_live
2024-09-09,24.846200942993164,yahoo_live
2024-09-10,24.935863494873047,yahoo_live
2024-09-11,24.962764739990234,yahoo_live
2024-09-12,25.025527954101562,yahoo_live
2024-09-13,25.097261428833008,yahoo_live
2024-09-16,25.177959442138672,yahoo_live
2024-09-17,25.133129119873047,yahoo_live
2024-09-18,25.016563415527344,yahoo_live
2024-09-19,25.26762580871582,yahoo_live
2024-09-20,25.357288360595703,yahoo_live
2024-09-23,25.357288360595703,yahoo_live
2024-09-24,25.500755310058594,yahoo_live
2024-09-25,25.464889526367188,yahoo_live
2024-09-26,25.581453323364258,yahoo_live
2024-09-27,25.482852935791016,yahoo_live
2024-09-30,25.446666717529297,yahoo_live
2024-10-01,25.473804473876953,yahoo_live
2024-10-02,25.500944137573242,yahoo_live
2024-10-03,25.22051239013672,yahoo_live
2024-10-04,25.13005256652832,yahoo_live
2024-10-07,24.94008445739746,yahoo_live
2024-10-08,24.93103790283203,yahoo_live
2024-10-09,24.93103790283203,yahoo_live
2024-10-10,24.858671188354492,yahoo_live
2024-10-11,24.985315322875977,yahoo_live
2024-10-14,24.994361877441406,yahoo_live
2024-10-15,24.921993255615234,yahoo_live
2024-10-16,25.003406524658203,yahoo_live
2024-10-17,24.894855499267578,yahoo_live
2024-10-18,25.012454986572266,yahoo_live
2024-10-21,24.813440322875977,yahoo_live
2024-10-22,24.804393768310547,yahoo_live
2024-10-23,24.569196701049805,yahoo_live
2024-10-24,24.659658432006836,yahoo_live
2024-10-25,24.614423751831055,yahoo_live
2024-10-28,24.704885482788086,yahoo_live
2024-10-29,24.77725601196289,yahoo_live
2024-10-30,24.59633445739746,yahoo_live
2024-10-31,24.361133575439453,yahoo_live
2024-11-01,24.397319793701172,yahoo_live
2024-11-04,24.306861877441406,yahoo_live
2024-11-05,24.379226684570312,yahoo_live
2024-11-06,24.460643768310547,yahoo_live
2024-11-07,24.695838928222656,yahoo_live
2024-11-08,24.623470306396484,yahoo_live
2024-11-11,24.551103591918945,yahoo_live
2024-11-12,24.514917373657227,yahoo_live
2024-11-13,24.52396583557129,yahoo_live
2024-11-14,24.397319793701172,yahoo_live
2024-11-15,24.379226684570312,yahoo_live
2024-11-18,24.38827133178711,yahoo_live
2024-11-19,24.379226684570312,yahoo_live
2024-11-20,24.478734970092773,yahoo_live
2024-11-21,24.542055130004883,yahoo_live
2024-11-22,24.650609970092773,yahoo_live
2024-11-25,24.542055130004883,yahoo_live
2024-11-26,24.623470306396484,yahoo_live
2024-11-27,24.469688415527344,yahoo_live
2024-11-29,24.614423751831055,yahoo_live
2024-12-02,24.713932037353516,yahoo_live
2024-12-03,24.695838928222656,yahoo_live
2024-12-04,24.77725601196289,yahoo_live
2024-12-05,24.614423751831055,yahoo_live
2024-12-06,24.741069793701172,yahoo_live
2024-12-09,24.750118255615234,yahoo_live
2024-12-10,24.732027053833008,yahoo_live
2024-12-11,24.87676239013672,yahoo_live
2024-12-12,24.76820945739746,yahoo_live
2024-12-13,24.560148239135742,yahoo_live
2024-12-16,24.551103591918945,yahoo_live
2024-12-17,24.560148239135742,yahoo_live
2024-12-18,24.343042373657227,yahoo_live
2024-12-19,24.279720306396484,yahoo_live
2024-12-20,24.297815322875977,yahoo_live
2024-12-23,24.361133575439453,yahoo_live
2024-12-24,24.451595306396484,yahoo_live
2024-12-26,24.38827133178711,yahoo_live
2024-12-27,24.361194610595703,yahoo_live
2024-12-30,24.286497116088867,yahoo_live
2024-12-31,24.426557540893555,yahoo_live
2025-01-02,24.60396957397461,yahoo_live
2025-01-03,24.59463119506836,yahoo_live
2025-01-06,24.510595321655273,yahoo_live
2025-01-07,24.58529281616211,yahoo_live
2025-01-08,24.734691619873047,yahoo_live
2025-01-10,24.996137619018555,yahoo_live
2025-01-13,25.070837020874023,yahoo_live
2025-01-14,24.874752044677734,yahoo_live
2025-01-15,24.90276336669922,yahoo_live
2025-01-16,24.874752044677734,yahoo_live
2025-01-17,24.958786010742188,yahoo_live
2025-01-21,24.697341918945312,yahoo_live
2025-01-22,24.753366470336914,yahoo_live
2025-01-23,24.8187255859375,yahoo_live
2025-01-24,24.631980895996094,yahoo_live
2025-01-27,24.463909149169922,yahoo_live
2025-01-28,24.64131736755371,yahoo_live
2025-01-29,24.622642517089844,yahoo_live
2025-01-30,24.688005447387695,yahoo_live
2025-01-31,24.716014862060547,yahoo_live
2025-02-03,24.76270294189453,yahoo_live
2025-02-04,24.65065574645996,yahoo_live
2025-02-05,24.58529281616211,yahoo_live
2025-02-06,24.622642517089844,yahoo_live
2025-02-07,24.716014862060547,yahoo_live
2025-02-10,24.94011116027832,yahoo_live
2025-02-11,24.94944953918457,yahoo_live
2025-02-12,25.005474090576172,yahoo_live
2025-02-13,24.930776596069336,yahoo_live
2025-02-14,24.678667068481445,yahoo_live
2025-02-18,25.052162170410156,yahoo_live
2025-02-19,24.930776596069336,yahoo_live
2025-02-20,24.790714263916016,yahoo_live
2025-02-21,24.52927017211914,yahoo_live
2025-02-24,24.482582092285156,yahoo_live
2025-02-25,24.23047637939453,yahoo_live
2025-02-26,24.239809036254883,yahoo_live
2025-02-27,24.2117977142334,yahoo_live
2025-02-28,24.14643669128418,yahoo_live
2025-03-03,23.987703323364258,yahoo_live
2025-03-04,23.800954818725586,yahoo_live
2025-03-05,23.77294158935547,yahoo_live
2025-03-06,23.65155601501465,yahoo_live
2025-03-07,23.688905715942383,yahoo_live
2025-03-10,23.240711212158203,yahoo_live
2025-03-11,23.231374740600586,yahoo_live
2025-03-12,23.427459716796875,yahoo_live
2025-03-13,23.446134567260742,yahoo_live
2025-03-14,23.670230865478516,yahoo_live
2025-03-17,23.76360321044922,yahoo_live
2025-03-18,23.82896614074707,yahoo_live
2025-03-19,23.83830451965332,yahoo_live
2025-03-20,23.77294158935547,yahoo_live
2025-03-21,23.76360321044922,yahoo_live
2025-03-24,23.791614532470703,yahoo_live
2025-03-25,23.82896614074707,yahoo_live
2025-03-26,23.83830451965332,yahoo_live
2025-03-27,23.912588119506836,yahoo_live
2025-03-28,23.81855583190918,yahoo_live
2025-03-31,23.752731323242188,yahoo_live
2025-04-01,23.79974937438965,yahoo_live
2025-04-02,23.733928680419922,yahoo_live
2025-04-03,23.50824737548828,yahoo_live
2025-04-04,23.22614860534668,yahoo_live
2025-04-07,23.17913055419922,yahoo_live
2025-04-08,23.14151954650879,yahoo_live
2025-04-09,23.602283477783203,yahoo_live
2025-04-10,23.470632553100586,yahoo_live
2025-04-11,23.55526351928711,yahoo_live
2025-04-14,23.45182991027832,yahoo_live
2025-04-15,23.564666748046875,yahoo_live
2025-04-16,23.649295806884766,yahoo_live
2025-04-17,23.630491256713867,yahoo_live
2025-04-21,23.611684799194336,yahoo_live
2025-04-22,23.771541595458984,yahoo_live
2025-04-23,23.743330001831055,yahoo_live
2025-04-24,23.81855583190918,yahoo_live
2025-04-25,23.931394577026367,yahoo_live
2025-04-28,23.809152603149414,yahoo_live
2025-04-29,23.743330001831055,yahoo_live
2025-04-30,23.752731323242188,yahoo_live
2025-05-01,23.592876434326172,yahoo_live
2025-05-02,23.564666748046875,yahoo_live
2025-05-05,23.62108612060547,yahoo_live
2025-05-06,23.86557388305664,yahoo_live
2025-05-07,23.780941009521484,yahoo_live
2025-05-08,23.696311950683594,yahoo_live
2025-05-09,23.79974937438965,yahoo_live
2025-05-12,23.677507400512695,yahoo_live
2025-05-13,23.696311950683594,yahoo_live
2025-05-14,23.630491256713867,yahoo_live
2025-05-15,23.72452163696289,yahoo_live
2025-05-16,23.686912536621094,yahoo_live
2025-05-19,23.715120315551758,yahoo_live
2025-05-20,23.762136459350586,yahoo_live
2025-05-21,23.733928680419922,yahoo_live
2025-05-22,23.686912536621094,yahoo_live
2025-05-23,23.81855583190918,yahoo_live
2025-05-27,23.752731323242188,yahoo_live
2025-05-28,23.715120315551758,yahoo_live
2025-05-29,23.752731323242188,yahoo_live
2025-05-30,23.715120315551758,yahoo_live
2025-06-02,23.856168746948242,yahoo_live
2025-06-03,23.790346145629883,yahoo_live
2025-06-04,23.912588119506836,yahoo_live
2025-06-05,23.86557388305664,yahoo_live
2025-06-06,23.79974937438965,yahoo_live
2025-06-09,23.809152603149414,yahoo_live
2025-06-10,23.81855583190918,yahoo_live
2025-06-11,23.959604263305664,yahoo_live
2025-06-12,24.081850051879883,yahoo_live
2025-06-13,24.157075881958008,yahoo_live
2025-06-16,24.10065460205078,yahoo_live
2025-06-17,24.119461059570312,yahoo_live
2025-06-18,24.119461059570312,yahoo_live
2025-06-20,24.138267517089844,yahoo_live
2025-06-23,24.119461059570312,yahoo_live
2025-06-24,24.204090118408203,yahoo_live
2025-06-25,24.222898483276367,yahoo_live
2025-06-26,24.34514045715332,yahoo_live
2025-06-27,24.327157974243164,yahoo_live
2025-06-30,24.355552673339844,yahoo_live
2025-07-01,24.37448501586914,yahoo_live
2025-07-02,24.440746307373047,yahoo_live
2025-07-03,24.393417358398438,yahoo_live
2025-07-07,24.317689895629883,yahoo_live
2025-07-08,24.336620330810547,yahoo_live
2025-07-09,24.383949279785156,yahoo_live
2025-07-10,24.346086502075195,yahoo_live
2025-07-11,24.37448501586914,yahoo_live
2025-07-14,24.336620330810547,yahoo_live
2025-07-15,24.232498168945312,yahoo_live
2025-07-16,24.336620330810547,yahoo_live
2025-07-17,24.336620330810547,yahoo_live
2025-07-18,24.402883529663086,yahoo_live
2025-07-21,24.497541427612305,yahoo_live
2025-07-22,24.554336547851562,yahoo_live
2025-07-23,24.61113166809082,yahoo_live
2025-07-24,24.56380271911621,yahoo_live
2025-07-25,24.544872283935547,yahoo_live
2025-07-28,24.440746307373047,yahoo_live
2025-07-29,24.42181396484375,yahoo_live
2025-07-30,24.260894775390625,yahoo_live
2025-07-31,24.24196434020996,yahoo_live
2025-08-01,24.071578979492188,yahoo_live
2025-08-04,24.251428604125977,yahoo_live
2025-08-05,24.24196434020996,yahoo_live
2025-08-06,24.27035903930664,yahoo_live
2025-08-07,24.37448501586914,yahoo_live
2025-08-08,24.37448501586914,yahoo_live
2025-08-11,24.346086502075195,yahoo_live
2025-08-12,24.535402297973633,yahoo_live
2025-08-13,24.667924880981445,yahoo_live
2025-08-14,24.582731246948242,yahoo_live
2025-08-15,24.535402297973633,yahoo_live
2025-08-18,24.573266983032227,yahoo_live
2025-08-19,24.440746307373047,yahoo_live
2025-08-20,24.4123477935791,yahoo_live
2025-08-21,24.4123477935791,yahoo_live
2025-08-22,24.762584686279297,yahoo_live
2025-08-25,24.64899444580078,yahoo_live
2025-08-26,24.620595932006836,yahoo_live
2025-08-27,24.61113166809082,yahoo_live
2025-08-28,24.696321487426758,yahoo_live
2025-08-29,24.56380271911621,yahoo_live
2025-09-02,24.630062103271484,yahoo_live
2025-09-03,24.724720001220703,yahoo_live
2025-09-04,24.87617301940918,yahoo_live
2025-09-05,24.96136474609375,yahoo_live
2025-09-08,25.169612884521484,yahoo_live
2025-09-09,25.198013305664062,yahoo_live
2025-09-10,25.32106590270996,yahoo_live
2025-09-11,25.5103816986084,yahoo_live
2025-09-12,25.500917434692383,yahoo_live
2025-09-15,25.709165573120117,yahoo_live
2025-09-16,25.661836624145508,yahoo_live
2025-09-17,25.623971939086914,yahoo_live
2025-09-18,25.69969940185547,yahoo_live
2025-09-19,25.709165573120117,yahoo_live
2025-09-22,25.813289642333984,yahoo_live
2025-09-23,25.841684341430664,yahoo_live
2025-09-24,25.80382537841797,yahoo_live
2025-09-25,25.794357299804688,yahoo_live
2025-09-26,25.851152420043945,yahoo_live
2025-09-29,25.956768035888672,yahoo_live
2025-09-30,25.985313415527344,yahoo_live
2025-10-01,26.080463409423828,yahoo_live
2025-10-02,26.11852264404297,yahoo_live
2025-10-03,26.223186492919922,yahoo_live
2025-10-06,26.736995697021484,yahoo_live
2025-10-07,26.794082641601562,yahoo_live
2025-10-08,27.136621475219727,yahoo_live
2025-10-09,26.822628021240234,yahoo_live
2025-10-10,25.86161994934082,yahoo_live
2025-10-13,26.613298416137695,yahoo_live
2025-10-14,26.65135955810547,yahoo_live
2025-10-15,26.83214569091797,yahoo_live
2025-10-16,27.00341033935547,yahoo_live
2025-10-17,26.851171493530273,yahoo_live
2025-10-20,27.307891845703125,yahoo_live
2025-10-21,27.050987243652344,yahoo_live
2025-10-22,26.974868774414062,yahoo_live
2025-10-23,27.00341033935547,yahoo_live
2025-10-24,27.117591857910156,yahoo_live
2025-10-27,27.18419647216797,yahoo_live
2025-10-28,27.098562240600586,yahoo_live
2025-10-29,27.00341033935547,yahoo_live
2025-10-30,27.03195571899414,yahoo_live
2025-10-31,26.993898391723633,yahoo_live
2025-11-03,27.041473388671875,yahoo_live
2025-11-04,26.67990493774414,yahoo_live
2025-11-05,26.822628021240234,yahoo_live
2025-11-06,26.70844841003418,yahoo_live
2025-11-07,26.784568786621094,yahoo_live
2025-11-10,27.089046478271484,yahoo_live
2025-11-11,27.260316848754883,yahoo_live
2025-11-12,27.50770378112793,yahoo_live
2025-11-13,27.21274185180664,yahoo_live
2025-11-14,27.03195571899414,yahoo_live
2025-11-17,26.974868774414062,yahoo_live
2025-11-18,26.95583724975586,yahoo_live
2025-11-19,27.117591857910156,yahoo_live
2025-11-20,27.127107620239258,yahoo_live
2025-11-21,27.089046478271484,yahoo_live
2025-11-24,27.307891845703125,yahoo_live
2025-11-25,27.374496459960938,yahoo_live
2025-11-26,27.526735305786133,yahoo_live
2025-11-28,27.50770378112793,yahoo_live
2025-12-01,27.279346466064453,yahoo_live
2025-12-02,27.3554630279541,yahoo_live
2025-12-03,27.374496459960938,yahoo_live
2025-12-04,27.26983070373535,yahoo_live
2025-12-05,27.288860321044922,yahoo_live
2025-12-08,27.26983070373535,yahoo_live
2025-12-09,27.431583404541016,yahoo_live
2025-12-10,27.5362491607666,yahoo_live
2025-12-11,27.621885299682617,yahoo_live
2025-12-12,27.564794540405273,yahoo_live
2025-12-15,27.526735305786133,yahoo_live
2025-12-16,27.44110107421875,yahoo_live
2025-12-17,27.498188018798828,yahoo_live
2025-12-18,27.5362491607666,yahoo_live
2025-12-19,27.878786087036133,yahoo_live
2025-12-22,27.98345184326172,yahoo_live
2025-12-23,28.04054069519043,yahoo_live
2025-12-24,28.01199722290039,yahoo_live
2025-12-26,28.192779541015625,yahoo_live
2025-12-29,27.859758377075195,yahoo_live
2025-12-30,27.88750457763672,yahoo_live
2025-12-31,27.808223724365234,yahoo_live
2026-01-02,27.897417068481445,yahoo_live
2026-01-05,28.105531692504883,yahoo_live
2026-01-06,28.184814453125,yahoo_live
2026-01-07,28.0757999420166,yahoo_live
2026-01-08,28.026248931884766,yahoo_live
2026-01-09,28.24427604675293,yahoo_live
2026-01-12,28.591135025024414,yahoo_live
2026-01-13,28.551494598388672,yahoo_live
2026-01-14,28.650596618652344,yahoo_live
2026-01-15,28.601045608520508,yahoo_live
2026-01-16,28.452390670776367,yahoo_live
2026-01-20,28.501943588256836,yahoo_live
2026-01-21,28.928085327148438,yahoo_live
2026-01-22,29.225393295288086,yahoo_live
2026-01-23,29.096561431884766,yahoo_live
2026-01-26,29.03709602355957,yahoo_live
2026-01-27,29.60198402404785,yahoo_live
2026-01-28,29.800188064575195,yahoo_live
2026-01-29,29.919113159179688,yahoo_live
2026-01-30,28.928085327148438,yahoo_live
2026-02-02,28.809162139892578,yahoo_live
2026-02-03,29.33440589904785,yahoo_live
2026-02-04,29.41368865966797,yahoo_live
2026-02-05,28.93799591064453,yahoo_live
2026-02-06,29.889379501342773,yahoo_live
2026-02-09,30.34525489807129,yahoo_live
2026-02-10,30.246150970458984,yahoo_live
2026-02-11,30.355161666870117,yahoo_live
2026-02-12,29.889379501342773,yahoo_live
2026-02-13,30.107404708862305,yahoo_live
2026-02-17,29.909202575683594,yahoo_live
2026-02-18,30.275882720947266,yahoo_live
2026-02-19,30.335344314575195,yahoo_live
2026-02-20,30.692113876342773,yahoo_live
2026-02-23,30.672292709350586,yahoo_live
2026-02-24,30.83085823059082,yahoo_live
2026-02-25,31.038970947265625,yahoo_live
2026-02-26,30.959692001342773,yahoo_live
2026-02-27,31.187625885009766,yahoo_live
2026-03-02,31.00924301147461,yahoo_live
2026-03-03,30.047945022583008,yahoo_live
2026-03-04,30.335344314575195,yahoo_live
2026-03-05,29.978574752807617,yahoo_live
2026-03-06,30.53354835510254,yahoo_live
2026-03-09,30.5930118560791,yahoo_live
2026-03-10,30.6524715423584,yahoo_live
2026-03-11,30.612831115722656,yahoo_live
2026-03-12,30.622739791870117,yahoo_live
2026-03-13,30.38489532470703,yahoo_live
2026-03-16,30.543458938598633,yahoo_live
2026-03-17,30.791215896606445,yahoo_live
2026-03-18,30.53354835510254,yahoo_live
2026-03-19,29.96866226196289,yahoo_live
2026-03-20,29.542522430419922,yahoo_live
2026-03-23,29.284852981567383,yahoo_live
2026-03-24,29.443418502807617,yahoo_live
2026-03-25,29.641624450683594,yahoo_live
2026-03-26,29.59207534790039,yahoo_live
2026-03-27,29.95875358581543,yahoo_live
2026-03-30,30.0572509765625,yahoo_live
2026-03-31,29.997554779052734,yahoo_live
2026-04-01,30.0572509765625,yahoo_live
2026-04-02,30.15674591064453,yahoo_live
2026-04-06,30.286088943481445,yahoo_live
2026-04-07,30.276140213012695,yahoo_live
2026-04-08,30.02740478515625,yahoo_live
2026-04-09,30.1169490814209,yahoo_live
2026-04-10,30.176645278930664,yahoo_live
2026-04-13,30.286088943481445,yahoo_live
2026-04-14,30.14679718017578,yahoo_live
2026-04-15,30.10700035095215,yahoo_live
2026-04-16,30.266189575195312,yahoo_live
2026-04-17,29.818464279174805,yahoo_live
2026-04-20,30.017454147338867,yahoo_live
2026-04-21,30.176645278930664,yahoo_live
2026-04-22,30.256240844726562,yahoo_live
2026-04-23,30.315937042236328,yahoo_live
2026-04-24,30.355735778808594,yahoo_live
2026-04-27,30.465179443359375,yahoo_live
2026-04-28,30.564672470092773,yahoo_live
2026-04-29,30.9626522064209,yahoo_live
2026-04-30,30.405481338500977,yahoo_live
2026-05-01,30.375635147094727,yahoo_live
2026-05-04,30.544775009155273,yahoo_live
2026-05-05,30.584571838378906,yahoo_live
2026-05-06,30.296039581298828,yahoo_live
2026-05-07,30.395532608032227,yahoo_live
2026-05-08,30.534826278686523,yahoo_live
2026-05-11,30.863157272338867,yahoo_live
2026-05-12,30.863157272338867,yahoo_live
2026-05-13,30.9626522064209,yahoo_live
2026-05-14,31.08204460144043,yahoo_live
2026-05-15,31.072093963623047,yahoo_live
2026-05-18,31.151689529418945,yahoo_live
2026-05-19,31.161640167236328,yahoo_live
2026-05-20,30.952701568603516,yahoo_live
2026-05-21,30.952701568603516,yahoo_live
2026-05-22,30.932802200317383,yahoo_live
2026-05-26,31.01239776611328,yahoo_live
2026-05-27,30.853206634521484,yahoo_live
2026-05-28,30.883056640625,yahoo_live
2026-05-29,30.843257904052734,yahoo_live
2026-06-01,31.131792068481445,yahoo_live
2026-06-02,31.251184463500977,yahoo_live
2026-06-03,31.26113510131836,yahoo_live
2026-06-04,31.131792068481445,yahoo_live
2026-06-05,30.504976272583008,yahoo_live
2026-06-08,30.713916778564453,yahoo_live
2026-06-09,30.624370574951172,yahoo_live
2026-06-10,30.644268035888672,yahoo_live
2026-06-11,30.584571838378906,yahoo_live
2026-06-12,30.664167404174805,yahoo_live
2026-06-15,30.72386360168457,yahoo_live
2026-06-16,30.475128173828125,yahoo_live
2026-06-17,30.51492691040039,yahoo_live
2026-06-18,30.763662338256836,yahoo_live
2026-06-22,30.80345916748047,yahoo_live
2026-06-23,30.41543197631836,yahoo_live
2026-06-24,30.286088943481445,yahoo_live
2026-06-25,30.365684509277344,yahoo_live
2026-06-26,30.10700035095215,yahoo_live
2026-06-29,30.3700008392334,yahoo_live
2026-06-30,30.610000610351562,yahoo_live
2026-07-01,30.520000457763672,yahoo_live
2026-07-02,30.329999923706055,yahoo_live
2026-07-06,30.649999618530273,yahoo_live
2026-07-07,30.68000030517578,yahoo_live
2026-07-08,30.799999237060547,yahoo_live
2026-07-09,30.760000228881836,yahoo_live
2026-07-10,30.799999237060547,yahoo_live
2026-07-13,30.989999771118164,yahoo_live
2026-07-14,31.020000457763672,yahoo_live
2026-07-15,30.989999771118164,yahoo_live
2026-07-16,30.8799991607666,yahoo_live
2026-07-17,30.8700008392334,yahoo_live
2026-07-20,30.940000534057617,yahoo_live
2026-07-21,31.31999969482422,yahoo_live
2026-07-22,31.389999389648438,yahoo_live
2026-07-23,31.489999771118164,yahoo_live
2026-07-24,31.40999984741211,yahoo_live
2026-07-27,31.270000457763672,yahoo_live
2026-07-28,31.040000915527344,yahoo_live
2026-07-29,31.030000686645508,yahoo_live
2026-07-30,30.84000015258789,yahoo_live
2026-07-31,30.920000076293945,yahoo_live
2026-08-03,30.6299991607666,yahoo_live
2026-08-04,30.690000534057617,yahoo_live
2026-08-05,30.700000762939453,yahoo_live
2026-08-06,30.940000534057617,yahoo_live
2026-08-07,30.93000030517578,yahoo_live
2026-08-10,31.31999969482422,yahoo_live
2026-08-11,31.32999992370605,yahoo_live
2026-08-12,31.43000030517578,yahoo_live
2026-08-13,31.31999969482422,yahoo_live
2026-08-14,31.350000381469727,yahoo_live
2026-08-17,31.540000915527344,yahoo_live
2026-08-18,31.270000457763672,yahoo_live
2026-08-19,30.940000534057617,yahoo_live
